# Time,Potential,Kinetic En.,Box-XX,Box-XY,Box-XZ,Box-YX,Box-YY,Box-YZ,Box-ZX,Box-ZY,Box-ZZ,Volume,Density,Temperature
0.0,-69275.46213436595,6.934839511116381e-05,3.941,0.0,0.0,0.0,3.941,0.0,0.0,0.0,3.941,61.20956662099999,1.6380672232255447,1.3509385808962005e-06
0.0,-69275.46216713736,6.934721482242425e-05,3.940999877975925,0.0,0.0,1.5568740792710622e-08,3.9409999128492044,0.0,3.7688165267036027e-08,5.87129117429757e-08,3.9409999583391127,61.20956272514927,1.6380673274848319,1.3509155883295764e-06
0.0,-69275.46271058565,6.934708137023709e-05,3.940999868522355,0.0,0.0,1.251116642125765e-08,3.940999906013084,0.0,3.8447982199082874e-08,6.389788684311541e-08,3.940999958543356,61.209562475318464,1.63806733417071,1.3509129886196905e-06
0.0,-69275.46311143489,6.934717697676054e-05,3.9409998686396746,0.0,0.0,7.2098326905037765e-09,3.9409998930269126,0.0,4.085595637920125e-08,6.994057431153285e-08,3.9409999557050863,61.20956223136361,1.638067340699338,1.3509148510786689e-06
0.0,-69275.46322158203,6.934718896656009e-05,3.940999868351538,0.0,0.0,4.847148375991961e-09,3.940999889544262,0.0,4.269298328981065e-08,7.039211828653329e-08,3.940999954760345,61.20956215812448,1.6380673426593364,1.3509150846454697e-06
