# Time,Potential,Kinetic En.,Box-XX,Box-XY,Box-XZ,Box-YX,Box-YY,Box-YZ,Box-ZX,Box-ZY,Box-ZZ,Volume,Density,Temperature
0.0,-72617.81776082591,0.04366686824487053,4.692,0.0,0.0,-2.345999999999999,4.063391194556586,0.0,0.0,0.0,4.4159999999999995,84.19294543713956,0.6139870477142951,0.0006754008592015186
