# Time,Potential,Kinetic En.,Box-XX,Box-XY,Box-XZ,Box-YX,Box-YY,Box-YZ,Box-ZX,Box-ZY,Box-ZZ,Volume,Density,Temperature
0.0,-288138.0813097293,0.10228213796845075,4.157500000000001,0.0,0.0,0.0,4.227600000000001,0.0,-1.3665463773994542,0.0,4.339412546464835,76.27058675156495,1.1509659559127805,0.0009763264771643331
0.0,-288149.37893080706,0.13212642686395626,4.167554236588544,0.0,0.0,-0.0019269918068895568,4.219941101205929,0.0,-1.3763241954940995,-0.007130983880395177,4.332316172888314,76.19172283146553,1.152157288564295,0.0012612028985959146
0.0,-288149.81306818913,0.1337436647244292,4.167734764043818,0.0,0.0,-0.0019403156785149304,4.219805766413214,0.0,-1.3763719057078965,-0.007259370097185925,4.332092809273893,76.18865135551042,1.1522037367340074,0.0012766401213057034
0.0,-288149.828250066,0.13374889988833724,4.167738410741569,0.0,0.0,-0.0019398979601799719,4.219804206501364,0.0,-1.37637175876247,-0.007259894134237654,4.332091496463402,76.1886667665923,1.1522035036717044,0.0012766900931701682
0.0,-288149.82853155985,0.13374909054004394,4.16773848001354,0.0,0.0,-0.0019398847810745913,4.219804174663884,0.0,-1.376371756554556,-0.007259905069569305,4.332091471309118,76.1886670157081,1.1522034999043187,0.001276691913021736
