# Time,Potential,Kinetic En.,Box-XX,Box-XY,Box-XZ,Box-YX,Box-YY,Box-YZ,Box-ZX,Box-ZY,Box-ZZ,Volume,Density,Temperature
0.0,-86060.76431787865,0.03797933612304144,4.083100000000001,0.0,0.0,0.0,4.0656,0.0,0.0,0.0,4.5378,75.328620621408,1.2162530761824086,0.00037763427566778033
