# Time,Potential,Kinetic En.,Box-XX,Box-XY,Box-XZ,Box-YX,Box-YY,Box-YZ,Box-ZX,Box-ZY,Box-ZZ,Volume,Density,Temperature
0.0,22417.87465368039,0.05730771487332642,4.789000000000001,0.0,0.0,0.0,3.7296,0.0,-1.966824778377084,0.0,4.606699609390864,82.28051232778898,0.9907745862532754,0.0004376211955512398
