# Time,Potential,Kinetic En.,Box-XX,Box-XY,Box-XZ,Box-YX,Box-YY,Box-YZ,Box-ZX,Box-ZY,Box-ZZ,Volume,Density,Temperature
0.0,-514245.07387256046,0.03985849136278615,3.8822000000000005,0.0,0.0,0.0,5.7728,0.0,-0.0975494109670997,0.0,4.776403968721654,107.04477343749652,1.5880145965462047,0.0002959181867069411
0.0,-514248.0474574887,0.04016280892563682,3.8822010855479516,0.0,0.0,-2.267834195263214e-05,5.772269626525673,0.0,-0.09766990888857725,0.00023924953225931366,4.776601147246405,107.03938727060692,1.588094504623579,0.00029817750707514555
0.0,-514248.4802962789,0.040223021117584065,3.8822238084271397,0.0,0.0,-3.469029486476068e-05,5.7722173440468705,0.0,-0.09768763131562846,0.0002477726650750392,4.776605527134706,107.03914241340857,1.5880981374663161,0.0002986245356015517
0.0,-514248.4824426463,0.040222841036280835,3.882223781998729,0.0,0.0,-3.478443894772138e-05,5.772216858231343,0.0,-0.09768780721959854,0.00024774132356853253,4.77660538227117,107.03912942959144,1.5880983301021863,0.00029862319863843825
