# Time,Potential,Kinetic En.,Box-XX,Box-XY,Box-XZ,Box-YX,Box-YY,Box-YZ,Box-ZX,Box-ZY,Box-ZZ,Volume,Density,Temperature
0.0,6287.689937922737,0.09403312328678999,3.8208,0.0,0.0,0.0,4.7648,0.0,-0.07424878262181334,0.0,3.8320807609286085,69.7643632036772,1.0075928216637537,0.0007139889639978053
0.0,6045.0651745086525,1.7861083535473177,3.827551371602365,0.0,0.0,-0.034232078159529715,4.81217873598286,0.0,-0.1153064029729614,0.010273371197300497,3.837310873092315,70.67889681823057,0.9945553020266831,0.013561834472387744
0.0,6045.056606379775,1.7862614353875568,3.8275526992330153,0.0,0.0,-0.03423407831410235,4.8121825047717355,0.0,-0.11530852082544023,0.010274072356828411,3.8373114357084868,70.67898705091058,0.9945540323227149,0.013562996815407933
0.0,6045.0564393548675,1.7862609312139561,3.8275527079429623,0.0,0.0,-0.03423410384077505,4.812182531660419,0.0,-0.11530853029530394,0.010274050855189107,3.8373114399350174,70.67898768452292,0.9945540234068869,0.013562992987242131
0.0,6045.055984678862,1.7862588668084871,3.8275526962346342,0.0,0.0,-0.03423415004128803,4.812182582687549,0.0,-0.11530852033800146,0.01027403115380577,3.8373114501706915,70.67898840631001,0.9945540132503145,0.013562977312311101
0.0,6045.055923871468,1.7862563417531832,3.82755269503261,0.0,0.0,-0.03423418588745941,4.812182617569879,0.0,-0.11530850816869656,0.010274023257111185,3.8373114120255356,70.67898819385711,0.9945540162398293,0.01356295813968812
