# Time,Potential,Kinetic En.,Box-XX,Box-XY,Box-XZ,Box-YX,Box-YY,Box-YZ,Box-ZX,Box-ZY,Box-ZZ,Volume,Density,Temperature
0.0,-73210.58874851151,0.054412416408784026,4.2679,0.0,0.0,0.0,4.5224,0.0,-0.8579717801184181,0.0,3.948254878363407,76.20586343584856,1.4948902993265327,0.0004994131154647379
0.0,-73210.59853478374,0.05431239717111324,4.267959373044755,0.0,0.0,4.9169607515672124e-05,4.522446787542102,0.0,-0.8580636383728442,-0.00010904067814551389,3.9481604247422752,76.20588888511313,1.4948898001018758,0.0004984951095685044
0.0,-73210.61061177368,0.05430586000939504,4.267961481970886,0.0,0.0,6.47112031672771e-05,4.522448637388973,0.0,-0.8580718812965166,-0.0001017681910816843,3.9481559012235836,76.20587040042722,1.4948901627060724,0.0004984351095810851
0.0,-73210.61120943972,0.05430579774855941,4.267961537692719,0.0,0.0,6.487805078113126e-05,4.522448623128784,0.0,-0.8580719581137982,-0.00010169212389529454,3.948155851119382,76.20587018797353,1.494890166873664,0.0004984345381328762
