# Time,Potential,Kinetic En.,Box-XX,Box-XY,Box-XZ,Box-YX,Box-YY,Box-YZ,Box-ZX,Box-ZY,Box-ZZ,Volume,Density,Temperature
0.0,20870.375627680445,0.04580787642505542,4.5276000000000005,0.0,0.0,0.13620147282006684,4.105741487088737,0.0,1.7075425794091825,0.558866554635141,4.802952270595126,89.28282496948434,1.5585858441014708,0.0004534503026458918
0.0,20870.16981388962,0.045887740626536555,4.527434269663573,0.0,0.0,0.13575047080034447,4.105189920336547,0.0,1.708218138938182,0.5594298424000416,4.803348227809954,89.27492222512107,1.5587238123593774,0.00045424087512290775
0.0,20870.16946317513,0.045886865988177615,4.527433130994582,0.0,0.0,0.1357503996660892,4.105190141261749,0.0,1.708218387013004,0.5594307796801093,4.80335019114451,89.2749410670074,1.558723483383558,0.0004542322171134229
0.0,20870.169360016127,0.045886861376216996,4.52743312921494,0.0,0.0,0.13575039878982814,4.105190140557243,0.0,1.7082183884545294,0.5594307774710121,4.803350198221105,89.27494114811988,1.5587234819673494,0.00045423217145981265
