# Time,Potential,Kinetic En.,Box-XX,Box-XY,Box-XZ,Box-YX,Box-YY,Box-YZ,Box-ZX,Box-ZY,Box-ZZ,Volume,Density,Temperature
0.0,-9061.882732950646,0.030471119430804307,3.604,0.0,0.0,0.6977148238276839,4.400227387830214,0.0,0.04174064595098423,1.5245752362435074,4.636392639489094,73.52585947034365,1.3088133232246764,0.0003262850155565352
0.0,-9061.919305801726,0.03045864511180499,3.604004746182268,0.0,0.0,0.6977559196750361,4.400269810048676,0.0,0.04175718259457952,1.5245954230887737,4.636383600147785,73.52652180433286,1.3088015333082186,0.00032615144043869317
0.0,-9061.923063446404,0.030458445277192797,3.6040048419546995,0.0,0.0,0.697756664794921,4.400270582359853,0.0,0.041757090210567366,1.5245957242431303,4.63638343513171,73.52653404626672,1.3088013153969296,0.00032614930060790367
