# Time,Potential,Kinetic En.,Box-XX,Box-XY,Box-XZ,Box-YX,Box-YY,Box-YZ,Box-ZX,Box-ZY,Box-ZZ,Volume,Density,Temperature
0.0,262.0176681315261,0.04125843663228001,3.9608,0.0,0.0,0.0,3.9474,0.0,0.0,0.0,5.6225000000000005,87.9070111452,1.561374546082958,0.00036273752479133015
0.0,262.00210431298865,0.04125212876014185,3.9608018264576885,0.0,0.0,-1.65283047003842e-05,3.9473985277421475,0.0,7.75937870906742e-06,6.349553154276187e-06,5.622492112165307,87.90689557024763,1.5613765988888004,0.00036268206699620114
0.0,262.0016901071617,0.041252086839797,3.9608018537108434,0.0,0.0,-1.653035565173806e-05,3.947398524621563,0.0,7.776026763511432e-06,6.3715400176962955e-06,5.622492090107183,87.90689576074021,1.561376595505327,0.00036268169843928596
0.0,262.001667438989,0.04125208301615705,3.9608018590200254,0.0,0.0,-1.6531194956804282e-05,3.9473985375203218,0.0,7.772997506645683e-06,6.387801752289208e-06,5.6224920777685465,87.90689597291036,1.5613765917368223,0.00036268166482245984
0.0,262.00132341566405,0.0412521501592837,3.960801858705833,0.0,0.0,-1.653079770988331e-05,3.9473985356863586,0.0,7.761693983486235e-06,6.404039535235707e-06,5.6224920616959455,87.9068956738026,1.561376597049487,0.0003626822551340071
0.0,262.00116832627737,0.04125214879814419,3.9608018592639436,0.0,0.0,-1.653112538128328e-05,3.947398535561661,0.0,7.760672013465676e-06,6.404757628399601e-06,5.622492061334063,87.90689567775449,1.5613765969792948,0.000362682243167088
0.0,262.0011683247576,0.04125214945198209,3.960801859264271,0.0,0.0,-1.6531125908209394e-05,3.9473985355603647,0.0,7.760670403963992e-06,6.404763365355106e-06,5.622492061336563,87.90689567777196,1.5613765969789846,0.0003626822489155254
