# Time,Potential,Kinetic En.,Box-XX,Box-XY,Box-XZ,Box-YX,Box-YY,Box-YZ,Box-ZX,Box-ZY,Box-ZZ,Volume,Density,Temperature
0.0,-459549.4227209479,0.14075227012019256,4.4345,0.0,0.0,0.0,4.4575000000000005,0.0,-1.7362373677099616,0.0,4.668601589659112,92.28323803769791,1.5493327373011136,0.0011879724214010864
0.0,-459549.4793491709,0.14075214783772605,4.434500107741106,0.0,0.0,-1.3629929722034108e-07,4.4575003736968135,0.0,-1.7362370769997102,1.2525879072689652e-07,4.668601801804659,92.28325220987043,1.5493324993661655,0.00118797138931686
0.0,-459549.4791050303,0.14075214712812625,4.434500107741119,0.0,0.0,-1.3629929688524365e-07,4.457500373696824,0.0,-1.7362370769997,1.252588018439451e-07,4.668601801804673,92.2832522098712,1.5493324993661526,0.0011879713833277204
