# Time,Potential,Kinetic En.,Box-XX,Box-XY,Box-XZ,Box-YX,Box-YY,Box-YZ,Box-ZX,Box-ZY,Box-ZZ,Volume,Density,Temperature
0.0,-23725.18434468696,0.05470823065044308,4.3674,0.0,0.0,0.0,5.5292,0.0,-0.4607920616702768,0.0,3.813360707552022,92.08590411727641,1.5401610454203138,0.0004662618863768025
0.0,-23925.38553134601,0.4724860428983381,4.386129103268141,0.0,0.0,0.006195736688792814,5.540751320713769,0.0,-0.4613800170588443,0.0021484539601972245,3.812000043655715,92.6409428310673,1.5309334946251998,0.004026857221102721
