# Time,Potential,Kinetic En.,Box-XX,Box-XY,Box-XZ,Box-YX,Box-YY,Box-YZ,Box-ZX,Box-ZY,Box-ZZ,Volume,Density,Temperature
0.0,-80766.10249694614,0.03643069219334875,4.086200000000001,0.0,0.0,0.0,4.0975,0.0,-0.05198651444375163,0.0,4.8040187231437805,80.43466790342522,1.5549578952919747,0.00036223587515961543
