# Time,Potential,Kinetic En.,Box-XX,Box-XY,Box-XZ,Box-YX,Box-YY,Box-YZ,Box-ZX,Box-ZY,Box-ZZ,Volume,Density,Temperature
0.0,154656.5933776861,0.02807485810869054,4.3384,0.0,0.0,-0.3448591093621694,4.381850448690591,0.0,-0.8352585933822259,-1.333934730704847,4.14442076247098,78.78635041160277,1.586982071006947,0.00028422805574264176
0.0,154653.5801198698,0.03281051517236868,4.336840186224915,0.0,0.0,-0.34508371807952654,4.383194002633629,0.0,-0.8354823953827826,-1.3341334204311106,4.143689297052868,78.7682678732363,1.5873463885800092,0.000332171542924737
0.0,154653.57736407948,0.032811673785896334,4.33683985195068,0.0,0.0,-0.3450836222433557,4.383194062090301,0.0,-0.8354823001675452,-1.3341334165426078,4.143689363467932,78.76826413291415,1.5873464639553765,0.0003321832726534874
