# Time,Potential,Kinetic En.,Box-XX,Box-XY,Box-XZ,Box-YX,Box-YY,Box-YZ,Box-ZX,Box-ZY,Box-ZZ,Volume,Density,Temperature
0.0,58368.4509138979,0.05990293512286704,3.8912999999999998,0.0,0.0,0.0,4.5289,0.0,-0.5641080593529479,0.0,5.534324809529439,97.53311384494377,1.247043840444064,0.0004905138263343443
0.0,58368.45059690316,0.05990284189846335,3.89130006559569,0.0,0.0,1.6213628933273358e-08,4.528900016117812,0.0,-0.5641080146867089,-4.661930863155458e-08,5.534324836701897,97.53311631503792,1.2470438088618097,0.0004905130629684279
0.0,58368.450439601365,0.05990282171233335,3.8913000733529968,0.0,0.0,1.8198969399628632e-08,4.528900018064398,0.0,-0.5641080069030315,-5.0682369732349866e-08,5.534324840123478,97.5331166116909,1.247043805068849,0.0004905128976747601
