# Time,Potential,Kinetic En.,Box-XX,Box-XY,Box-XZ,Box-YX,Box-YY,Box-YZ,Box-ZX,Box-ZY,Box-ZZ,Volume,Density,Temperature
0.0,-5669.308926099126,0.05538932427893881,3.9281,0.0,0.0,0.8229814129745223,4.578523255799676,0.0,0.7487210734661819,1.144622954446861,5.121302147530547,92.10609265914391,1.4003493269311982,0.0004626253107814733
0.0,-5669.309343266652,0.05538889331608753,3.928100072096684,0.0,0.0,0.8229814414352538,4.578523157097051,0.0,0.7487204440462488,1.1446228247241377,5.121302224149771,92.10609374205642,1.4003493104669693,0.0004626217112733442
0.0,-5669.309343267853,0.05538889362353365,3.9281000720956523,0.0,0.0,0.8229814414357753,4.5785231570957485,0.0,0.7487204440452598,1.1446228247226014,5.121302224150838,92.10609374202524,1.4003493104674432,0.00046262171384121
