# Time,Potential,Kinetic En.,Box-XX,Box-XY,Box-XZ,Box-YX,Box-YY,Box-YZ,Box-ZX,Box-ZY,Box-ZZ,Volume,Density,Temperature
0.0,-7026.80535988321,0.036855350243700714,3.8397,0.0,0.0,0.0,4.646800000000001,0.0,-0.35918604249141056,0.0,5.422115951072918,96.74311681503083,1.2617165451565167,0.00041043331201244375
0.0,-7092.230829651042,0.23521891785002375,3.8445116354072875,0.0,0.0,-0.0024023716686532486,4.646712389530806,0.0,-0.3526369761284456,0.005465655675411937,5.426948759970756,96.94885698548708,1.2590389913911653,0.0026194752963355434
0.0,-7132.497977142337,0.7677905271653159,3.8580068509035015,0.0,0.0,-0.002395639386490325,4.653455942234059,0.0,-0.3469180161182337,0.008716082613059319,5.4318430853922965,97.5182314686295,1.2516879077611256,0.008550368044598952
0.0,-7137.348084886416,0.8443022798905208,3.858696699634293,0.0,0.0,-0.001841048716054569,4.655475681951134,0.0,-0.34529615497431104,0.00871117676371661,5.433163002698617,97.60171316262242,1.2506173012778534,0.009402428108368128
0.0,-7141.498687596596,0.849966915163008,3.858844428214356,0.0,0.0,-0.0019345624689220153,4.655921462395166,0.0,-0.3451918377973585,0.008571797209453816,5.43385025764109,97.6271434657711,1.2502915355536353,0.009465511351394068
0.0,-7173.391303631408,0.8378055657485765,3.8584773155343073,0.0,0.0,-0.005785088772911835,4.663341724463536,0.0,-0.3463156141901948,0.011412537106252653,5.437281613217446,97.83517350984499,1.247633000857826,0.009330078561155995
0.0,-7173.391356693474,0.8378055310938066,3.858477315557344,0.0,0.0,-0.0057850924113319645,4.663341727392236,0.0,-0.3463156133248994,0.01141253640742084,5.437281613487788,97.83517357673651,1.247633000004799,0.009330078175229073
0.0,-7173.403483281651,0.8374797306127826,3.8584775301924674,0.0,0.0,-0.005784966701162095,4.66334153063327,0.0,-0.3463152555506253,0.011412328775842947,5.437281539295503,97.83517355610226,1.247633000267935,0.00932644995382844
