# Time,Potential,Kinetic En.,Box-XX,Box-XY,Box-XZ,Box-YX,Box-YY,Box-YZ,Box-ZX,Box-ZY,Box-ZZ,Volume,Density,Temperature
0.0,-53430.84111548607,0.03243004273635381,3.7061,0.0,0.0,0.15717677012946948,4.4785427488114555,0.0,0.33556670914423087,0.23998093181083954,4.247512258496886,70.49989959325954,1.5276320916075385,0.00036115163092940045
