# Time,Potential,Kinetic En.,Box-XX,Box-XY,Box-XZ,Box-YX,Box-YY,Box-YZ,Box-ZX,Box-ZY,Box-ZZ,Volume,Density,Temperature
0.0,-352170.29714016215,0.01869963992323598,3.6376,0.0,0.0,0.0,4.1629,0.0,0.0,0.0,5.8924,89.22840720169599,1.884870676436701,0.00018593334424756714
0.0,-352170.3007507238,0.018699633143237717,3.637599932284469,0.0,0.0,-3.052289505175237e-08,4.16289996855133,0.0,2.2823595516374763e-08,2.217944706840536e-08,5.892400014651425,89.22840508845891,1.884870721076954,0.00018593327683302032
0.0,-352170.300914149,0.018699638695599374,3.637599924604687,0.0,0.0,-3.386314306009411e-08,4.162899976456145,0.0,3.071539199917462e-08,3.251174789991552e-08,5.892400012393779,89.22840503532377,1.8848707221993868,0.00018593333204099092
