# Time,Potential,Kinetic En.,Box-XX,Box-XY,Box-XZ,Box-YX,Box-YY,Box-YZ,Box-ZX,Box-ZY,Box-ZZ,Volume,Density,Temperature
0.0,151762.57697203875,0.02332167186643555,3.8796,0.0,0.0,0.0,3.7072000000000003,0.0,-0.3554926414115514,0.0,4.2872869022147615,61.66170288309384,1.6142059408498364,0.0003246472683923486
0.0,151762.57681594318,0.023321671642090085,3.8795999990798244,0.0,0.0,1.2006929879757848e-09,3.7071999996337137,0.0,-0.3554926410504943,2.707552930390028e-10,4.287286901620648,61.66170285383149,1.6142059416158787,0.00032464726526936746
0.0,151762.57681951227,0.023321671040655995,3.879599998818673,0.0,0.0,1.294291603279072e-09,3.7071999995865776,0.0,-0.35549264100998795,2.583643696949191e-10,4.287286901518045,61.6617028474211,1.6142059417836925,0.0003246472568971574
