# Time,Potential,Kinetic En.,Box-XX,Box-XY,Box-XZ,Box-YX,Box-YY,Box-YZ,Box-ZX,Box-ZY,Box-ZZ,Volume,Density,Temperature
0.0,-391734.51003764715,0.04336316557602623,4.222,0.0,0.0,0.0,4.012,0.0,-0.9015555634219411,0.0,4.941327956740268,83.69949397302993,1.3725845827506002,0.00045272483037641866
0.0,-391738.0040950963,0.04473371069769279,4.2222084665815025,0.0,0.0,8.442489652983059e-05,4.012055121742319,0.0,-0.9020480295672897,-0.0002419502806851198,4.939156391697616,83.66799103136955,1.3731013927217888,0.00046703374439335934
0.0,-391738.0050470886,0.04473379335576148,4.2222085162265035,0.0,0.0,8.446164569995389e-05,4.012055107439478,0.0,-0.9020479663277801,-0.00024187139234488244,4.939156354680739,83.66799108981363,1.373101391762645,0.00046703460736910457
0.0,-391738.0103878852,0.04473382639963315,4.2222085604969335,0.0,0.0,8.442305824657099e-05,4.012055077781425,0.0,-0.902047887824043,-0.00024179095612905028,4.939156312118484,83.6679906275972,1.3731013993482222,0.00046703495235732203
