# Time,Potential,Kinetic En.,Box-XX,Box-XY,Box-XZ,Box-YX,Box-YY,Box-YZ,Box-ZX,Box-ZY,Box-ZZ,Volume,Density,Temperature
0.0,-7676.462164804169,0.027500415381205658,3.9282,0.0,0.0,-0.89695828287419,4.13810530059149,0.0,-1.012807662532234,-1.7081724581803297,4.41767583032415,71.81066908116838,1.449757988453264,0.00032237229264627795
0.0,-7676.462096095165,0.027500414567660517,3.9281999979811997,0.0,0.0,-0.8969582807899501,4.138105297785599,0.0,-1.012807652623694,-1.708172454898847,4.417675833615045,71.81066904906552,1.4497579891013763,0.00032237228310953427
0.0,-7676.462126667404,0.027500413522992685,3.9281999979378086,0.0,0.0,-0.896958280723217,4.1381052976998935,0.0,-1.012807652622387,-1.7081724547949424,4.417675833669673,71.810669047673,1.4497579891294894,0.000322372270863466
