# Time,Potential,Kinetic En.,Box-XX,Box-XY,Box-XZ,Box-YX,Box-YY,Box-YZ,Box-ZX,Box-ZY,Box-ZZ,Volume,Density,Temperature
0.0,37672.96334176636,0.026401247282134017,4.1238,0.0,0.0,1.6858859655456526,3.994940765665519,0.0,0.7575839179159026,0.49085568999671975,4.390766454608244,72.33496507359598,1.3799894879475965,0.000257906123025311
0.0,37672.79388634868,0.026748204039257376,4.1240007314304075,0.0,0.0,1.6858859038978695,3.9949334822625144,0.0,0.7574800722523513,0.4909586306158842,4.390804813737494,72.33898616031395,1.3799127788631114,0.0002612954428983789
0.0,37672.78737067313,0.026755411080141896,4.124003424723325,0.0,0.0,1.6858851320803354,3.9949322229741484,0.0,0.7574791951294576,0.4909595249310116,4.3908047672721615,72.33900983496257,1.37991232725408,0.00026136584638928787
