# Time,Potential,Kinetic En.,Box-XX,Box-XY,Box-XZ,Box-YX,Box-YY,Box-YZ,Box-ZX,Box-ZY,Box-ZZ,Volume,Density,Temperature
0.0,39341.615656292764,0.06321121139748243,4.4218,0.0,0.0,0.0,4.395600000000001,0.0,0.0,0.0,4.6744,90.85380769555204,1.3283998545729936,0.00044459422572390753
0.0,39340.40505194493,0.06832555521736328,4.422179202231524,0.0,0.0,-0.0012166570745403727,4.395039280957271,0.0,-0.0009352529522008059,0.001696695179470936,4.673988035786098,90.84200164970551,1.3285724966251369,0.00048056581494702335
0.0,39340.398118930476,0.06832814017908856,4.422179107625188,0.0,0.0,-0.0012172827683772272,4.3950391584008575,0.0,-0.0009353642411068534,0.0016971830793367597,4.673988145102885,90.84199929776631,1.3285725310224612,0.0004805839962004968
0.0,39340.39795365531,0.06832840667902818,4.422179108483115,0.0,0.0,-0.0012172921129943856,4.395039180099296,0.0,-0.0009353631565753849,0.0016972396456977443,4.673988172397563,90.84200029436963,1.328572516447047,0.00048058587062010824
