# Time,Potential,Kinetic En.,Box-XX,Box-XY,Box-XZ,Box-YX,Box-YY,Box-YZ,Box-ZX,Box-ZY,Box-ZZ,Volume,Density,Temperature
0.0,106481.15232060238,0.03594592229058341,4.372800000000001,0.0,0.0,0.0,5.1435,0.0,0.0,0.0,4.0568,91.24350421824002,1.1721236135370412,0.00030022921722717283
0.0,106481.15159999525,0.035945904040755,4.372800102585816,0.0,0.0,-8.033239235734682e-09,5.143500004339483,0.0,6.796495580039015e-08,4.916292317911078e-08,4.056800060018572,91.24350778569925,1.172123567709088,0.0003002290648001004
