# Time,Potential,Kinetic En.,Box-XX,Box-XY,Box-XZ,Box-YX,Box-YY,Box-YZ,Box-ZX,Box-ZY,Box-ZZ,Volume,Density,Temperature
0.0,-48158.47221598611,0.02412107619009537,3.725,0.0,0.0,-0.7658373547795226,3.7408116373354465,0.0,-1.1696669088339138,-1.4199413442278712,3.4940903453304215,48.688483500782674,1.5290898196506275,0.00043171110707556493
0.0,-48205.0955226679,0.05221970673012871,3.725546694148237,0.0,0.0,-0.7657271285595293,3.7475781538517814,0.0,-1.1679943834931379,-1.4202549785906033,3.4940926691777787,48.78374406952562,1.5261039486672243,0.000934611176796588
0.0,-48205.62619973044,0.06571940418204006,3.725542315925941,0.0,0.0,-0.7659793073170365,3.749196290267719,0.0,-1.1676940108543417,-1.4198674929488164,3.4935463713627493,48.79712007950209,1.5256856210772098,0.0011762243322885027
0.0,-48205.62763844343,0.06571960401330376,3.725542314493699,0.0,0.0,-0.7659793130916162,3.749196314025383,0.0,-1.1676940071688753,-1.4198674848811061,3.493546367127628,48.797120310801745,1.5256856138454193,0.001176227908802892
0.0,-48205.62801384699,0.06571961996419291,3.7255423233158207,0.0,0.0,-0.7659793127041822,3.749196314785911,0.0,-1.16769398585697,-1.4198674725238942,3.493546367815097,48.79712044585478,1.5256856096228653,0.0011762281942866721
0.0,-48205.628714164755,0.06571960558265277,3.725542328674762,0.0,0.0,-0.7659793150960371,3.749196315021423,0.0,-1.1676939512241045,-1.4198674590306597,3.4935463679478094,48.797120520965116,1.5256856072744733,0.0011762279368905857
0.0,-48205.62872179266,0.06571959868143394,3.72554232874543,0.0,0.0,-0.765979315184785,3.749196315017364,0.0,-1.1676939511204902,-1.419867459026571,3.493546367945805,48.7971205218099,1.5256856072480602,0.0011762278133748353
