# Time,Potential,Kinetic En.,Box-XX,Box-XY,Box-XZ,Box-YX,Box-YY,Box-YZ,Box-ZX,Box-ZY,Box-ZZ,Volume,Density,Temperature
0.0,-212809.26764971853,0.05091530640449335,3.8476,0.0,0.0,0.0,3.8476,0.0,0.0,0.0,4.4548000000000005,65.94897395564801,1.6987248964628547,0.0006509038912617355
0.0,-212809.2718711917,0.05093693000392167,3.847602495775075,0.0,0.0,1.2947609352440358e-05,3.847618717498157,0.0,-4.4818815690014634e-06,9.210960945124312e-07,4.454807663522413,65.94945100908762,1.6987126085280437,0.0006511803284670655
0.0,-212809.272259062,0.050936964759077226,3.847602496819159,0.0,0.0,1.2981127461499175e-05,3.847618771461756,0.0,-4.470717782950205e-06,9.201318950298358e-07,4.454807685637442,65.94945227933076,1.6987125758093788,0.0006511807727787586
