# Time,Potential,Kinetic En.,Box-XX,Box-XY,Box-XZ,Box-YX,Box-YY,Box-YZ,Box-ZX,Box-ZY,Box-ZZ,Volume,Density,Temperature
0.0,-8129.747205717897,0.0549033376906592,4.0104,0.0,0.0,0.0,4.149,0.0,0.0,0.0,4.6354999999999995,77.1307779708,1.2828062995283762,0.000458566230816781
0.0,-8145.514043623913,0.10001956858464639,4.00935375995865,0.0,0.0,-0.0010603317961569072,4.144520613538715,0.0,-0.001292587312154406,-0.004435989577043502,4.6332813896807465,76.9905386405307,1.285142948933455,0.0008353881294467277
0.0,-8145.549728424661,0.10165375401010741,4.009480440725042,0.0,0.0,-0.0011071743757764484,4.14407627077054,0.0,-0.0013421379551146009,-0.004386710565174667,4.633436162008315,76.98728831276306,1.2851972064076933,0.0008490372495645539
0.0,-8145.550192106031,0.10165909665465198,4.009481044967674,0.0,0.0,-0.0011073885649523474,4.144075309859026,0.0,-0.0013423696169613173,-0.004386548935439419,4.633436293387487,76.98728424645623,1.2851972742891133,0.0008490818726507713
0.0,-8145.550437880858,0.10165909506217612,4.009481048416109,0.0,0.0,-0.0011073919855792602,4.144075305943672,0.0,-0.0013423711896364077,-0.00438654940368492,4.633436295919272,76.98728428199962,1.2851972736957649,0.0008490818593500198
