# Time,Potential,Kinetic En.,Box-XX,Box-XY,Box-XZ,Box-YX,Box-YY,Box-YZ,Box-ZX,Box-ZY,Box-ZZ,Volume,Density,Temperature
0.0,44186.09104069165,0.02899241162050718,4.6368,0.0,0.0,-0.37234028259000596,4.397264116920974,0.0,-1.7572685781429735,-1.9775720823604872,3.866458820851423,78.83413464469506,1.3982950262309974,0.00029803295931337575
0.0,44181.34553705067,0.03270178312342907,4.632988083069541,0.0,0.0,-0.3729829071478006,4.398450307774927,0.0,-1.757412625849433,-1.9751150061783511,3.8659917497015077,78.78105562203575,1.3992371325888737,0.00033616414276506736
0.0,44181.344899206815,0.03270258146183693,4.632987816674122,0.0,0.0,-0.3729833681939559,4.398450533877145,0.0,-1.7574125304806063,-1.9751148841749346,3.8659917262709453,78.78105466441933,1.3992371495971818,0.0003361723494351899
0.0,44181.34479722077,0.03270269139527006,4.632987740418942,0.0,0.0,-0.3729834671919686,4.398450532397329,0.0,-1.7574125256438826,-1.9751148852185516,3.865991739675555,78.78105361440136,1.3992371682466425,0.0003361734795166344
0.0,44181.344582793674,0.03270295461373605,4.632987712396906,0.0,0.0,-0.3729835052362146,4.398450527364466,0.0,-1.7574125292718545,-1.9751148906948128,3.8659917191830675,78.78105263016488,1.3992371857277526,0.00033617618532046306
0.0,44181.34449720265,0.032702951846530326,4.632987712480072,0.0,0.0,-0.3729835066927857,4.398450526591688,0.0,-1.7574125302053025,-1.975114889569748,3.8659917188013093,78.78105260995831,1.3992371860866433,0.0003361761568744503
0.0,44181.34451069326,0.032702938255152414,4.632987712485504,0.0,0.0,-0.3729835075130974,4.398450526862668,0.0,-1.757412531921996,-1.9751148893721449,3.86599171880358,78.7810526149505,1.3992371859979764,0.0003361760171593196
