# Time,Potential,Kinetic En.,Box-XX,Box-XY,Box-XZ,Box-YX,Box-YY,Box-YZ,Box-ZX,Box-ZY,Box-ZZ,Volume,Density,Temperature
0.0,-88749.13596029158,0.05306742704699595,4.976,0.0,0.0,0.0,4.7068,0.0,0.0,0.0,4.3442,101.74566806656,0.6586177979005022,0.0008442519083333677
0.0,-88755.9788952524,0.24696001004872678,4.987203202422045,0.0,0.0,0.01064826928432032,4.718548699102614,0.0,0.0001318360290835303,0.00016269127936092734,4.344256214457439,102.23060630988292,0.6554935969448026,0.003928897091261331
0.0,-88755.98264116683,0.2469198250448676,4.987192831034892,0.0,0.0,0.010664205253717198,4.718546686379659,0.0,0.00013177881240543176,0.00016221234503773838,4.3442565773225725,102.23035864324093,0.6554951849652317,0.003928257786360332
0.0,-88755.98377443387,0.2469188688332827,4.987192787528974,0.0,0.0,0.010664237944035511,4.718546704442143,0.0,0.00013178691455465027,0.00016222263677791786,4.344256582302211,102.23035825994923,0.6554951874228762,0.0039282425739503805
0.0,-88755.98378568476,0.24691885534510144,4.987192787214558,0.0,0.0,0.01066423794824945,4.718546704770625,0.0,0.00013178636703361883,0.00016222227154830428,4.344256582081227,102.23035825542067,0.655495187451913,0.003928242359366342
