# Time,Potential,Kinetic En.,Box-XX,Box-XY,Box-XZ,Box-YX,Box-YY,Box-YZ,Box-ZX,Box-ZY,Box-ZZ,Volume,Density,Temperature
0.0,-388537.6984437582,0.0636575445062938,3.8363,0.0,0.0,0.0,5.8048,0.0,-0.20309314825400643,0.0,5.123476302583264,114.09445933195111,1.4898941079001387,0.00047260757987710504
