# Time,Potential,Kinetic En.,Box-XX,Box-XY,Box-XZ,Box-YX,Box-YY,Box-YZ,Box-ZX,Box-ZY,Box-ZZ,Volume,Density,Temperature
0.0,-263845.60841204494,0.03353222727652921,4.18,0.0,0.0,0.9113837665965548,4.218881613648844,0.0,0.964122743010149,0.24367808281066786,4.129345600499952,72.82070056286715,1.4724693622114846,0.00036372654620996607
0.0,-263851.46798550396,0.03439663070630332,4.17852030581133,0.0,0.0,0.9110815846775623,4.219572380118883,0.0,0.9644343462116838,0.24336013688516075,4.129180517026781,72.80393067156947,1.4728085355351728,0.00037310279406403734
0.0,-263851.6253686098,0.03454575126856427,4.178413321851725,0.0,0.0,0.9110547500902115,4.2196166857040485,0.0,0.9644927999054491,0.24333571155122452,4.129184574129587,72.80290260481262,1.4728293334077909,0.0003747203158180434
0.0,-263851.6262077735,0.03454581875104887,4.178413195993035,0.0,0.0,0.9110545153426318,4.2196167195093635,0.0,0.9644928789355438,0.24333583531556724,4.129184508575837,72.80289983936413,1.4728293893538267,0.00037472104780553867
