# Time,Potential,Kinetic En.,Box-XX,Box-XY,Box-XZ,Box-YX,Box-YY,Box-YZ,Box-ZX,Box-ZY,Box-ZZ,Volume,Density,Temperature
0.0,-162987.31373429965,0.02274236394084384,4.2558,0.0,0.0,0.0,3.9414000000000002,0.0,-1.6977903474840006,0.0,4.831901301350243,81.04939494742986,1.4156102064334735,0.000253266450963339
0.0,-162987.31887579424,0.022742304075437807,4.255799358001283,0.0,0.0,-1.812415798206838e-08,3.941399598104163,0.0,-1.697791015742547,-3.9534148850382625e-07,4.831901514527748,81.04937803228557,1.4156105018737528,0.00025326578428247145
0.0,-162987.31969877885,0.02274235376694091,4.255799208439418,0.0,0.0,-9.421154746792572e-08,3.9413994440345914,0.0,-1.697791164133934,-3.6103408776078435e-07,4.831901474730321,81.0493713481817,1.4156106186184911,0.000253266337663407
0.0,-162987.3197112847,0.02274236932143938,4.25579917931773,0.0,0.0,-9.999416467346212e-08,3.941399408557486,0.0,-1.6977911732392956,-3.5966340275276357e-07,4.831901466843832,81.04936993175154,1.4156106433579008,0.00025326651088342203
0.0,-162987.31982084617,0.022742369343337968,4.255799178893414,0.0,0.0,-9.992777766539911e-08,3.9413994080296395,0.0,-1.6977911734617888,-3.596970774499157e-07,4.831901466497833,81.04936990701252,1.4156106437899934,0.0002532665111272919
0.0,-162987.32030925975,0.02274237219014643,4.2557991793106,0.0,0.0,-8.030640517307196e-08,3.941399371837625,0.0,-1.6977911909898875,-3.4943643185964835e-07,4.83190146627492,81.04936916698031,1.4156106567154172,0.00025326654283028803
