# Time,Potential,Kinetic En.,Box-XX,Box-XY,Box-XZ,Box-YX,Box-YY,Box-YZ,Box-ZX,Box-ZY,Box-ZZ,Volume,Density,Temperature
0.0,82555.58226269847,0.024097093801123116,4.0102,0.0,0.0,0.0,4.2223999999999995,0.0,0.0,0.0,6.537000000000001,110.68885385376001,1.4932305214290285,0.0001916808347319148
