# Time,Potential,Kinetic En.,Box-XX,Box-XY,Box-XZ,Box-YX,Box-YY,Box-YZ,Box-ZX,Box-ZY,Box-ZZ,Volume,Density,Temperature
0.0,29574.22091571925,0.03559047894383314,3.9247,0.0,0.0,0.0,5.174,0.0,-0.42932109667493734,0.0,4.8973178992127755,99.44688541447493,1.8235751371344573,0.00036585903586951836
