# Time,Potential,Kinetic En.,Box-XX,Box-XY,Box-XZ,Box-YX,Box-YY,Box-YZ,Box-ZX,Box-ZY,Box-ZZ,Volume,Density,Temperature
0.0,-23319.14091287773,0.016611712540485157,3.7001,0.0,0.0,-0.0098888874307326,4.358388781408261,0.0,-0.479006551987902,-0.1585621358179596,5.1318548627409095,82.75872570973219,1.7065892189183127,0.00018876887646796447
0.0,-23319.141331921463,0.016611760696992557,3.70009990390894,0.0,0.0,-0.009888897505864358,4.3583888351528195,0.0,-0.4790065983000201,-0.15856215099352255,5.131854798713035,82.75872354847809,1.7065892634860973,0.00018876942369930945
0.0,-23319.1418398994,0.016611764081560385,3.7000998848829063,0.0,0.0,-0.009888903441740165,4.3583888491414475,0.0,-0.4790066163811691,-0.15856216248861282,5.131854774754437,82.75872300218366,1.7065892747513771,0.00018876946216018846
