# Time,Potential,Kinetic En.,Box-XX,Box-XY,Box-XZ,Box-YX,Box-YY,Box-YZ,Box-ZX,Box-ZY,Box-ZZ,Volume,Density,Temperature
0.0,-754.3581251825781,0.036460125784059244,4.4315,0.0,0.0,2.0012051902065715,4.108537183316014,0.0,0.9307576213403524,1.8691888851474185,4.624424197882176,84.1968105722765,1.7358594448565847,0.00036542876610023533
0.0,-757.7151341432118,0.053217004632885485,4.433991446897328,0.0,0.0,2.005873753743834,4.1195034657799745,0.0,0.9325933688137986,1.8744651868097209,4.623513911629217,84.45237983182483,1.7306063979455872,0.0005333778729597334
0.0,-757.8620456752442,0.05402519739881501,4.4341909837109075,0.0,0.0,2.0061404819909683,4.119825252411531,0.0,0.9330115377169166,1.8746333420043715,4.623661883572473,84.46548061378357,1.730337977084057,0.0005414781435669699
0.0,-757.8626771376157,0.054027455157211794,4.434191391639835,0.0,0.0,2.006141325715562,4.119826154785261,0.0,0.9330127590988969,1.8746338834343252,4.623662330917949,84.46551505708983,1.7303372714876866,0.0005415007723935948
