# Time,Potential,Kinetic En.,Box-XX,Box-XY,Box-XZ,Box-YX,Box-YY,Box-YZ,Box-ZX,Box-ZY,Box-ZZ,Volume,Density,Temperature
0.0,25435.043836273162,0.05129165872092622,3.9297,0.0,0.0,0.0,5.988,0.0,-0.8489980107352245,0.0,3.9334181544513713,92.55743408942675,1.0666208937055708,0.0004080005680167707
0.0,25408.571157926435,0.22955234166170693,3.923429382578148,0.0,0.0,-0.0022399953908601574,5.985983204382706,0.0,-0.8482740202079143,0.0011984532950063403,3.9186361108282814,92.03145122825198,1.0727169000378909,0.001825978884737167
0.0,25400.410138850733,0.2325162270816849,3.919711425526185,0.0,0.0,-0.002873239549773243,5.9870492025687705,0.0,-0.8469321655731173,0.0019827454578828785,3.918609844368502,91.95999676036364,1.0735504191547607,0.0018495551730663702
0.0,25397.610802575433,0.23031044848979337,3.9184659213607036,0.0,0.0,-0.0031836104010591,5.987428668650299,0.0,-0.8467036968033503,0.0018966739615610714,3.9186189357033534,91.93681607456051,1.073821101086361,0.001832009261297215
0.0,25391.439156733053,0.21943434118752997,3.9161973786251063,0.0,0.0,-0.0038224766700479915,5.987906452528677,0.0,-0.8467855100451092,0.0020740242560616084,3.9187338295212366,91.89361685283822,1.074325904765056,0.0017454950391450586
0.0,25391.439165370262,0.21943433932087983,3.9161973786080084,0.0,0.0,-0.003822476651795147,5.987906452667158,0.0,-0.846785510092831,0.002074024289029417,3.918733829490124,91.89361685383263,1.0743259047534304,0.001745495024296751
