# Time,Potential,Kinetic En.,Box-XX,Box-XY,Box-XZ,Box-YX,Box-YY,Box-YZ,Box-ZX,Box-ZY,Box-ZZ,Volume,Density,Temperature
0.0,-181679.41213679136,0.021689485933735646,4.0354,0.0,0.0,0.0,4.724,0.0,0.0,0.0,3.9653,75.59142433288001,1.3455726791317055,0.0002229611583689287
0.0,-181679.45064790716,0.021703051728093017,4.035434849374871,0.0,0.0,-3.839279622903546e-05,4.723986710378012,0.0,-1.1397061985595718e-05,-2.916988863248847e-05,3.9652576048867956,75.5910562849032,1.3455792306382797,0.00022310061050870536
0.0,-181679.45066173124,0.021703076316630203,4.0354348580312704,0.0,0.0,-3.841733033790295e-05,4.723986705927733,0.0,-1.141230121096234e-05,-2.9193754719473982e-05,3.9652575619340573,75.59105555701935,1.3455792435951752,0.00022310086327120742
