# Time,Potential,Kinetic En.,Box-XX,Box-XY,Box-XZ,Box-YX,Box-YY,Box-YZ,Box-ZX,Box-ZY,Box-ZZ,Volume,Density,Temperature
0.0,-34758.02756805124,0.17389460100401796,3.8908000000000005,0.0,0.0,0.0,5.4741,0.0,-0.42287460870087945,0.0,4.266796029260841,90.87690257380666,1.4645671024648286,0.0012740444195887205
