# Time,Potential,Kinetic En.,Box-XX,Box-XY,Box-XZ,Box-YX,Box-YY,Box-YZ,Box-ZX,Box-ZY,Box-ZZ,Volume,Density,Temperature
0.0,-185521.52223117804,0.09526231603268254,4.3415,0.0,0.0,0.0,4.4228000000000005,0.0,-0.6921998225401319,0.0,4.687568022511824,90.00874145262434,1.5826241001114456,0.000884060424079874
0.0,-185527.9948096956,0.10085870746399443,4.3392869614908065,0.0,0.0,0.0016779798769696402,4.420968583858453,0.0,-0.6902792986195307,0.0017451646645251972,4.6880701718834805,89.93524121654136,1.5839175112750263,0.000935996471702159
