# Time,Potential,Kinetic En.,Box-XX,Box-XY,Box-XZ,Box-YX,Box-YY,Box-YZ,Box-ZX,Box-ZY,Box-ZZ,Volume,Density,Temperature
0.0,-41533.15521406056,0.03637326390296856,4.9608,0.0,0.0,0.0,3.882,0.0,-0.24408467470597006,0.0,3.78473743231597,72.88581341333276,1.4714287182024726,0.00031645674986983545
0.0,-41533.15551235918,0.036373275751963315,4.960799999318735,0.0,0.0,-1.959613926688998e-09,3.8819999991203438,0.0,-0.2440846830072374,-1.94971542800346e-09,3.7847374272718395,72.88581328966856,1.471428720699022,0.000316456852959137
