# Time,Potential,Kinetic En.,Box-XX,Box-XY,Box-XZ,Box-YX,Box-YY,Box-YZ,Box-ZX,Box-ZY,Box-ZZ,Volume,Density,Temperature
0.0,46726.83447627392,0.016580857415914273,4.3722,0.0,0.0,0.0,4.6000000000000005,0.0,0.0,0.0,4.0128,80.70591513600003,1.1571668883051651,0.00015387490509565264
0.0,46724.216181437616,0.015964276160591696,4.372183734553266,0.0,0.0,0.00029427464868713533,4.600813427626948,0.0,0.0006701495428607687,0.0005338300066979217,4.013387011131997,80.73169431894019,1.156797382658621,0.00014815286191256264
0.0,46723.4208525965,0.015785544881190456,4.372372172721325,0.0,0.0,0.00030966574496257555,4.600967781875631,0.0,0.0007760395554211716,0.0006059809912804042,4.013462824825825,80.73940756713837,1.1566868707587161,0.000146494186612147
0.0,46723.166368704144,0.015657363184541934,4.372440868787813,0.0,0.0,0.0002979621788561109,4.600960812799295,0.0,0.0008100946365513951,0.000639704897608086,4.01355581823295,80.7424245864061,1.156643650028181,0.00014530462530587462
0.0,46722.88936842964,0.016208991250604824,4.37522227821334,0.0,0.0,-0.0006116863253531556,4.601665594169172,0.0,0.000294414686742675,0.002476605176261331,4.018152220901813,80.89870358540607,1.1544092617893724,0.00015042388507539994
