# Time,Potential,Kinetic En.,Box-XX,Box-XY,Box-XZ,Box-YX,Box-YY,Box-YZ,Box-ZX,Box-ZY,Box-ZZ,Volume,Density,Temperature
0.0,-27686.480582744083,4.417551314796651e-06,4.2658000000000005,0.0,0.0,0.0,4.2658000000000005,0.0,0.0,0.0,4.2658000000000005,77.62497435431202,0.7641880726237019,6.454194608268757e-08
0.0,-27686.506128576693,4.409902792144549e-06,4.265797813994529,0.0,0.0,-1.2045759314068184e-05,4.265791759021416,0.0,-9.7671212671709e-06,-1.0002473660612953e-05,4.265805281081513,77.62488071390993,0.7641889944786243,6.443019853264311e-08
0.0,-27686.50623996533,4.409897899379589e-06,4.265797819251539,0.0,0.0,-1.2059090100496042e-05,4.26579176013349,0.0,-9.780608817730672e-06,-9.990879504785684e-06,4.2658052773742945,77.62488076234814,0.7641889940017677,6.443012704766203e-08
0.0,-27686.506241118837,4.409893756665049e-06,4.265797819446956,0.0,0.0,-1.2059644899398058e-05,4.265791761922766,0.0,-9.782677318495861e-06,-9.99086095101329e-06,4.2658052770919035,77.62488079332506,0.7641889936968109,6.443006652117587e-08
