# Time,Potential,Kinetic En.,Box-XX,Box-XY,Box-XZ,Box-YX,Box-YY,Box-YZ,Box-ZX,Box-ZY,Box-ZZ,Volume,Density,Temperature
0.0,-221861.66903865663,0.07170193351161742,4.386,0.0,0.0,0.0,4.616,0.0,-0.9039114910874432,0.0,4.43890121722483,89.86899973006125,1.7576608412061276,0.00046970372573851786
