# Time,Potential,Kinetic En.,Box-XX,Box-XY,Box-XZ,Box-YX,Box-YY,Box-YZ,Box-ZX,Box-ZY,Box-ZZ,Volume,Density,Temperature
0.0,35291.956615670635,0.028084612906357297,4.0174,0.0,0.0,0.0,4.1229000000000005,0.0,1.6481232828212766,0.0,3.567398784469549,59.08803348896174,1.2606909995305096,0.00035743942166253234
0.0,35291.95516113444,0.02808409582254397,4.017399392720057,0.0,0.0,1.826690685873306e-05,4.122898555866205,0.0,1.6481228903282583,6.873923079664587e-07,3.5673989548233416,59.08800668185437,1.2606915714820934,0.0003574328406161849
0.0,35291.95505440797,0.02808405426890017,4.017399405425363,0.0,0.0,1.828347986173442e-05,4.1228985508663945,0.0,1.6481228941458181,7.118364919350558e-07,3.567398822433586,59.08800460425346,1.2606916158094315,0.00035743231175326424
0.0,35291.955049831835,0.028084052132444852,4.01739940718495,0.0,0.0,1.828365142306252e-05,4.12289854992537,0.0,1.6481228963699766,7.127422683105128e-07,3.567398821458317,59.08800460049337,1.2606916158896557,0.0003574322845620989
0.0,35291.955049831835,0.028084051414547395,4.01739940718495,0.0,0.0,1.828365142306252e-05,4.12289854992537,0.0,1.6481228963699766,7.127422683105128e-07,3.567398821458317,59.08800460049337,1.2606916158896557,0.0003574322754252505
