# Time,Potential,Kinetic En.,Box-XX,Box-XY,Box-XZ,Box-YX,Box-YY,Box-YZ,Box-ZX,Box-ZY,Box-ZZ,Volume,Density,Temperature
0.0,-54935.627439944175,0.04016075948179765,3.9723,0.0,0.0,0.0,4.0607999999999995,0.0,-1.4506543511966068,0.0,4.510144481427879,72.75185902725727,1.4328718540887524,0.00044232867428390966
0.0,-54935.62977594579,0.04016098942761545,3.972300005613563,0.0,0.0,5.1717303035675254e-08,4.060800070489595,0.0,-1.4506543780866292,-1.8109732407081423e-08,4.510144389358743,72.75185890779412,1.4328718564416185,0.0004423312068960927
