# Time,Potential,Kinetic En.,Box-XX,Box-XY,Box-XZ,Box-YX,Box-YY,Box-YZ,Box-ZX,Box-ZY,Box-ZZ,Volume,Density,Temperature
0.0,-86814.37979372022,0.03634088752464902,4.0224,0.0,0.0,1.6694014709536256,3.7530622814946564,0.0,0.4368749320927311,0.6836082686159217,5.246849022869719,79.20809988380095,1.3599761403005712,0.00036134293377417003
0.0,-86815.02214148357,0.03711122536125203,4.022423549582825,0.0,0.0,1.6687968311668029,3.7530662328931643,0.0,0.436747465156997,0.6829049123568046,5.247512152567218,79.21865789653846,1.359794886972211,0.00036900251923934553
0.0,-86815.03339238581,0.037118332997585206,4.022412973189267,0.0,0.0,1.6687743019640273,3.7530607604160573,0.0,0.43671613016355676,0.6828834111371818,5.247528545642854,79.21858156687153,1.3597961971785888,0.0003690731915409806
