# Time,Potential,Kinetic En.,Box-XX,Box-XY,Box-XZ,Box-YX,Box-YY,Box-YZ,Box-ZX,Box-ZY,Box-ZZ,Volume,Density,Temperature
0.0,-9964.764039946736,0.08038772733834189,4.3495,0.0,0.0,0.0,3.6849,0.0,-0.5688008233476004,0.0,4.770107004392993,76.45275907347143,1.0356633356505136,0.0006770603139716324
0.0,-9964.764363760482,0.08038781192398203,4.349499901488891,0.0,0.0,-1.046123113064278e-09,3.684899958906731,0.0,-0.5688007498358085,4.9754139071285186e-08,4.770107065661004,76.45275747129094,1.035663357354369,0.0006770610263885892
