# Time,Potential,Kinetic En.,Box-XX,Box-XY,Box-XZ,Box-YX,Box-YY,Box-YZ,Box-ZX,Box-ZY,Box-ZZ,Volume,Density,Temperature
0.0,-73929.81777645502,0.06062256048428352,4.0802000000000005,0.0,0.0,0.0,4.026,0.0,-0.12156948939476579,0.0,4.169728181698216,68.49564615596134,1.2746237541419447,0.0004960012325282232
