# Time,Potential,Kinetic En.,Box-XX,Box-XY,Box-XZ,Box-YX,Box-YY,Box-YZ,Box-ZX,Box-ZY,Box-ZZ,Volume,Density,Temperature
0.0,13882.295602833214,0.03329339626775041,4.182,0.0,0.0,0.0,4.757000000000001,0.0,0.0,0.0,4.876,97.00204202400003,1.1516754867579535,0.00027807466503423944
0.0,13875.78457915292,0.038110705969326995,4.180537241370768,0.0,0.0,0.0029242389473514356,4.757604926720048,0.0,-0.0024281018928719086,-0.0026739088449037295,4.873991319623764,96.94049281585586,1.152406705593241,0.000318310024949433
0.0,13875.784537286203,0.038110764946442784,4.180537196358544,0.0,0.0,0.002924241629925418,4.7576049261311155,0.0,-0.0024281851834831295,-0.002673910177216175,4.873991330218205,96.94049197080523,1.1524067156390123,0.0003183105175408642
0.0,13875.784533414275,0.03811076518224188,4.180537196151389,0.0,0.0,0.002924241549724341,4.7576049261642614,0.0,-0.0024281852173690197,-0.002673910265100534,4.873991330246063,96.94049196723104,1.1524067156815014,0.0003183105195103165
0.0,13875.784533414268,0.03811076398454101,4.180537196151388,0.0,0.0,0.0029242415497195274,4.7576049261642614,0.0,-0.0024281852173715797,-0.0026739102651075347,4.8739913302460645,96.94049196723107,1.1524067156815012,0.00031831050950682316
0.0,13875.784533414268,0.038110763253068156,4.180537196151388,0.0,0.0,0.0029242415497194346,4.7576049261642614,0.0,-0.002428185217371641,-0.0026739102651078153,4.8739913302460645,96.94049196723107,1.1524067156815012,0.00031831050339738127
