# Time,Potential,Kinetic En.,Box-XX,Box-XY,Box-XZ,Box-YX,Box-YY,Box-YZ,Box-ZX,Box-ZY,Box-ZZ,Volume,Density,Temperature
0.0,3838.5232310656424,0.031050743571361908,3.9846,0.0,0.0,0.0,4.2654000000000005,0.0,0.0,0.0,4.6376,78.82024538678401,1.3853915397926861,0.0003324916359646975
0.0,3838.5232212785995,0.03105073830345924,3.9845999999048987,0.0,0.0,-3.914711106841165e-10,4.265399999201584,0.0,7.682300139712119e-10,2.834077787331588e-11,4.637600001240798,78.82024539123735,1.3853915397144116,0.00033249157955594926
