# Time,Potential,Kinetic En.,Box-XX,Box-XY,Box-XZ,Box-YX,Box-YY,Box-YZ,Box-ZX,Box-ZY,Box-ZZ,Volume,Density,Temperature
0.0,-19255.771799486767,0.0024893027486945466,4.0168,0.0,0.0,1.0597365340491298,4.225229661024539,0.0,0.7569811820196451,0.29026307967891196,4.90961282023781,83.32547010962574,1.7814242958381477,3.6962259753064736e-05
