# Time,Potential,Kinetic En.,Box-XX,Box-XY,Box-XZ,Box-YX,Box-YY,Box-YZ,Box-ZX,Box-ZY,Box-ZZ,Volume,Density,Temperature
0.0,-40576.08934463403,0.03209981081599602,4.135000000000001,0.0,0.0,0.0,5.082000000000001,0.0,0.0,0.0,3.912,82.20704184000002,1.1454225153421755,0.00035747405956164916
0.0,-40576.09366717229,0.03209982497097334,4.134999931195175,0.0,0.0,-4.929547414194349e-09,5.081999996203158,0.0,-4.343493217761082e-09,-1.1320173776807042e-09,3.911999995022721,82.20704030609507,1.145422536714667,0.00035747421719613606
0.0,-40576.09372837009,0.03209979513781189,4.134999918908112,0.0,0.0,3.839285504803046e-08,5.0820000000445695,0.0,2.6092664462408474e-08,6.813144720153163e-09,3.9119999302652966,82.20703876314074,1.1454225582132478,0.0003574738849642299
0.0,-40576.09375615051,0.03209979605515147,4.134999918862798,0.0,0.0,3.834415652502879e-08,5.082000000169301,0.0,2.6328790285063323e-08,7.124562130774259e-09,3.9119999300094093,82.2070387588803,1.14542255827261,0.0003574738951800254
