# Time,Potential,Kinetic En.,Box-XX,Box-XY,Box-XZ,Box-YX,Box-YY,Box-YZ,Box-ZX,Box-ZY,Box-ZZ,Volume,Density,Temperature
0.0,-7257.191969911235,0.04199847562195616,3.5975,0.0,0.0,0.0,5.624700000000001,0.0,-0.8781653526900647,0.0,4.692435063305057,94.95075835330762,1.2417707053735205,0.00035977603783883083
0.0,-7257.191969911235,0.04199847523207184,3.5975,0.0,0.0,3.1396645881783995e-17,5.624700000000001,0.0,-0.8781653526900647,-1.0781550056943651e-16,4.692435063305057,94.95075835330762,1.2417707053735205,0.00035977603449892305
