# Time,Potential,Kinetic En.,Box-XX,Box-XY,Box-XZ,Box-YX,Box-YY,Box-YZ,Box-ZX,Box-ZY,Box-ZZ,Volume,Density,Temperature
0.0,-8175.115895575875,0.08069469916238638,3.8494,0.0,0.0,0.0,6.1879,0.0,-0.9990859108782509,0.0,4.782354514534088,113.91426063796881,1.2889844127995425,0.0005054865368606512
0.0,-8175.11599089895,0.08069474734052243,3.84939997662502,0.0,0.0,-4.8858417685115595e-08,6.187899941203975,0.0,-0.9990859181700015,-1.5928250668850268e-08,4.782354564470423,113.9142600533204,1.2889844194150681,0.0005054868386574161
0.0,-8175.1164227905865,0.08069476996493709,3.849399958575344,0.0,0.0,-6.528460542909747e-08,6.1878999167529,0.0,-0.9990859207879798,-2.3438297195994255e-08,4.782354586756691,113.91425959990883,1.2889844245455973,0.0005054869803809385
