# Time,Potential,Kinetic En.,Box-XX,Box-XY,Box-XZ,Box-YX,Box-YY,Box-YZ,Box-ZX,Box-ZY,Box-ZZ,Volume,Density,Temperature
0.0,-18275.569259649415,0.01219040979196748,3.73,0.0,0.0,0.0,4.4916,0.0,-0.33354457927564657,0.0,4.394961407525194,73.63172429448981,1.5057792980269895,0.00015664201865553813
