# Time,Potential,Kinetic En.,Box-XX,Box-XY,Box-XZ,Box-YX,Box-YY,Box-YZ,Box-ZX,Box-ZY,Box-ZZ,Volume,Density,Temperature
0.0,-177885.30680270438,0.03325154574257622,3.9182000000000006,0.0,0.0,0.0,4.169,0.0,-0.9030617159394005,0.0,4.274242096232335,69.81964120529646,1.385056065708899,0.0003703001588213494
0.0,-177885.366727706,0.035333092328020496,3.917920185907546,0.0,0.0,0.0006592843787235277,4.168557463115061,0.0,-0.903762550704387,-0.0007712463403127311,4.273254380461886,69.791112876931,1.3856222314084892,0.0003934809467808427
