# Time,Potential,Kinetic En.,Box-XX,Box-XY,Box-XZ,Box-YX,Box-YY,Box-YZ,Box-ZX,Box-ZY,Box-ZZ,Volume,Density,Temperature
0.0,-143626.98242831157,0.03716233866159533,3.5775,0.0,0.0,0.10717512348454428,4.448909252042132,0.0,0.13065656592266464,1.2064914048958701,4.9823379403342045,79.29875538380222,1.3403101795803536,0.00036302810182954983
0.0,-143628.14714229622,0.0393515189115162,3.577682552593988,0.0,0.0,0.10662582812073648,4.448395025833369,0.0,0.12972620749830666,1.2048080599773223,4.981760793357505,79.28445037934843,1.340552006861701,0.0003844135683882736
0.0,-143628.29051903967,0.039369894439132996,3.5776928145948483,0.0,0.0,0.10665558541995068,4.448410578475405,0.0,0.12971539568787033,1.2047590534627155,4.981788984163087,79.28540364989223,1.3405358890306531,0.00038459307358496177
0.0,-143628.34518484143,0.039373453041537144,3.577685438491104,0.0,0.0,0.10666319997053496,4.448404242275517,0.0,0.12973217530374087,1.2047311522844755,4.981804822534043,79.28537932344771,1.3405363003356403,0.0003846278365391372
0.0,-143628.34543165524,0.03937344193097056,3.577685440916466,0.0,0.0,0.10666320523163883,4.448404237985713,0.0,0.12973218295407185,1.20473114339953,4.981804824799977,79.28537933680009,1.340536300109882,0.0003846277280032365
0.0,-143628.34540112596,0.03937344410864352,3.5776854409364787,0.0,0.0,0.10666320523705398,4.448404237977622,0.0,0.12973218298715522,1.2047311433663264,4.981804824813234,79.28537933731036,1.3405363001012542,0.0003846277492762917
0.0,-143628.34547761353,0.03937343013017324,3.5776854405971847,0.0,0.0,0.10666320540942245,4.448404239164488,0.0,0.1297321837816834,1.2047311427611447,4.981804823742302,79.28537933390128,1.3405363001588944,0.00038462761272467207
