# Time,Potential,Kinetic En.,Box-XX,Box-XY,Box-XZ,Box-YX,Box-YY,Box-YZ,Box-ZX,Box-ZY,Box-ZZ,Volume,Density,Temperature
0.0,60971.96517957989,0.07363627746257162,4.0061,0.0,0.0,0.0,3.6965000000000003,0.0,-0.6853913342590461,0.0,5.07593564960418,75.16724001143285,1.4394882761878125,0.0008434674768574382
0.0,60971.961788912915,0.07363627507944924,4.0061000230067965,0.0,0.0,-2.2770356858062566e-08,3.696499998166882,0.0,-0.6853913875208237,-2.2753560005575206e-08,5.075935574749739,75.16723929735232,1.4394882898627932,0.000843467449559939
