# Time,Potential,Kinetic En.,Box-XX,Box-XY,Box-XZ,Box-YX,Box-YY,Box-YZ,Box-ZX,Box-ZY,Box-ZZ,Volume,Density,Temperature
0.0,-285689.97347208695,0.08702738200739545,3.8597,0.0,0.0,0.0,4.312,0.0,0.0,0.0,4.8184000000000005,80.19275840576002,1.309610554513572,0.0007987628348010084
0.0,-285704.6815301782,0.08508379375997234,3.8586258461310505,0.0,0.0,-0.000520173143519043,4.311716256116393,0.0,-0.00037380627760742746,-4.472813867215461e-05,4.817071336262848,80.14305991693405,1.3104226730622937,0.0007809240118651917
0.0,-285705.65354119136,0.0847580494014617,3.8586048992527093,0.0,0.0,-0.0005147934148304327,4.311599452963399,0.0,-5.3464733563503535e-05,0.0001822658894239269,4.816682861570707,80.13399085312761,1.3105709785030792,0.0007779342346109215
0.0,-285707.52390773024,0.08459699591198565,3.8585509418585358,0.0,0.0,-0.0005621444954987368,4.311485793805399,0.0,0.00021920726732215504,0.00021562878439345182,4.816508302954985,80.12785391198754,1.310671354297042,0.0007764560384519523
0.0,-285707.5274299585,0.0845957101654794,3.8585506265189977,0.0,0.0,-0.0005626381890960223,4.31148363911264,0.0,0.0002258960495314867,0.00021481749005864765,4.816502884675819,80.12771718022842,1.3106735908564529,0.0007764442374934439
