# Time,Potential,Kinetic En.,Box-XX,Box-XY,Box-XZ,Box-YX,Box-YY,Box-YZ,Box-ZX,Box-ZY,Box-ZZ,Volume,Density,Temperature
0.0,-27174.37677324729,0.06691784371844071,3.7615000000000003,0.0,0.0,0.0,4.2236,0.0,0.0,0.0,6.0764000000000005,96.53620065496003,1.1344622891584477,0.0004696759254433915
0.0,-27174.376800933973,0.06691784912565735,3.761499969818691,0.0,0.0,-5.34266929200912e-09,4.223600009376596,0.0,1.3033884346802887e-08,1.174046822293328e-08,6.076400010578306,96.53620026275166,1.1344622937675537,0.00046967596339499504
0.0,-27174.376955695865,0.06691784196554702,3.7614999709696155,0.0,0.0,-4.492483965109696e-09,4.223600013632272,0.0,2.1171915264833522e-08,1.8400459418472244e-08,6.076400014955239,96.53620045909533,1.1344622914601865,0.00046967591314036553
0.0,-27174.37696813782,0.06691783858647365,3.761499971518342,0.0,0.0,-4.565148490577301e-09,4.223600017156219,0.0,2.2804360160449162e-08,1.8913946950979705e-08,6.0764000164172565,96.53620057694982,1.1344622900751984,0.00046967588942368067
0.0,-27174.3769827809,0.06691783358492363,3.7614999718368627,0.0,0.0,-4.91694532873004e-09,4.223600018233724,0.0,2.3053543715886392e-08,1.919410083891402e-08,6.0764000175340875,96.53620062749546,1.1344622894812024,0.00046967585431932727
