# Time,Potential,Kinetic En.,Box-XX,Box-XY,Box-XZ,Box-YX,Box-YY,Box-YZ,Box-ZX,Box-ZY,Box-ZZ,Volume,Density,Temperature
0.0,-131306.27653466654,0.05341780062198567,4.5448,0.0,0.0,0.0,4.6992,0.0,-1.8128504210929623,0.0,3.536529960390986,75.5294021536381,1.3206972065788323,0.0004759025690377047
0.0,-131306.57554151778,0.05355987691194829,4.544944936951709,0.0,0.0,-7.829963479424221e-05,4.699412386400551,0.0,-1.8130207413029096,-0.00016456810070079902,3.5362368532967974,75.528964249773,1.320704863752701,0.00047716833570359625
0.0,-131306.57632266695,0.053559882546474716,4.544944947460991,0.0,0.0,-7.830155544037006e-05,4.6994123931802525,0.0,-1.8130207421963933,-0.00016456848766066044,3.5362368508828514,75.52896448182365,1.3207048596950468,0.0004771683859019491
0.0,-131306.57636747463,0.053559911648444945,4.544944950719194,0.0,0.0,-7.830527083025112e-05,4.699412430182377,0.0,-1.8130207404379532,-0.0001645578106743506,3.536236849321641,75.52896509732224,1.3207048489323947,0.00047716864517324505
0.0,-131306.5767649102,0.05355992163957949,4.544944952251404,0.0,0.0,-7.830867908154285e-05,4.699412447503101,0.0,-1.8130207403315428,-0.0001645513321378588,3.536236848288948,75.52896537910672,1.3207048440050912,0.0004771687341848956
0.0,-131306.57686792937,0.053559913071013016,4.544944952284878,0.0,0.0,-7.831031854012852e-05,4.699412449495093,0.0,-1.8130207371528817,-0.0001645506430488435,3.536236846436726,75.52896537211747,1.320704844127306,0.00047716865784699415
