# Time,Potential,Kinetic En.,Box-XX,Box-XY,Box-XZ,Box-YX,Box-YY,Box-YZ,Box-ZX,Box-ZY,Box-ZZ,Volume,Density,Temperature
0.0,23660.06998895022,0.027775674574907257,3.6351,0.0,0.0,0.0,4.487,0.0,-0.2486077137412406,0.0,4.605294583918422,75.11554935656233,1.8704316607630682,0.00032994032533574963
0.0,23660.069699464646,0.027775669633338183,3.6350999999235167,0.0,0.0,1.0808597698450289e-09,4.487000000711037,0.0,-0.2486077138945103,9.892877365813718e-10,4.605294584104232,75.11554936991584,1.8704316604305558,0.0003299402666360805
0.0,23660.069852069668,0.02777567029033262,3.6350999999044387,0.0,0.0,1.240336832495227e-09,4.487000000727096,0.0,-0.24860771400203868,1.0963444393929436e-09,4.605294584154773,75.1155493706148,1.8704316604131512,0.0003299402744403539
