# Time,Potential,Kinetic En.,Box-XX,Box-XY,Box-XZ,Box-YX,Box-YY,Box-YZ,Box-ZX,Box-ZY,Box-ZZ,Volume,Density,Temperature
0.0,24674.17077518555,0.0463675915292414,3.6081000000000003,0.0,0.0,0.0,5.836,0.0,-1.2194127102271703,0.0,4.472754033270378,94.18220737695648,1.2607192854881528,0.00037967997214603886
0.0,24674.168227640814,0.04636754942188665,3.608100054689697,0.0,0.0,1.0291677827772909e-07,5.836000005061668,0.0,-1.2194128206722137,-1.1258219701338233e-07,4.472753859851475,94.18220523454752,1.2607193141663544,0.000379679627350919
0.0,24674.16646564496,0.04636759886040052,3.6081000423910194,0.0,0.0,1.4146458653521295e-07,5.8360000121454325,0.0,-1.2194128728135583,-1.7874162784174063e-07,4.472753778524816,94.18220331534901,1.2607193398566712,0.0003796800321770691
0.0,24674.16646221585,0.046367601668940266,3.608100042382167,0.0,0.0,1.4144961549743534e-07,5.836000012111207,0.0,-1.2194128727575309,-1.787399325457754e-07,4.472753778427549,94.18220331251746,1.2607193398945742,0.0003796800551747332
0.0,24674.166458350155,0.046367599277803276,3.608100042377805,0.0,0.0,1.4143250922025476e-07,5.836000012080058,0.0,-1.219412872743892,-1.7873620177936365e-07,4.4727537783815805,94.18220331093296,1.260719339915784,0.0003796800355949621
0.0,24674.16670249078,0.046367596578000346,3.608100042377805,0.0,0.0,1.4143250922024417e-07,5.836000012080058,0.0,-1.219412872743892,-1.7873620177936466e-07,4.4727537783815805,94.18220331093296,1.260719339915784,0.00037968001348768707
