# Time,Potential,Kinetic En.,Box-XX,Box-XY,Box-XZ,Box-YX,Box-YY,Box-YZ,Box-ZX,Box-ZY,Box-ZZ,Volume,Density,Temperature
0.0,3703.9197220215547,0.04519062017507829,4.438300000000001,0.0,0.0,1.105568831796396,4.49091778572714,0.0,2.1377503563550615,0.9842311638068588,4.0896888243600165,81.51584290489616,2.2045868745863166,0.000557454596338256
0.0,3703.87865760147,0.04519240260540481,4.438302086929469,0.0,0.0,1.105566516884087,4.490917637351749,0.0,2.1377483943556697,0.9842297088781609,4.089689029615226,81.51588263234946,2.2045858001622993,0.0005574765837324169
0.0,3703.875256228132,0.045192484752059635,4.438302272869988,0.0,0.0,1.1055663431436324,4.490917645756178,0.0,2.137748399800529,0.9842296173949233,4.089689032778999,81.51588626302953,2.204585701971062,0.0005574775970628409
