# Time,Potential,Kinetic En.,Box-XX,Box-XY,Box-XZ,Box-YX,Box-YY,Box-YZ,Box-ZX,Box-ZY,Box-ZZ,Volume,Density,Temperature
0.0,-11085.632353975705,0.02497235798301292,4.4514000000000005,0.0,0.0,0.0,3.6857,0.0,-1.2912412819512793,0.0,4.514987480800453,74.07525488813992,1.7107074834544875,0.00034380543791059795
0.0,-11085.6323657831,0.02497235573667428,4.4514000002982295,0.0,0.0,1.2196327801799842e-09,3.6856999981372764,0.0,-1.2912412817433225,8.159518995934419e-10,4.514987481146496,74.07525486134303,1.7107074840733398,0.0003438054069842657
