# Time,Potential,Kinetic En.,Box-XX,Box-XY,Box-XZ,Box-YX,Box-YY,Box-YZ,Box-ZX,Box-ZY,Box-ZZ,Volume,Density,Temperature
0.0,-101738.59820480814,0.03789321039219002,3.7918000000000003,0.0,0.0,1.6361087660374243,3.8619246167805374,0.0,1.5871732594588372,-0.22183754976555028,4.250622593923486,62.24461153297994,1.4420431625017884,0.00043957423360322094
