# Time,Potential,Kinetic En.,Box-XX,Box-XY,Box-XZ,Box-YX,Box-YY,Box-YZ,Box-ZX,Box-ZY,Box-ZZ,Volume,Density,Temperature
0.0,-274973.0244248484,0.06487237048433381,3.5533,0.0,0.0,0.0,5.2149,0.0,-1.00933739714619,0.0,4.56791611445768,84.64396144072246,2.224468660228081,0.0007297374462546817
0.0,-274973.0268166666,0.06487219791503558,3.5532998440437056,0.0,0.0,-5.211204141698128e-08,5.214900079773602,0.0,-1.009337614198215,-2.340724153249885e-07,4.56791575822845,84.64395241950716,2.2244688973083466,0.0007297355050541668
0.0,-274973.0276766372,0.06487215594245528,3.5532998224286674,0.0,0.0,-4.137959529129847e-08,5.214900105783098,0.0,-1.0093376679255885,-2.950764979608386e-07,4.567915679941296,84.64395087610606,2.224468937869399,0.0007297350329122775
