# Time,Potential,Kinetic En.,Box-XX,Box-XY,Box-XZ,Box-YX,Box-YY,Box-YZ,Box-ZX,Box-ZY,Box-ZZ,Volume,Density,Temperature
0.0,135917.50514223802,0.04536450615662533,3.9985,0.0,0.0,0.0,4.697500000000001,0.0,-0.6445606988169656,0.0,5.272346352957152,99.03023770157539,1.4822529468860641,0.0003552145827348681
0.0,135917.5010239003,0.04536437084975251,3.998500002250741,0.0,0.0,-1.1925608257429303e-08,4.697499857268675,0.0,-0.6445607188410537,-1.283474129089068e-08,5.272346332414249,99.0302343624756,1.4822529968646443,0.0003552135232507374
0.0,135917.5009135588,0.045364378073213786,3.998499996589411,0.0,0.0,-3.734375574023929e-08,4.697499847553234,0.0,-0.6445607585239997,-3.977765836737738e-08,5.272346318574254,99.03023375749049,1.4822530059198689,0.00035521357981211103
0.0,135917.50068217973,0.045364376481130154,3.9984999969084076,0.0,0.0,-4.2885752689081715e-08,4.697499845529562,0.0,-0.6445607669736741,-4.581651625187906e-08,5.272346315651646,99.03023366783381,1.4822530072618214,0.0003552135673457277
0.0,135917.50064916385,0.045364371783428205,3.998499997328775,0.0,0.0,-4.312064871496595e-08,4.697499845121869,0.0,-0.6445607704358338,-4.6085748284509115e-08,5.272346314315373,99.03023364455107,1.4822530076103098,0.0003552135305616341
