# Time,Potential,Kinetic En.,Box-XX,Box-XY,Box-XZ,Box-YX,Box-YY,Box-YZ,Box-ZX,Box-ZY,Box-ZZ,Volume,Density,Temperature
0.0,-182117.63238573205,0.10102952869338784,3.787,0.0,0.0,0.0,4.512,0.0,0.0,0.0,5.272,90.082368768,1.4133955844160715,0.0008610444547059538
