# Time,Potential,Kinetic En.,Box-XX,Box-XY,Box-XZ,Box-YX,Box-YY,Box-YZ,Box-ZX,Box-ZY,Box-ZZ,Volume,Density,Temperature
0.0,-340367.69617929804,0.07593237228005963,4.7084,0.0,0.0,0.0,4.6363,0.0,-0.4654266996633533,0.0,4.598003940542078,100.37237954243972,1.2165891056659688,0.0004974164073041275
0.0,-340473.74031804653,0.10715652342818408,4.706146698253248,0.0,0.0,0.0011576686675684096,4.635177810974744,0.0,-0.4621597117260531,0.0017815245853574882,4.592387131664693,100.17753726335926,1.2189553346682775,0.0007019590103975352
0.0,-340495.67685343174,0.12580837756953872,4.705738309435874,0.0,0.0,0.001276147302250886,4.63487358836246,0.0,-0.46172094198847613,0.001834383543141363,4.590572632688287,100.12269452355739,1.2196230239525843,0.0008241432382566934
0.0,-340507.78907136316,0.1373426933223811,4.704690160519054,0.0,0.0,0.001351213087030462,4.633863060006418,0.0,-0.46184992651607937,0.0016490200453493046,4.589917823490409,100.06429332010501,1.2203348408254542,0.0008997020247164302
0.0,-340520.8127868889,0.16243960423411966,4.7022396969655444,0.0,0.0,0.0009728945966150931,4.632815914911663,0.0,-0.4611208453102416,0.0001188296001780624,4.589025842779447,99.97014241257708,1.221484140306068,0.0010641064135863804
0.0,-340523.64078842103,0.17098248645277514,4.701041665525511,0.0,0.0,0.001497073268507882,4.633331754995168,0.0,-0.4614812418299253,-0.00019902111788002949,4.588720391667329,99.94914727318472,1.2217407230833197,0.0011200689714997967
