# Time,Potential,Kinetic En.,Box-XX,Box-XY,Box-XZ,Box-YX,Box-YY,Box-YZ,Box-ZX,Box-ZY,Box-ZZ,Volume,Density,Temperature
0.0,-441058.4649793594,0.04933200103966396,4.0632,0.0,0.0,0.0,5.736800000000001,0.0,-1.02247437352275,0.0,4.522353193359544,105.41499362119897,1.3326284386675107,0.00038628098593818973
