# Time,Potential,Kinetic En.,Box-XX,Box-XY,Box-XZ,Box-YX,Box-YY,Box-YZ,Box-ZX,Box-ZY,Box-ZZ,Volume,Density,Temperature
0.0,-71969.53995457092,0.04149643449702964,3.9619999999999997,0.0,0.0,0.0,4.383500000000001,0.0,-1.1473069745302615,0.0,4.7752057459542225,82.93303720284052,1.4790317105949027,0.0003961011033995217
