# Time,Potential,Kinetic En.,Box-XX,Box-XY,Box-XZ,Box-YX,Box-YY,Box-YZ,Box-ZX,Box-ZY,Box-ZZ,Volume,Density,Temperature
0.0,-33599.31915238797,0.04885503236633151,4.0195,0.0,0.0,0.0,5.422000000000001,0.0,-1.6659120695363845,0.0,3.9495340518310513,86.07507480187789,1.3570257465538593,0.0004533881017274148
0.0,-33621.953986069086,0.06569184989147041,4.019266287306914,0.0,0.0,0.0008494306627805225,5.426343776210561,0.0,-1.6649120617228848,0.002845291217517987,3.938806148255628,85.90504936430298,1.3597116060937307,0.0006096383868487959
0.0,-33621.95548428236,0.06569298821518668,4.019266297248602,0.0,0.0,0.0008494543677538797,5.426343909246741,0.0,-1.6649120321424138,0.002845374556198311,3.938805835246995,85.90504485620671,1.3597116774482225,0.0006096489508051351
