# Time,Potential,Kinetic En.,Box-XX,Box-XY,Box-XZ,Box-YX,Box-YY,Box-YZ,Box-ZX,Box-ZY,Box-ZZ,Volume,Density,Temperature
0.0,85701.63754730276,0.05548351186114339,4.164000000000001,0.0,0.0,0.0,4.2454,0.0,-0.2707846666614603,0.0,5.5966530984420535,98.93676935102023,1.6028228891682992,0.0004137607042150756
0.0,85662.64886004431,0.2351064378618872,4.162001744279376,0.0,0.0,0.008118595880366992,4.249252376795723,0.0,-0.2434386019493217,0.025690958940405767,5.626659161849567,99.509694332115,1.593594669951685,0.0017532741175195626
0.0,85658.65010025821,0.2289650269805278,4.162458681783818,0.0,0.0,0.007726670137466973,4.2492576132878,0.0,-0.24350356368510465,0.02596425460903299,5.626795358169193,99.52315088996696,1.5933791994940378,0.0017074753855015742
0.0,85655.8990773971,0.22520556376341636,4.162664638142362,0.0,0.0,0.007439834146212173,4.249176858626419,0.0,-0.24349394146397568,0.0259989267160411,5.6269484306810895,99.52889130335636,1.5932872999945917,0.0016794397025391178
0.0,85655.57773202685,0.2234651538802048,4.162667101089324,0.0,0.0,0.0073846261182527835,4.249122626388886,0.0,-0.24348855347085976,0.02603891812788286,5.62694370272567,99.52759627775903,1.5933080314089387,0.0016664608337771207
0.0,85655.57538745427,0.22340029356891522,4.162668555741902,0.0,0.0,0.007384588886881722,4.2491190079085275,0.0,-0.24348889448261551,0.026040059457864643,5.626944003033519,99.52755161359642,1.5933087464247095,0.0016659771468731275
