# Time,Potential,Kinetic En.,Box-XX,Box-XY,Box-XZ,Box-YX,Box-YY,Box-YZ,Box-ZX,Box-ZY,Box-ZZ,Volume,Density,Temperature
0.0,-16554.54831550884,0.03453825701050556,3.8127000000000004,0.0,0.0,-0.7644779900490444,4.331149617910997,0.0,-0.6760157211730815,-1.3603209548344442,4.359638578433441,71.99234299663856,1.466037560119869,0.0003663137133795808
