# Time,Potential,Kinetic En.,Box-XX,Box-XY,Box-XZ,Box-YX,Box-YY,Box-YZ,Box-ZX,Box-ZY,Box-ZZ,Volume,Density,Temperature
0.0,173788.20764115793,0.13635625073641988,3.8055000000000003,0.0,0.0,0.0,5.714,0.0,-0.30821003397274715,0.0,5.082864095660882,110.5249838518382,1.3986563576161146,0.0010718880654160567
0.0,173788.20554689626,0.13635555629448035,3.8055000222327298,0.0,0.0,-2.482311623069295e-08,5.713999988878801,0.0,-0.30821039600831074,1.8464888768019174e-08,5.082863987116836,110.5249819221888,1.3986563820351767,0.0010718826064508601
