# Time,Potential,Kinetic En.,Box-XX,Box-XY,Box-XZ,Box-YX,Box-YY,Box-YZ,Box-ZX,Box-ZY,Box-ZZ,Volume,Density,Temperature
0.0,102537.90633866287,0.023802006990092474,4.5118,0.0,0.0,1.6341591228763888,4.243841387365917,0.0,1.3821896741543145,0.08822518996658542,4.735101928207729,90.66471816758714,1.4781729424781336,0.00020708358184619855
0.0,102537.90602373012,0.02380131528978423,4.511801213156761,0.0,0.0,1.6341597227361877,4.243841342935844,0.0,1.3821913386360212,0.08822510437201726,4.735101300639574,90.66472958052275,1.4781727564047544,0.00020707756387563605
0.0,102537.90570018452,0.023801303159664652,4.511801228090111,0.0,0.0,1.6341597237182681,4.2438413536897635,0.0,1.3821913424380858,0.08822511315219445,4.735101294803089,90.66472999860034,1.4781727495885326,0.0002070774583404763
0.0,102537.90554380628,0.023801286586487842,4.5118012486878225,0.0,0.0,1.6341597225757958,4.243841365142098,0.0,1.3821913460094908,0.08822512308006451,4.735101286233325,90.6647304930891,1.4781727415265242,0.00020707731414957602
