# Time,Potential,Kinetic En.,Box-XX,Box-XY,Box-XZ,Box-YX,Box-YY,Box-YZ,Box-ZX,Box-ZY,Box-ZZ,Volume,Density,Temperature
0.0,-75817.13728436935,0.023454872019559522,4.2604999999999995,0.0,0.0,0.0,4.2594,0.0,-0.27046962832271276,0.0,4.593143519437965,83.35257327627006,1.5894791716649062,0.0002612011754646448
0.0,-75817.63583671514,0.02567517860973536,4.260885379948138,0.0,0.0,0.0004596943314940514,4.259519640092536,0.0,-0.27139414569018605,-0.001095967087863156,4.591050119417449,83.32446052528576,1.5900154443496142,0.000285927240512546
0.0,-75817.63600368293,0.025675167733936542,4.260885383829112,0.0,0.0,0.00045969638152462737,4.259519644286682,0.0,-0.27139414546487683,-0.0010959760953712493,4.5910501138516,83.32446058221001,1.5900154432633735,0.0002859271193960704
0.0,-75817.63617666056,0.025675164751673477,4.260885385661907,0.0,0.0,0.00045969502168211496,4.259519644657853,0.0,-0.27139414496842273,-0.0010959809664408988,4.591050111230994,83.32446057775014,1.5900154433484777,0.0002859270861846072
