# Time,Potential,Kinetic En.,Box-XX,Box-XY,Box-XZ,Box-YX,Box-YY,Box-YZ,Box-ZX,Box-ZY,Box-ZZ,Volume,Density,Temperature
0.0,-221007.56733982693,0.08082643484699613,3.8788,0.0,0.0,0.0,5.453600000000001,0.0,-0.03806628022713841,0.0,4.276430581490792,90.4611479283835,1.4097062541615846,0.0006807552989324709
0.0,-221008.10968786085,0.08148972884753772,3.8787440589869826,0.0,0.0,-0.0009177493446538134,5.453699945994111,0.0,-0.03814129299123616,-3.651149586410806e-05,4.276371133839213,90.46024357122825,1.4097203474017463,0.0006863418487595611
0.0,-221008.10984208772,0.08148970934033184,3.8787440594994775,0.0,0.0,-0.0009177537022749703,5.453699937368272,0.0,-0.038141296033038286,-3.648784424382672e-05,4.276371134166263,90.46024344702259,1.4097203493373507,0.0006863416844614104
