# Time,Potential,Kinetic En.,Box-XX,Box-XY,Box-XZ,Box-YX,Box-YY,Box-YZ,Box-ZX,Box-ZY,Box-ZZ,Volume,Density,Temperature
0.0,2530.885417133738,0.037317911936826445,4.5687,0.0,0.0,1.3465672886313262,4.0291388381623285,0.0,-1.3347138269984302,-1.8633836980259049,4.340798933194209,79.9051081906243,1.2732314530947229,0.00036940849003449995
0.0,2530.8848126826197,0.037316653240275055,4.568700447130571,0.0,0.0,1.3465668732798026,4.029138561025367,0.0,-1.3347135267283796,-1.863383783982079,4.340799393498802,79.90511898792145,1.2732312810474433,0.00036939603024861354
0.0,2530.8848126826197,0.03731665328770391,4.56870044713058,0.0,0.0,1.3465668732798017,4.029138561025371,0.0,-1.3347135267283747,-1.8633837839820826,4.340799393498807,79.90511898792178,1.2732312810474382,0.00036939603071810983
