# Time,Potential,Kinetic En.,Box-XX,Box-XY,Box-XZ,Box-YX,Box-YY,Box-YZ,Box-ZX,Box-ZY,Box-ZZ,Volume,Density,Temperature
0.0,-23446.21500746242,0.06610308967672573,4.6446,0.0,0.0,0.6359021915096053,4.570979479590045,0.0,1.3347264024639376,1.4790720181876014,4.837837884383904,102.70909453067141,1.2576708596278934,0.000490763843890143
0.0,-23450.422487769545,0.08977830356266912,4.64490697024189,0.0,0.0,0.6383558150641866,4.574155645290733,0.0,1.3283302165047577,1.476045476913659,4.836008040230488,102.74837752576448,1.2571900240235059,0.0006665338272359863
0.0,-23450.423399762498,0.08977837400052628,4.644906979149395,0.0,0.0,0.6383558270473331,4.574155652045186,0.0,1.3283302062258544,1.4760454774124487,4.836008055208327,102.74837819275538,1.2571900158624592,0.0006665343501820952
0.0,-23450.423480463207,0.08977838961625971,4.644906979574104,0.0,0.0,0.6383558277513512,4.574155653316342,0.0,1.328330205780587,1.4760454775606398,4.836008056296134,102.74837825381604,1.2571900151153441,0.0006665344661167269
0.0,-23450.423487962056,0.08977838993957032,4.644906979589456,0.0,0.0,0.6383558277154084,4.5741556534103065,0.0,1.3283302057030182,1.4760454775497287,4.836008056436203,102.74837825924234,1.2571900150489501,0.0006665344685170559
