# Time,Potential,Kinetic En.,Box-XX,Box-XY,Box-XZ,Box-YX,Box-YY,Box-YZ,Box-ZX,Box-ZY,Box-ZZ,Volume,Density,Temperature
0.0,68579.25633648345,0.05387445402193162,4.2258000000000004,0.0,0.0,0.0,4.276800000000001,0.0,-0.8771321464747639,0.0,4.826546442086782,87.22969814341711,1.3720008723961232,0.0004687216045904788
