# Time,Potential,Kinetic En.,Box-XX,Box-XY,Box-XZ,Box-YX,Box-YY,Box-YZ,Box-ZX,Box-ZY,Box-ZZ,Volume,Density,Temperature
0.0,-9085.206059630724,0.04320143114905039,4.5848,0.0,0.0,-0.26186702751243623,4.597448169354582,0.0,-0.10398281793293154,-1.4250757242953787,3.976899847066649,83.82660765736581,1.2965477259742035,0.0004009211315981846
