# Time,Potential,Kinetic En.,Box-XX,Box-XY,Box-XZ,Box-YX,Box-YY,Box-YZ,Box-ZX,Box-ZY,Box-ZZ,Volume,Density,Temperature
0.0,8580.3682452094,0.04532870204501288,4.281000000000001,0.0,0.0,0.2990343133152078,3.931142929156876,0.0,1.2539843646619162,-0.07491471954900875,4.708915794318087,79.2473934244156,1.2537548871240747,0.00044540765898559893
0.0,8576.349028759574,0.06961357950595906,4.279885789160255,0.0,0.0,0.30116297058130514,3.923919490813778,0.0,1.2585972447000207,-0.07174738789895603,4.711149904142616,79.11870883195131,1.255794087953835,0.0006840350612856001
