# Time,Potential,Kinetic En.,Box-XX,Box-XY,Box-XZ,Box-YX,Box-YY,Box-YZ,Box-ZX,Box-ZY,Box-ZZ,Volume,Density,Temperature
0.0,-99256.30060953791,0.02965943076429635,4.2056,0.0,0.0,0.0,3.8110999999999997,0.0,-1.6965051328149177,0.0,4.157158925796876,66.63078595577858,1.5587247749663755,0.0003629639384664837
0.0,-99522.86576601511,0.7218176879582556,4.212036064873276,0.0,0.0,0.0005311153262591085,3.8128346774544037,0.0,-1.7073173914021131,0.007346995662709754,4.167591135471154,66.93066832664672,1.5517409199902594,0.008833405905803313
0.0,-99530.10238282496,1.1900135283998072,4.214003452238137,0.0,0.0,0.0007091856177380688,3.813497909438401,0.0,-1.7085737550988604,0.007940181714356533,4.173050800157789,67.0613159356809,1.548717847176841,0.014563057549180787
0.0,-99530.10379773792,1.190011753440477,4.214003508294014,0.0,0.0,0.0007091430408659085,3.8134978497936918,0.0,-1.7085737991145333,0.00794021444037164,4.173051002915354,67.06131903721551,1.5487177755498274,0.014563035827717749
