# Time,Potential,Kinetic En.,Box-XX,Box-XY,Box-XZ,Box-YX,Box-YY,Box-YZ,Box-ZX,Box-ZY,Box-ZZ,Volume,Density,Temperature
0.0,-3944.5050568960114,0.04905410883761035,3.6331000000000007,0.0,0.0,0.0,6.2257,0.0,-0.5657326730010569,0.0,4.302969502878109,97.32710585109334,1.1904934834705474,0.00042678336186498825
0.0,-4027.3715030048406,0.21257278509737376,3.629026466771213,0.0,0.0,-0.00508152954665588,6.227031887585632,0.0,-0.5575802461568351,0.004749021278818879,4.306623280936178,97.32134650011855,1.1905639353297859,0.0018494378965315712
0.0,-4028.3232490740556,0.22575572312260914,3.6289078048624783,0.0,0.0,-0.005370542498807489,6.226765696977023,0.0,-0.5573529966189714,0.00492390497598347,4.306796997410944,97.3179295294336,1.1906057377200057,0.0019641328475354315
0.0,-4028.335478017825,0.2257917159689684,3.6289073665478897,0.0,0.0,-0.00537103620061338,6.226764888241968,0.0,-0.5573523126366308,0.004924276250273541,4.306797777478426,97.31792276195542,1.1906058205146044,0.0019644459945548413
0.0,-4028.335568281097,0.22579195606083097,3.6289073562650604,0.0,0.0,-0.005371058187601901,6.2267648591895375,0.0,-0.5573522841378202,0.004924284532551332,4.306797810363501,97.31792277521967,1.190605820352327,0.0019644480834157883
