# Time,Potential,Kinetic En.,Box-XX,Box-XY,Box-XZ,Box-YX,Box-YY,Box-YZ,Box-ZX,Box-ZY,Box-ZZ,Volume,Density,Temperature
0.0,-344236.8866441757,0.032141388941290074,3.9631000000000003,0.0,0.0,-0.929054304027563,4.611749934695924,0.0,-0.40926710717563786,-0.6815203601879474,4.637557274431592,84.75982814055195,1.4695884620477442,0.00031958668504573315
0.0,-344237.86400341376,0.044539588749151336,3.962654083632467,0.0,0.0,-0.9290943234819441,4.611700604878209,0.0,-0.4093181161031086,-0.6813307198759542,4.642303150598504,84.83611354425221,1.4682669947572597,0.0004428638584238538
0.0,-344239.6971113028,0.045216051203459805,3.962651267518178,0.0,0.0,-0.9290609404915894,4.611484231031603,0.0,-0.40911760903156635,-0.6812953181746233,4.642334628915219,84.8326481035791,1.4683269739312732,0.0004495900267834489
0.0,-344239.85276555456,0.04527345137833622,3.9626514204482675,0.0,0.0,-0.9290557608855696,4.6114661379983195,0.0,-0.4090993498673238,-0.6812885958021712,4.642337371175896,84.8323686499729,1.4683318108735215,0.00045016076539226596
0.0,-344239.87762272015,0.04527553734329048,3.962649783154125,0.0,0.0,-0.9290561840783387,4.611463905453021,0.0,-0.4090985779005875,-0.6812869912711184,4.642337384822515,84.8322927783754,1.468333124107863,0.00045018150645688106
0.0,-344239.8805409152,0.045276555971298475,3.962649425565563,0.0,0.0,-0.9290565183265667,4.611463820391331,0.0,-0.40909812770104,-0.6812866860180015,4.6423373799896765,84.83228347002527,1.4683332852229274,0.00045019163482902346
