# Time,Potential,Kinetic En.,Box-XX,Box-XY,Box-XZ,Box-YX,Box-YY,Box-YZ,Box-ZX,Box-ZY,Box-ZZ,Volume,Density,Temperature
0.0,-158013.75856042327,0.05752455644560039,3.9009,0.0,0.0,0.0,4.841,0.0,-0.7775605996292234,0.0,4.849053568883751,91.57077331666261,1.347607381869064,0.00045043059091800684
