# Time,Potential,Kinetic En.,Box-XX,Box-XY,Box-XZ,Box-YX,Box-YY,Box-YZ,Box-ZX,Box-ZY,Box-ZZ,Volume,Density,Temperature
0.0,85595.60069196395,0.060858557593092395,4.2336,0.0,0.0,0.0,4.3872,0.0,-0.8439173521330494,0.0,4.432374928045769,82.32538022770731,1.2384603328255228,0.0005532579022089645
0.0,85554.71525065394,0.12359413458891662,4.22866791469956,0.0,0.0,-0.005313306041781577,4.379149728469237,0.0,-0.8523579334416493,-0.012449021702186258,4.424557645039494,81.93382551484487,1.244378828354859,0.001123579564359535
0.0,85553.74936323131,0.13464964329319595,4.226955648682367,0.0,0.0,-0.005446462874913232,4.379144259012972,0.0,-0.8533555903813975,-0.012724088823522866,4.423887072365782,81.88813409725559,1.2450731588987458,0.0012240838778938535
0.0,85553.58494834333,0.1347828233916372,4.226929060527202,0.0,0.0,-0.005468828911768966,4.379148633739225,0.0,-0.8533988387096082,-0.012709517080671046,4.423856833187578,81.887141076402,1.2450882575283324,0.0012252946023144392
0.0,85552.85964428846,0.13449317432852106,4.22689960763526,0.0,0.0,-0.00547794924041743,4.379127664538213,0.0,-0.8533942430879267,-0.012676915257910659,4.423777285791904,81.88470595344776,1.245125284503769,0.0012226614371627462
0.0,85552.2366803683,0.13428072105458555,4.226868821076787,0.0,0.0,-0.005502389743262652,4.379114713228104,0.0,-0.8533802561144718,-0.01265065903756463,4.423708850317921,81.88260063769185,1.2451572984097652,0.001220730049740769
