# Time,Potential,Kinetic En.,Box-XX,Box-XY,Box-XZ,Box-YX,Box-YY,Box-YZ,Box-ZX,Box-ZY,Box-ZZ,Volume,Density,Temperature
0.0,36349.607253600705,0.03285209852183204,3.972,0.0,0.0,0.0,4.6215,0.0,-0.05564242460348554,0.0,4.427650383734497,81.27659817875991,1.4235351109751313,0.0003048764859040431
0.0,36347.97470225622,0.03346760789795954,3.971259185465747,0.0,0.0,0.0008999376069694308,4.622378805822424,0.0,-0.056717556446132904,-0.0012925750366722176,4.426766900572873,81.26067388976327,1.4238140747520596,0.0003105885817541769
0.0,36347.38124570527,0.03405348205588954,3.9707982873023857,0.0,0.0,0.0012559568951369545,4.62268340335445,0.0,-0.05668767722109043,-0.0016423053284437552,4.427433802320707,81.26883853369709,1.423671031795398,0.00031602565465023506
0.0,36347.37348091598,0.034052984184893796,3.9707980785475914,0.0,0.0,0.0012564912098560633,4.622684230174098,0.0,-0.05668807862078444,-0.0016417789813655758,4.427434415843002,81.2688600587081,1.4236706547194233,0.0003160210342708242
0.0,36347.369108617415,0.034052456099127805,3.970798040549475,0.0,0.0,0.0012566484969307628,4.6226844970255225,0.0,-0.05668818771588062,-0.0016416343917038554,4.427434601266681,81.2688673759723,1.4236705265353515,0.0003160161334900572
0.0,36347.36792171305,0.034052403438051285,3.970798040934875,0.0,0.0,0.0012566552021455095,4.622684509223846,0.0,-0.05668819815455239,-0.0016416283304467115,4.4274346136365255,81.26886782536985,1.4236705186627916,0.0003160156447808217
