# Time,Potential,Kinetic En.,Box-XX,Box-XY,Box-XZ,Box-YX,Box-YY,Box-YZ,Box-ZX,Box-ZY,Box-ZZ,Volume,Density,Temperature
0.0,-186306.58242637356,0.047423430808256145,4.151800000000001,0.0,0.0,0.0,4.2599,0.0,-0.286491298833399,0.0,4.822197136751333,85.2865977084642,1.3004712488986485,0.000416939159906048
0.0,-186306.62997732227,0.06146423538673229,4.149830553203099,0.0,0.0,-0.00011533085025907004,4.261360261519698,0.0,-0.2843059289068397,0.0030417751006010744,4.821195239884343,85.2576454453321,1.3009128701233161,0.000540383650647862
0.0,-186306.62998524777,0.061464274866457995,4.149830562399547,0.0,0.0,-0.00011533522035512027,4.261360267556627,0.0,-0.2843059151230426,0.0030417873284493686,4.821195241559091,85.25764578466958,1.3009128649454988,0.0005403839977472471
