# Time,Potential,Kinetic En.,Box-XX,Box-XY,Box-XZ,Box-YX,Box-YY,Box-YZ,Box-ZX,Box-ZY,Box-ZZ,Volume,Density,Temperature
0.0,-15433.123265562537,0.05086620794942947,3.9322000000000004,0.0,0.0,-1.2034235826159612,4.034232230648573,0.0,-0.2350292572606476,-1.9712653605096015,4.07861218267764,64.70068903523115,1.288031122350778,0.0005741177385670905
