# Time,Potential,Kinetic En.,Box-XX,Box-XY,Box-XZ,Box-YX,Box-YY,Box-YZ,Box-ZX,Box-ZY,Box-ZZ,Volume,Density,Temperature
0.0,-105381.2047202921,0.03032159019862629,3.791,0.0,0.0,0.0,5.4028,0.0,-0.9132525846380544,0.0,4.4099299276351225,90.3242500447855,1.479625582310137,0.00025325340707147386
