# Time,Potential,Kinetic En.,Box-XX,Box-XY,Box-XZ,Box-YX,Box-YY,Box-YZ,Box-ZX,Box-ZY,Box-ZZ,Volume,Density,Temperature
0.0,-179265.66416118643,0.02599078290463034,4.446000000000001,0.0,0.0,0.0,4.6768,0.0,-1.831999726540959,0.0,4.029270832539537,83.78084116649455,1.405465463996278,0.0002584302802037132
0.0,-179265.6653270143,0.02599042071994167,4.446000018939257,0.0,0.0,-5.659993699253656e-09,4.676800154040026,0.0,-1.8319996794136242,2.8335424234851288e-08,4.029270864752941,83.78084495269704,1.405465400480843,0.00025842667894664746
0.0,-179265.6663849424,0.025990451543085647,4.446000015238701,0.0,0.0,-1.1735254838796917e-08,4.676800155400021,0.0,-1.8319996734733044,3.425180800065051e-08,4.029270871112711,83.78084503956558,1.40546539902358,0.0002584269854258237
