# Time,Potential,Kinetic En.,Box-XX,Box-XY,Box-XZ,Box-YX,Box-YY,Box-YZ,Box-ZX,Box-ZY,Box-ZZ,Volume,Density,Temperature
0.0,-9049.112896577677,0.11213079499168573,4.2656,0.0,0.0,0.0,5.2428,0.0,0.0,0.0,3.9339,87.976510964352,2.1137444934932805,0.00127710556689992
0.0,-9275.358946949893,0.1860515054573989,4.2659611664193955,0.0,0.0,-0.0004305828057261544,5.268848900768862,0.0,-0.00215265998409382,-0.0005565719478480927,3.9443309531448345,88.65556247685078,2.0975544050742108,0.002119020143996777
0.0,-9275.972768502186,0.1841212789020415,4.265748201972294,0.0,0.0,0.0003091756573483016,5.2688024977885695,0.0,-0.00036861543188699934,0.00041997741791276774,3.946262384739255,88.69376554573005,2.096650925388553,0.0020970359684684774
0.0,-9275.972980623113,0.18412118034297767,4.265748200095562,0.0,0.0,0.00030917410025602327,5.268802497209791,0.0,-0.0003686175206270894,0.0004199826702582362,3.9462623868144977,88.69376554360774,2.0966509254387224,0.0020970348459371595
0.0,-9275.973020057181,0.18412116447866433,4.265748198501528,0.0,0.0,0.00030917488183475247,5.268802497493954,0.0,-0.00036861814207105287,0.00041998530374031827,3.946262386509441,88.69376550839173,2.0966509262712014,0.0020970346652517116
