# Time,Potential,Kinetic En.,Box-XX,Box-XY,Box-XZ,Box-YX,Box-YY,Box-YZ,Box-ZX,Box-ZY,Box-ZZ,Volume,Density,Temperature
0.0,-179203.88384262306,0.029855393372432367,4.037100000000001,0.0,0.0,-0.5841967929097722,4.09453417462279,0.0,-1.1804956235086765,-0.708757857930947,4.512606384529676,74.59358171356571,1.3558397778732587,0.0003324794881138367
0.0,-179203.88435943343,0.02985665773207576,4.037100005921659,0.0,0.0,-0.5841965608005905,4.09453358629191,0.0,-1.1804946168560742,-0.7087578384843041,4.512605244941778,74.59355226742522,1.3558403130971133,0.00033249356843901553
0.0,-179203.88442344227,0.02985667459971951,4.037100014305552,0.0,0.0,-0.5841965544578058,4.094533587265603,0.0,-1.1804945854241542,-0.7087578594622157,4.512605244708352,74.59355243621457,1.3558403100291352,0.0003324937562826487
