# Time,Potential,Kinetic En.,Box-XX,Box-XY,Box-XZ,Box-YX,Box-YY,Box-YZ,Box-ZX,Box-ZY,Box-ZZ,Volume,Density,Temperature
0.0,160729.91527311195,0.04324759444649004,4.253900000000001,0.0,0.0,0.0,3.7448,0.0,-0.14104564795849597,0.0,5.4962905431929245,87.55593429555466,1.4900943076276794,0.0004067159304098895
0.0,160729.58366967525,0.04471268174447841,4.254044826618857,0.0,0.0,-0.00044757079587495025,3.744337826122772,0.0,-0.1407033455474624,-0.0003655920771588356,5.497061160011357,87.56038372013714,1.4900185877420318,0.00042049413821911973
0.0,160729.5198371624,0.04474961594540511,4.254048353488004,0.0,0.0,-0.0004513492557891807,3.7443406432296156,0.0,-0.14070656121595743,-0.0003832590559369091,5.497070920270637,87.5606776578746,1.490013585808468,0.0004208414807265148
0.0,160729.519941091,0.04474960129901648,4.254048341918434,0.0,0.0,-0.00045135556903636807,3.744340642978478,0.0,-0.14070656455641553,-0.0003832754228081346,5.497070925533001,87.56067749768854,1.4900135885343422,0.00042084134298660914
