# Time,Potential,Kinetic En.,Box-XX,Box-XY,Box-XZ,Box-YX,Box-YY,Box-YZ,Box-ZX,Box-ZY,Box-ZZ,Volume,Density,Temperature
0.0,-14345.62941715087,0.04045406531475718,3.7566000000000006,0.0,0.0,-0.253827038291525,4.892319801958183,0.0,-0.4224591540281856,-1.9387806840831345,4.519378205262747,83.05934068005296,1.367233089359811,0.00038615124654429404
0.0,-14345.636662122739,0.04045151833920813,3.756596711932151,0.0,0.0,-0.2538180484108601,4.8923235775976845,0.0,-0.42245849818780096,-1.9387827987122725,4.5193796335564835,83.05935833079866,1.3672327988123754,0.0003861269345802051
0.0,-14345.63808210813,0.040451509942354254,3.7565966526821795,0.0,0.0,-0.25381792091268235,4.8923236502774445,0.0,-0.42245849213669195,-1.9387828198660688,4.519379651215739,83.05935857923596,1.3672327947228708,0.0003861268544286661
