# Time,Potential,Kinetic En.,Box-XX,Box-XY,Box-XZ,Box-YX,Box-YY,Box-YZ,Box-ZX,Box-ZY,Box-ZZ,Volume,Density,Temperature
0.0,-40276.437215455,0.028256613149953584,4.1519,0.0,0.0,-1.472962017078523,4.272946405730356,0.0,-0.5308794906573469,-0.6432289364037902,3.8891805385932203,68.99735370902305,1.4483006677779626,0.00029969042408079183
