# Time,Potential,Kinetic En.,Box-XX,Box-XY,Box-XZ,Box-YX,Box-YY,Box-YZ,Box-ZX,Box-ZY,Box-ZZ,Volume,Density,Temperature
0.0,-8887.703982557003,0.03540331195689947,3.7157,0.0,0.0,0.6985490719542335,4.169893666998223,0.0,0.2264472287765462,0.006035194481763382,4.278006688752017,66.28375177365258,1.340082576334427,0.0004224245739452977
0.0,-8887.704138324654,0.035403328276145056,3.715699980578913,0.0,0.0,0.6985490749008565,4.169893644292992,0.0,0.2264471781506178,0.006035214902429015,4.27800663416645,66.28375022053271,1.3400826077344137,0.0004224247686629663
0.0,-8887.704417648838,0.03540332458143639,3.7156999786940097,0.0,0.0,0.6985490738231909,4.16989364150333,0.0,0.22644717106002715,0.006035219151306893,4.278006627885497,66.28375004524678,1.3400826112782331,0.00042242472457851076
0.0,-8887.70441906385,0.03540332572138492,3.715699978888424,0.0,0.0,0.6985490739801389,4.169893640403093,0.0,0.22644716867179188,0.006035220294804619,4.278006626312092,66.28375000684733,1.3400826120545686,0.00042242473818012723
