# Time,Potential,Kinetic En.,Box-XX,Box-XY,Box-XZ,Box-YX,Box-YY,Box-YZ,Box-ZX,Box-ZY,Box-ZZ,Volume,Density,Temperature
0.0,-68652.12442237705,0.3610242140429087,4.2087,0.0,0.0,-2.1043499999999993,3.6448411169075676,0.0,0.0,0.0,3.8378,58.872016291339705,1.6007013815577484,0.0038290328439497213
