# Time,Potential,Kinetic En.,Box-XX,Box-XY,Box-XZ,Box-YX,Box-YY,Box-YZ,Box-ZX,Box-ZY,Box-ZZ,Volume,Density,Temperature
0.0,29154.210812109493,0.017700326387188103,3.7342,0.0,0.0,0.0,4.4074,0.0,-0.0781502564491363,0.0,5.206213477895133,85.68445013781819,2.079307984114557,0.00019799664616927272
0.0,29154.210719763058,0.01770032876595512,3.73420000046341,0.0,0.0,-1.6160076113757037e-09,4.407399998739955,0.0,-0.07815026360368178,-2.2120086963932478e-09,5.206213475855916,85.68445009039327,2.0793079852654195,0.00019799667277826746
0.0,29154.210691070148,0.017700331142198034,3.7342000005257643,0.0,0.0,-1.6693537223458065e-09,4.407399998656596,0.0,-0.07815026416286155,-2.673931446634577e-09,5.2062134757750735,85.68445008887295,2.0793079853023135,0.00019799669935902743
0.0,29154.21069010483,0.017700332256653083,3.734200000537078,0.0,0.0,-1.7137599028432473e-09,4.407399998597854,0.0,-0.07815026419093357,-2.6986011299783788e-09,5.206213475822971,85.68445008877885,2.079307985304597,0.00019799671182537168
