# Time,Potential,Kinetic En.,Box-XX,Box-XY,Box-XZ,Box-YX,Box-YY,Box-YZ,Box-ZX,Box-ZY,Box-ZZ,Volume,Density,Temperature
0.0,107975.50368771203,0.030813750662958744,4.203,0.0,0.0,-0.01878206147423501,4.4838606628849185,0.0,-0.9742913121743565,-0.787597766093133,4.7322730571963705,89.18283918923201,1.2535418438501362,0.00028236513218540257
0.0,107975.50338370504,0.030813729090658788,4.202999947246186,0.0,0.0,-0.0187823567652552,4.483860435547252,0.0,-0.9742917175186285,-0.7875977099077437,4.732273269564673,89.18283755039064,1.2535418668854676,0.00028236493450530204
0.0,107975.50287487557,0.030813765569537042,4.202999930308601,0.0,0.0,-0.0187823887496453,4.48386039350261,0.0,-0.9742917689987249,-0.7875976924700474,4.732273309002486,89.18283709796916,1.2535418732446428,0.0002823652687834428
