# Time,Potential,Kinetic En.,Box-XX,Box-XY,Box-XZ,Box-YX,Box-YY,Box-YZ,Box-ZX,Box-ZY,Box-ZZ,Volume,Density,Temperature
0.0,-40843.100640731755,0.046079069568661056,5.0536,0.0,0.0,0.0,4.104500000000001,0.0,-0.02616624974246982,0.0,4.283420079489567,88.84884613891646,1.2838871135914072,0.000412354033869083
