# Time,Potential,Kinetic En.,Box-XX,Box-XY,Box-XZ,Box-YX,Box-YY,Box-YZ,Box-ZX,Box-ZY,Box-ZZ,Volume,Density,Temperature
0.0,4928.514402634425,0.02929785534086485,4.3283000000000005,0.0,0.0,-1.4800925835029406,3.9128201471904633,0.0,-1.7850198162720765,-1.4816571839884072,3.760053703692481,63.67974102418509,1.5503861963007144,0.00037288064122189684
0.0,4924.877675670874,0.034800777350696144,4.32814492738389,0.0,0.0,-1.4822073053849614,3.913628369927013,0.0,-1.7844949524840144,-1.4818554177178525,3.7572630370879265,63.64334218873605,1.5512728915951612,0.00044291761368103554
0.0,4924.40064060527,0.03468232372714747,4.328129213159326,0.0,0.0,-1.4821105133097106,3.913691192259087,0.0,-1.7844666586641222,-1.4821163261593728,3.7571551047474845,63.64230446843846,1.5512981858924082,0.00044141002677441715
0.0,4924.376185168358,0.03465962899530599,4.328124721386694,0.0,0.0,-1.4821002424876175,3.9136875009451058,0.0,-1.784466108901993,-1.4821537356466579,3.7571391001732555,63.641907293474546,1.551307867198755,0.00044112118562673056
0.0,4924.373870041472,0.03465953129787625,4.328124748375328,0.0,0.0,-1.48210021585666,3.9136874759144096,0.0,-1.784466116353303,-1.4821541201012032,3.757139005817278,63.64190568500025,1.551307906406236,0.00044111994220874583
0.0,4924.3738700407885,0.0346595333848122,4.328124748377393,0.0,0.0,-1.482100215855954,3.913687475912746,0.0,-1.784466116349414,-1.482154120101926,3.7571390058166863,63.64190568499354,1.5513079064064,0.0004411199687696666
0.0,4924.373870040752,0.03465953128059746,4.328124748377426,0.0,0.0,-1.4821002158559407,3.91368747591273,0.0,-1.7844661163493893,-1.4821541201019284,3.7571390058166725,63.641905684993525,1.5513079064064001,0.00044111994198883466
