# Time,Potential,Kinetic En.,Box-XX,Box-XY,Box-XZ,Box-YX,Box-YY,Box-YZ,Box-ZX,Box-ZY,Box-ZZ,Volume,Density,Temperature
0.0,39235.49051069927,0.033933453269178265,3.8602,0.0,0.0,0.0,3.8466000000000005,0.0,-1.614976950748884,0.0,4.298854532145725,63.83216623010642,1.1948313553769132,0.00038560623010358666
0.0,39231.19252875783,0.15531530893456114,3.8778336207527166,0.0,0.0,-0.005202588206838846,3.854360388767722,0.0,-1.607325664227478,0.005430289568431485,4.308717556680808,64.40054125521901,1.1842862219295662,0.0017649412301349414
0.0,39231.192393932244,0.15531539348497841,3.8778336385884167,0.0,0.0,-0.005202596555706235,3.854360391779414,0.0,-1.6073256442635508,0.0054302752758626565,4.308717587208884,64.40054205803354,1.1842862071663025,0.0017649421909321642
0.0,39231.192334538064,0.15531544350030763,3.877833646052566,0.0,0.0,-0.0052026011269236975,3.8543603939951345,0.0,-1.607325633331144,0.0054302695184993395,4.308717604858038,64.4005424828089,1.1842861993549458,0.001764942759286419
0.0,39231.19229049521,0.15531543848327953,3.877833646693421,0.0,0.0,-0.005202601112412016,3.8543603924322687,0.0,-1.607325631062603,0.005430270018652927,4.3087176054982335,64.4005424769074,1.1842861994634708,0.0017649427022749125
0.0,39231.192290473875,0.15531544388586133,3.877833646705069,0.0,0.0,-0.0052026011212886305,3.8543603923994905,0.0,-1.607325631030455,0.005430270028844101,4.308717605511215,64.4005424767472,1.1842861994664167,0.0017649427636676975
0.0,39231.192290468745,0.15531543791567182,3.8778336467043713,0.0,0.0,-0.005202601129565574,3.854360392397587,0.0,-1.607325631020879,0.005430270028796197,4.308717605508774,64.40054247666734,1.1842861994678853,0.0017649426958248448
0.0,39231.19229043999,0.15531544734684766,3.8778336467041603,0.0,0.0,-0.005202601129354432,3.8543603923933696,0.0,-1.6073256310174922,0.005430270028405765,4.308717605511485,64.40054247663389,1.1842861994685003,0.0017649428029969658
