# Time,Potential,Kinetic En.,Box-XX,Box-XY,Box-XZ,Box-YX,Box-YY,Box-YZ,Box-ZX,Box-ZY,Box-ZZ,Volume,Density,Temperature
0.0,39335.1010766109,0.05512858497023829,3.8654000000000006,0.0,0.0,0.0,3.8077,0.0,-1.6159770717994038,0.0,4.310655525951781,63.44545044665237,1.2021141493430239,0.0006264592540196136
0.0,39335.10020220353,0.05512745764457398,3.8654001991041733,0.0,0.0,-2.678601648135343e-07,3.8076999708642663,0.0,-1.6159769971799498,4.769409514246928e-07,4.310655491725595,63.44545272546292,1.2021141061659277,0.0006264464435403481
0.0,39335.05558165766,0.05507509969203191,3.865402292466504,0.0,0.0,-9.892135687672216e-06,3.8077033471017265,0.0,-1.6159716680914915,2.3382031924278444e-05,4.310656806347613,63.44556269053487,1.2021120226385924,0.0006258514686482988
0.0,39335.02812965141,0.05505715536218824,3.8654036570001513,0.0,0.0,-1.2504249058948982e-05,3.8077047202019982,0.0,-1.6159701573030492,2.8925628140085632e-05,4.3106584886264825,63.445632727080806,1.2021106956477456,0.0006256475564402526
0.0,39335.00918834739,0.05504409281674735,3.8654049110496045,0.0,0.0,-1.374633076909437e-05,3.8077066344289503,0.0,-1.6159702975145183,3.256763671737764e-05,4.310659075486557,63.445693843982404,1.2021095376608653,0.0006254991188832771
