# Time,Potential,Kinetic En.,Box-XX,Box-XY,Box-XZ,Box-YX,Box-YY,Box-YZ,Box-ZX,Box-ZY,Box-ZZ,Volume,Density,Temperature
0.0,-247872.62492481692,0.05011962771925972,6.401800000000001,0.0,0.0,0.0,4.3776,0.0,-0.31739020051491584,0.0,3.7639419164776045,105.48266431270355,1.5543689049593945,0.00032832274834749777
0.0,-247872.62615090294,0.05011972636153444,6.40179999758655,0.0,0.0,-1.329060458985895e-07,4.377599958005275,0.0,-0.3173901716784168,2.2682883808423258e-08,3.7639419324235392,105.48266370790917,1.5543689138715089,0.00032832339453152214
0.0,-247872.62663823375,0.05011980695576548,6.401799991209667,0.0,0.0,-1.582804354967916e-07,4.377599942775814,0.0,-0.3173901850432342,2.498252661159953e-08,3.763941919099798,105.48266286247646,1.554368926329616,0.00032832392248674925
