# Time,Potential,Kinetic En.,Box-XX,Box-XY,Box-XZ,Box-YX,Box-YY,Box-YZ,Box-ZX,Box-ZY,Box-ZZ,Volume,Density,Temperature
0.0,110.94238458250106,0.04793997298523566,5.3608,0.0,0.0,0.0,4.0788,0.0,0.0,0.0,4.1657,91.08565922332801,1.2405263016740018,0.00044489609966195666
