# Time,Potential,Kinetic En.,Box-XX,Box-XY,Box-XZ,Box-YX,Box-YY,Box-YZ,Box-ZX,Box-ZY,Box-ZZ,Volume,Density,Temperature
0.0,109504.2133090859,0.03490201023357424,3.8659,0.0,0.0,0.0,4.8574,0.0,-0.8441332668505264,0.0,4.467449079485547,83.89075353679165,1.46822232941501,0.00033315452115216656
0.0,109504.21324025093,0.03490202278989345,3.8658999911424474,0.0,0.0,1.4592501468125037e-08,4.857400012396429,0.0,-0.8441332649219078,4.01926222882047e-09,4.467449087681831,83.89075371258788,1.4682223263382952,0.0003331546410075699
0.0,109504.21319349823,0.03490201470271882,3.865899990400996,0.0,0.0,1.626835873326146e-08,4.857400013912082,0.0,-0.8441332647644706,4.910325761907451e-09,4.467449088905107,83.8907537456456,1.468222325759732,0.000333154563812051
0.0,109504.21319349823,0.03490201605862713,3.8658999904009956,0.0,0.0,1.6268360532426153e-08,4.857400013912082,0.0,-0.8441332647644701,4.910326638407067e-09,4.4674490889051075,83.89075374564561,1.4682223257597318,0.0003331545767547721
