# Time,Potential,Kinetic En.,Box-XX,Box-XY,Box-XZ,Box-YX,Box-YY,Box-YZ,Box-ZX,Box-ZY,Box-ZZ,Volume,Density,Temperature
0.0,57558.558551837974,0.03126697511576624,4.4571,0.0,0.0,0.0,4.0236,0.0,-2.1817664951661597,0.0,4.0250125280016675,72.18291460101484,1.3697131381001626,0.0003316184067227088
