# Time,Potential,Kinetic En.,Box-XX,Box-XY,Box-XZ,Box-YX,Box-YY,Box-YZ,Box-ZX,Box-ZY,Box-ZZ,Volume,Density,Temperature
0.0,-488800.453734412,0.016497279920522134,4.5049,0.0,0.0,0.0,3.9621000000000004,0.0,-0.6483652172373615,0.0,4.544279550718326,81.11022899659358,1.6840381079410764,0.00016958689810600628
0.0,-488800.4537344194,0.016497279397753053,4.504900000011552,0.0,0.0,1.915923105116565e-11,3.962099999992381,0.0,-0.6483652172537648,7.170133245691561e-13,4.544279550705588,81.11022899641823,1.6840381079447169,0.000169586892732103
0.0,-488800.4537344202,0.01649727893893778,4.504900000012224,0.0,0.0,2.0243664045055877e-11,3.9620999999910866,0.0,-0.6483652172544038,2.845525389760624e-12,4.544279550705542,81.11022899640301,1.6840381079450328,0.0001695868880156249
0.0,-488800.4537344202,0.01649728460591459,4.504900000012322,0.0,0.0,2.0398127145941372e-11,3.9620999999908295,0.0,-0.6483652172546425,3.1522870158016752e-12,4.544279550705678,81.11022899640194,1.684038107945055,0.00016958694627038106
