# Time,Potential,Kinetic En.,Box-XX,Box-XY,Box-XZ,Box-YX,Box-YY,Box-YZ,Box-ZX,Box-ZY,Box-ZZ,Volume,Density,Temperature
0.0,-407297.57360649854,0.05211349735516414,3.9193,0.0,0.0,-0.16655963382639066,4.024354697138365,0.0,-0.6116331075426455,-1.0269858759878732,5.620704396450604,88.65342210950504,1.469959794600627,0.00041453790055677686
0.0,-407297.61631982756,0.05187534352433491,3.9192748272109927,0.0,0.0,-0.16654598687473327,4.024364443073407,0.0,-0.6112979315267449,-1.0269581798923855,5.62104278914269,88.65840473167688,1.4698771825314563,0.0004126435009472346
0.0,-407297.64146886877,0.051875482984782104,3.91927435423669,0.0,0.0,-0.16654392219817357,4.024361672575431,0.0,-0.6112990557545578,-1.026958270781092,5.621045036504378,88.65836844394944,1.46987778414982,0.0004126446102882676
0.0,-407297.6421592613,0.05187628635302108,3.919274200361308,0.0,0.0,-0.16654375679438477,4.024361321277112,0.0,-0.6112992027032577,-1.0269582814376546,5.6210453118556485,88.65836156686657,1.4698778981658154,0.00041265100069766365
0.0,-407297.64244111313,0.05187630803796322,3.9192741958296713,0.0,0.0,-0.1665437519910639,4.024361314829213,0.0,-0.6112992098213338,-1.0269582750969737,5.621045321805349,88.65836147923837,1.4698778996186144,0.0004126511731909877
0.0,-407297.6425915209,0.05187628269744574,3.919274192932832,0.0,0.0,-0.1665437491508357,4.024361315559766,0.0,-0.6112992146853423,-1.0269582758444091,5.621045327869463,88.6583615254497,1.4698778988524706,0.0004126509716193135
