# Time,Potential,Kinetic En.,Box-XX,Box-XY,Box-XZ,Box-YX,Box-YY,Box-YZ,Box-ZX,Box-ZY,Box-ZZ,Volume,Density,Temperature
0.0,-117433.58721026027,0.06899934554688614,4.0125,0.0,0.0,-1.2420316847632398,3.9657533690390014,0.0,-0.5348990877501212,-1.9048889760628913,3.761579587726167,59.85645640327021,1.3434487100339483,0.0009604992807095867
0.0,-117433.5931682295,0.06897412486305796,4.012496849497283,0.0,0.0,-1.2420268096321518,3.96576211117746,0.0,-0.5348931720820409,-1.9048874082055816,3.76158051128998,59.85655604991235,1.3434464735178222,0.0009601481984133132
0.0,-117433.59326065652,0.06897412763731252,4.012496849741151,0.0,0.0,-1.2420268091414464,3.965762111942522,0.0,-0.5348931721929737,-1.9048874079467368,3.761580511232418,59.85655606418163,1.3434464731975564,0.0009601482370320781
