# Time,Potential,Kinetic En.,Box-XX,Box-XY,Box-XZ,Box-YX,Box-YY,Box-YZ,Box-ZX,Box-ZY,Box-ZZ,Volume,Density,Temperature
0.0,203250.83026101947,0.014164743753070351,3.8762000000000003,0.0,0.0,0.0,5.0736,0.0,0.0,0.0,4.289000000000001,84.34871060448002,1.7867895336908444,0.00014788429598598204
