# Time,Potential,Kinetic En.,Box-XX,Box-XY,Box-XZ,Box-YX,Box-YY,Box-YZ,Box-ZX,Box-ZY,Box-ZZ,Volume,Density,Temperature
0.0,-170035.4947359119,0.05111713510699488,4.0878000000000005,0.0,0.0,0.9785843168977523,3.7757480033394395,0.0,0.21245307499133775,1.4689665064890727,3.959339295102153,61.11043299315998,1.3163002795390262,0.0005544713404000256
