# Time,Potential,Kinetic En.,Box-XX,Box-XY,Box-XZ,Box-YX,Box-YY,Box-YZ,Box-ZX,Box-ZY,Box-ZZ,Volume,Density,Temperature
0.0,47767.65976785292,0.05436392850708763,4.6631,0.0,0.0,0.0,3.8645000000000005,0.0,-0.16148913171883628,0.0,4.694923487165334,84.60510321189109,1.3269912132196213,0.0004989680792828006
0.0,47765.689453965635,0.05438157013919067,4.66284666516153,0.0,0.0,2.5533653763561544e-05,3.8645212391062356,0.0,-0.16155165006461913,9.464753153711778e-06,4.694925994723272,84.60101696887446,1.3270553071131987,0.0004991299993560477
0.0,47765.6894981687,0.05438156952561439,4.662846665149844,0.0,0.0,2.5533551051367834e-05,3.8645212394415327,0.0,-0.1615516504684499,9.464624851216983e-06,4.694925994886183,84.60101697893825,1.3270553069553377,0.0004991299937244648
0.0,47765.68948774915,0.05438157025405997,4.662846665148635,0.0,0.0,2.5533456235158703e-05,3.8645212394152635,0.0,-0.1615516505582782,9.464721997321458e-06,4.694925994996404,84.60101698032739,1.3270553069335476,0.0004991300004103518
