# Time,Potential,Kinetic En.,Box-XX,Box-XY,Box-XZ,Box-YX,Box-YY,Box-YZ,Box-ZX,Box-ZY,Box-ZZ,Volume,Density,Temperature
0.0,-59981.29052030021,0.023827682286830482,4.3801000000000005,0.0,0.0,0.0,3.8515,0.0,-1.000308554759903,0.0,4.718228100174276,79.59629643740976,1.2421417942871,0.0002527170603039638
0.0,-59984.89299238702,0.027195079384027095,4.3803926131846955,0.0,0.0,-0.0006991445993927267,3.8506670602050033,0.0,-1.000179198017612,-1.0624835365031374e-05,4.714484564180045,79.52125509162624,1.243313958783119,0.00028843176746832686
0.0,-59985.44981751064,0.02694685369481465,4.380462129581404,0.0,0.0,-0.0008456328968853542,3.850575562619153,0.0,-1.0000447815819387,2.4320033196228235e-05,4.7144844360323,79.52062535108413,1.2433238048476205,0.00028579907891244634
0.0,-59985.6101284814,0.026905762976840216,4.380469545329245,0.0,0.0,-0.0008609495168076583,3.8505490156106825,0.0,-1.0000222823264038,2.796400473786557e-05,4.7144856117471425,79.52023156406254,1.2433299618314264,0.00028536326961604586
0.0,-59985.649671400955,0.026883838189227526,4.380473361158414,0.0,0.0,-0.0008599263478556523,3.850544093002471,0.0,-1.0000102041502528,3.3926745977584216e-05,4.714484644446758,79.52018285839776,1.2433307233640356,0.0002851307347095212
0.0,-59985.64969700639,0.026883837079038454,4.380473361539992,0.0,0.0,-0.0008599262681186693,3.850544092876651,0.0,-1.0000102042022925,3.3926849172380565e-05,4.714484644462945,79.5201828629993,1.2433307232920885,0.00028513072293482504
