# Time,Potential,Kinetic En.,Box-XX,Box-XY,Box-XZ,Box-YX,Box-YY,Box-YZ,Box-ZX,Box-ZY,Box-ZZ,Volume,Density,Temperature
0.0,-66079.28028657434,0.02100894720699091,4.5484,0.0,0.0,0.0,5.798,0.0,0.0,0.0,3.7865,99.8561512468,1.6014528628955658,0.00018278324345725536
