# Time,Potential,Kinetic En.,Box-XX,Box-XY,Box-XZ,Box-YX,Box-YY,Box-YZ,Box-ZX,Box-ZY,Box-ZZ,Volume,Density,Temperature
0.0,15037.010111419382,0.048614281329362165,3.9613,0.0,0.0,0.0,3.846,0.0,-0.599656210990351,0.0,4.080574443460222,62.16820372191254,1.3837620021219093,0.0004735142617583426
0.0,15037.009835665282,0.04861346314646938,3.96129983831157,0.0,0.0,-2.567970883665813e-07,3.845999903886032,0.0,-0.5996565885334484,-2.2129400836629998e-07,4.080574231058189,62.168196394790925,1.3837621652116088,0.000473506292469116
