# Time,Potential,Kinetic En.,Box-XX,Box-XY,Box-XZ,Box-YX,Box-YY,Box-YZ,Box-ZX,Box-ZY,Box-ZZ,Volume,Density,Temperature
0.0,-121621.74843413336,0.060102322519010945,6.0352,0.0,0.0,0.0,4.4584,0.0,0.0,0.0,4.0426,108.775595219968,1.2633752566968528,0.0003984043139825239
0.0,-121681.23806621606,0.12850784271179982,6.038648641777764,0.0,0.0,0.0014280026814507951,4.446621596422464,0.0,-0.0003213386358946854,0.004656229567520431,4.041644455628609,108.52456151434711,1.2662976345240733,0.0008518485937173933
