# Time,Potential,Kinetic En.,Box-XX,Box-XY,Box-XZ,Box-YX,Box-YY,Box-YZ,Box-ZX,Box-ZY,Box-ZZ,Volume,Density,Temperature
0.0,-80081.51407646365,0.04589389169021119,3.8808000000000002,0.0,0.0,0.0,4.2464,0.0,-0.10143285153246415,0.0,4.686102348074569,77.22429149416045,1.184748429923966,0.00047914639198415765
0.0,-80081.51498059042,0.04589386296675597,3.8808000020854285,0.0,0.0,4.927084258713337e-08,4.246400043121823,0.0,-0.10143285671281778,9.046050739685449e-09,4.68610234682036,77.22429229919582,1.184748417573391,0.00047914609210242113
