# Time,Potential,Kinetic En.,Box-XX,Box-XY,Box-XZ,Box-YX,Box-YY,Box-YZ,Box-ZX,Box-ZY,Box-ZZ,Volume,Density,Temperature
0.0,-39447.55053679625,0.19686890504833113,3.85,0.0,0.0,0.0,4.1024,0.0,-0.8446997064058905,0.0,6.530597783204674,103.14582873140259,1.3211758189919725,0.001565997807198783
