# Time,Potential,Kinetic En.,Box-XX,Box-XY,Box-XZ,Box-YX,Box-YY,Box-YZ,Box-ZX,Box-ZY,Box-ZZ,Volume,Density,Temperature
0.0,-8922.925128024111,0.025191526961578118,3.78,0.0,0.0,0.0,4.5726,0.0,-0.014773833049792686,0.0,4.232374214770832,73.15416738426299,1.5049162636176905,0.0002630073155200807
0.0,-8922.92959652505,0.02519147848026114,3.7800000142145977,0.0,0.0,1.2033888365213107e-07,4.572600046101057,0.0,-0.014773864110084238,-5.8403058185995485e-09,4.232373926331767,73.15416341139509,1.5049163453469216,0.00026300680936017023
0.0,-8922.931029920124,0.02519143566663376,3.7800000453658056,0.0,0.0,1.304403523925309e-07,4.572600065497623,0.0,-0.01477386143246959,1.4847286340423973e-09,4.23237388141722,73.1541635482542,1.5049163425314767,0.0002630063623726882
