# Time,Potential,Kinetic En.,Box-XX,Box-XY,Box-XZ,Box-YX,Box-YY,Box-YZ,Box-ZX,Box-ZY,Box-ZZ,Volume,Density,Temperature
0.0,-35454.312724666444,0.07852783442957009,4.131600000000001,0.0,0.0,0.0,4.3859,0.0,-0.6117523383871418,0.0,3.823570571661764,69.28609812021041,0.9076195535651301,0.0007495815542261635
0.0,-35454.312661712276,0.0785278225445192,4.131600004586146,0.0,0.0,-2.37764276818237e-09,4.38589999044711,0.0,-0.6117523183138668,9.382585907313174e-09,3.8235705903772947,69.28609838534781,0.9076195500919385,0.0007495814407783016
0.0,-35454.31313847584,0.07852782861383342,4.131600001924201,0.0,0.0,-6.957222086697151e-09,4.3858999856566125,0.0,-0.6117523062578138,1.1538482358166118e-08,3.8235706056364624,69.2860985415379,0.9076195480459123,0.0007495814987124853
0.0,-35454.31314037802,0.07852782513554177,4.131600001590084,0.0,0.0,-7.424447688901502e-09,4.3858999852316325,0.0,-0.6117523054917114,1.163983252364018e-08,3.82357060570557,69.2860985304735,0.9076195481908513,0.0007495814655107132
0.0,-35454.31314037811,0.07852782554515914,4.131600001590316,0.0,0.0,-7.424742547825769e-09,4.385899985231214,0.0,-0.6117523054913514,1.1639327357117185e-08,3.823570605705604,69.28609853047139,0.9076195481908789,0.0007495814694206851
