# Time,Potential,Kinetic En.,Box-XX,Box-XY,Box-XZ,Box-YX,Box-YY,Box-YZ,Box-ZX,Box-ZY,Box-ZZ,Volume,Density,Temperature
0.0,115538.53859577421,0.03767862643482568,3.9774000000000003,0.0,0.0,0.0,5.1984,0.0,-1.4970558145765689,0.0,4.162791170361839,86.07035378822374,1.3461568447381569,0.00032781373958995925
0.0,115528.11375516668,0.06095949338987273,3.9789582915768817,0.0,0.0,-0.0015492820667459182,5.202760412567794,0.0,-1.4957189259893713,0.0005660348731119469,4.163832633032704,86.19785890822298,1.3441655900573546,0.0005303632691125205
0.0,115523.45654418398,0.0756754732059871,3.981375195249086,0.0,0.0,-0.0014052108869920614,5.204478067082695,0.0,-1.4938221748070755,0.000514177132792236,4.160789773171837,86.21564117688774,1.343888351341432,0.0006583960779410287
0.0,115523.45654418423,0.07567547149664841,3.9813751952613314,0.0,0.0,-0.0014052108838606928,5.204478067096592,0.0,-1.4938221747974914,0.0005141771361572304,4.160789773149765,86.21564117692579,1.3438883513408388,0.0006583960630693426
0.0,115523.45653847455,0.0756754732263132,3.981375195367937,0.0,0.0,-0.0014052109061507285,5.204478067132501,0.0,-1.4938221747614253,0.000514177234761586,4.160789773037802,86.21564117750918,1.343888351331745,0.0006583960781178711
0.0,115523.45645182033,0.07567546760865335,3.9813751956338357,0.0,0.0,-0.00140521152289764,5.204478067300304,0.0,-1.493822174554617,0.0005141776546398363,4.160789772223468,86.2156411691731,1.3438883514616842,0.0006583960292427857
