# Time,Potential,Kinetic En.,Box-XX,Box-XY,Box-XZ,Box-YX,Box-YY,Box-YZ,Box-ZX,Box-ZY,Box-ZZ,Volume,Density,Temperature
0.0,-465343.49828121,0.17114822141622163,3.6814999999999998,0.0,0.0,0.0,5.24,0.0,-0.2856844426452365,0.0,3.781824845128405,72.95540999686277,1.8169620814084106,0.0011781364269175191
0.0,-465640.46812596655,0.948343868794546,3.6779667728901884,0.0,0.0,0.00048413389147269507,5.262589425410924,0.0,-0.28436911222747063,-0.0011439064352579168,3.780092217432961,73.16606272039712,1.8117308581229647,0.006528133613224018
0.0,-465683.89859004086,0.9509102514069162,3.6778560057291863,0.0,0.0,0.000556196256531264,5.263071032972439,0.0,-0.283801239691559,-0.0006861760007204768,3.780554825706124,73.17950945909091,1.811397952482947,0.006545799872423334
0.0,-465740.4962606468,0.9834843813151851,3.6770251902021154,0.0,0.0,-0.00018654173907108583,5.263630238346346,0.0,-0.2858242733393029,0.0013639343827885164,3.7819165636368783,73.19710783079327,1.8109624481930457,0.006770031060469076
0.0,-465771.72411619406,1.0121497802152417,3.6770323570557713,0.0,0.0,-0.00036118468062819266,5.263816708196708,0.0,-0.28639175314923027,0.0019227456323577879,3.7823048156440318,73.2073582958106,1.8107088779556406,0.0069673556388773275
0.0,-465783.90310693823,1.0326092971318996,3.6770510695817027,0.0,0.0,-0.0005351360532242498,5.263919959200918,0.0,-0.2866797554926755,0.0022685988786136373,3.782466317627364,73.21229282143659,1.8105868357545953,0.007108193223733265
0.0,-465783.903351079,1.0326092673886729,3.6770510695817022,0.0,0.0,-0.0005351360532016051,5.263919959200924,0.0,-0.28667975549269625,0.0022685988786652635,3.782466317627344,73.21229282143628,1.810586835754603,0.007108193018989221
