# Time,Potential,Kinetic En.,Box-XX,Box-XY,Box-XZ,Box-YX,Box-YY,Box-YZ,Box-ZX,Box-ZY,Box-ZZ,Volume,Density,Temperature
0.0,-107833.8401362271,0.03685337087393864,3.8506,0.0,0.0,-1.8386067930648373,3.8443536544516603,0.0,-0.8264335493529273,-0.7885497120855056,4.375555939543431,64.77165290647947,1.960291701663835,0.0005261682937169525
0.0,-107840.48363196789,0.039261694001326515,3.8505052331374436,0.0,0.0,-1.8394890685899543,3.84511851830068,0.0,-0.8281601089136562,-0.7872989713678057,4.376749271168778,64.80061336817334,1.959415615006873,0.0005605527540962026
0.0,-107840.74114737356,0.03972894803483126,3.850529807366094,0.0,0.0,-1.8395470033397106,3.8452759465717086,0.0,-0.8283776815036233,-0.787178111518181,4.3769341272973605,64.80641708300426,1.9592401402626016,0.0005672239011774976
0.0,-107840.79334265618,0.03982181268454121,3.850536451222945,0.0,0.0,-1.839553561326252,3.8453065530391686,0.0,-0.8284181032386126,-0.7871473722049697,4.376968391581714,64.8075520639131,1.959205827901091,0.0005685497618281187
0.0,-107840.79565905019,0.03983009069716359,3.8505378203809584,0.0,0.0,-1.8395539887702943,3.8453084056691313,0.0,-0.828421972863192,-0.7871449680796349,4.376971256167385,64.8076487460578,1.9592029050945243,0.0005686679498709924
0.0,-107840.79581826244,0.03983007709955739,3.8505378305978404,0.0,0.0,-1.8395539960001566,3.845308411296639,0.0,-0.8284219785303274,-0.7871449576229521,4.376971273437256,64.80764926856686,1.9592028892985296,0.0005686677557332762
0.0,-107840.79615180907,0.03983004968133134,3.8505378226205607,0.0,0.0,-1.8395539878315301,3.845308401819097,0.0,-0.8284219799798039,-0.7871449547980285,4.376971294068874,64.80764928005341,1.9592028889512794,0.0005686673642738011
0.0,-107840.79607124534,0.03981300984467533,3.850537821488164,0.0,0.0,-1.8395539904271114,3.8453084023613013,0.0,-0.8284219807221892,-0.7871449515615351,4.3769713015240015,64.80764938051678,1.959202885914167,0.0005684240806455769
