# Time,Potential,Kinetic En.,Box-XX,Box-XY,Box-XZ,Box-YX,Box-YY,Box-YZ,Box-ZX,Box-ZY,Box-ZZ,Volume,Density,Temperature
0.0,-3057.169650445261,0.05519219631486634,4.145600000000001,0.0,0.0,0.0,3.9263,0.0,-0.24899585249431183,0.0,5.819475586806823,94.72284340460598,1.2790611741592834,0.0004043674117184114
0.0,-3057.169668667967,0.05519218272326743,4.145599999664653,0.0,0.0,3.1850725287680844e-08,3.9263000220995528,0.0,-0.24899583040358442,1.895715743788495e-08,5.819475591633026,94.72284400865561,1.2790611660026825,0.0004043673121391223
0.0,-3057.1696755434914,0.05519217991892095,4.145599999676213,0.0,0.0,3.2037131399343036e-08,3.9263000225466995,0.0,-0.248995830510873,1.9076582082314075e-08,5.819475591537165,94.72284401814693,1.2790611658745195,0.00040436729159298705
