# Time,Potential,Kinetic En.,Box-XX,Box-XY,Box-XZ,Box-YX,Box-YY,Box-YZ,Box-ZX,Box-ZY,Box-ZZ,Volume,Density,Temperature
0.0,14512.333937258945,0.05389880900745593,5.48,0.0,0.0,0.0,3.8128,0.0,-0.688635396643209,0.0,4.6634297775875275,97.4383733068018,1.2384216915373367,0.0004019429993380965
0.0,14512.33348830663,0.05389855629865313,5.47999949885353,0.0,0.0,2.082083335160567e-07,3.8128007347968094,0.0,-0.6886348769260907,-1.2997505963028735e-07,4.663429414543646,97.43837558873037,1.2384216625344941,0.000401941114796749
0.0,14512.333362299249,0.053898544023138005,5.479999511536786,0.0,0.0,2.1971019532523897e-07,3.8128007622021083,0.0,-0.6886348752371954,-1.4649678941401644e-07,4.663429390308891,97.43837600824195,1.2384216572025886,0.0004019410232537732
0.0,14512.33332840011,0.05389853046495661,5.479999515053643,0.0,0.0,2.280285125478893e-07,3.812800763988436,0.0,-0.688634870469993,-1.5492260993278487e-07,4.663429378659274,97.43837587301608,1.2384216589212813,0.00040194092214548903
0.0,14512.33331101302,0.053898529900532385,5.479999515051167,0.0,0.0,2.280845241853976e-07,3.8128007639958597,0.0,-0.6886348704331896,-1.5516171249244175e-07,4.663429378340312,97.43837586649734,1.2384216590041335,0.0004019409179363726
0.0,14512.333372028266,0.05389852584316981,5.479999515055925,0.0,0.0,2.2808268905186235e-07,3.8128007639957175,0.0,-0.6886348704237445,-1.551751748384337e-07,4.663429378308701,97.43837586591783,1.2384216590114987,0.0004019408876791459
0.0,14512.333310990321,0.05389853065922093,5.47999951505593,0.0,0.0,2.2808322409659724e-07,3.8128007639956127,0.0,-0.6886348704237593,-1.5517520868061426e-07,4.663429378304838,97.4383758658345,1.2384216590125579,0.00040194092359418864
