# Time,Potential,Kinetic En.,Box-XX,Box-XY,Box-XZ,Box-YX,Box-YY,Box-YZ,Box-ZX,Box-ZY,Box-ZZ,Volume,Density,Temperature
0.0,14097.448585253067,0.023762255419046644,4.2492,0.0,0.0,0.0,4.2492,0.0,0.0,0.0,3.8522,69.55417000540801,1.1460699435342558,0.0002501700297947758
0.0,14051.749353109362,0.040391438778594094,4.247527885953207,0.0,0.0,0.000916765715257898,4.246394942432772,0.0,-0.005400797004282671,-0.008162824364745762,3.8467172882025067,69.38201236581679,1.148913687749183,0.00042524277533837547
0.0,14051.747465321838,0.04039180964860552,4.247527872690835,0.0,0.0,0.0009167036083151059,4.246394908251287,0.0,-0.005400977080915516,-0.008162859255644783,3.8467172662971016,69.38201119558677,1.148913707127308,0.0004252466798735373
