# Time,Potential,Kinetic En.,Box-XX,Box-XY,Box-XZ,Box-YX,Box-YY,Box-YZ,Box-ZX,Box-ZY,Box-ZZ,Volume,Density,Temperature
0.0,19838.96551953647,0.02009567979002795,3.6736,0.0,0.0,0.0,4.6422,0.0,-0.34896517897630497,0.0,4.740673533777878,80.84548342695106,1.6862425525259026,0.000223792105049183
0.0,19838.965462345885,0.020095672634957054,3.673599997865288,0.0,0.0,-8.050942564786961e-09,4.64219999496693,0.0,-0.34896517803279253,-3.353230124126744e-10,4.7406735318409545,80.84548325928802,1.686242556022951,0.00022379202536795825
0.0,19838.965480000883,0.020095669196189714,3.673599996568001,0.0,0.0,-1.002044517902532e-08,4.642199995101995,0.0,-0.34896517862794935,-3.296470205735833e-10,4.740673530897574,80.84548321700261,1.6862425569049229,0.0002237919870727132
0.0,19838.96544777558,0.020095663858069032,3.673599995685675,0.0,0.0,-1.1803470080020315e-08,4.642199996052464,0.0,-0.34896517774952834,-2.0330006517520307e-09,4.740673529665581,80.84548319312798,1.6862425574028905,0.00022379192762564412
0.0,19838.96543580938,0.0200956622002601,3.6735999952312848,0.0,0.0,-1.1932054058716878e-08,4.642199996098128,0.0,-0.3489651774637117,-2.329321514861846e-09,4.740673529333728,80.8454831782641,1.686242557712915,0.00022379190916373818
0.0,19838.965457509796,0.020095648693075303,3.6735999934506425,0.0,0.0,-1.303031111374809e-08,4.642199997358267,0.0,-0.3489651740313009,-1.4318735227321282e-09,4.740673526683732,80.84548311583104,1.6862425590151189,0.0002237917587432821
0.0,19838.9654206637,0.020095619632698365,3.6735999935438906,0.0,0.0,-1.3245902366496252e-08,4.642199997666205,0.0,-0.3489651716774369,-8.299734638194731e-10,4.740673519770258,80.8454830053465,1.686242561319561,0.0002237914351173587
