# Time,Potential,Kinetic En.,Box-XX,Box-XY,Box-XZ,Box-YX,Box-YY,Box-YZ,Box-ZX,Box-ZY,Box-ZZ,Volume,Density,Temperature
0.0,15159.615009104487,0.05358606160694734,4.088,0.0,0.0,0.0,3.8968000000000007,0.0,-0.12472639680453658,0.0,4.303793057982709,68.55993298276263,1.1733752727130602,0.0005994160925346133
0.0,15159.614823036183,0.05358597900544187,4.08800000379382,0.0,0.0,1.5442693746657445e-08,3.8968000050826337,0.0,-0.12472648739563387,5.554254998970143e-08,4.303793050376436,68.55993301464339,1.173375272167434,0.0005994151685504622
