# Time,Potential,Kinetic En.,Box-XX,Box-XY,Box-XZ,Box-YX,Box-YY,Box-YZ,Box-ZX,Box-ZY,Box-ZZ,Volume,Density,Temperature
0.0,20054.678703719623,0.042625915145841055,4.3482,0.0,0.0,-1.8045065656862893,4.242912978649819,0.0,-1.0751263783737484,-1.7363138199457058,4.830320908510168,89.11475570456923,1.305863465067528,0.0003694932757075106
0.0,20054.676825719416,0.04262558186312113,4.348199946589496,0.0,0.0,-1.804506465863265,4.24291313174029,0.0,-1.0751263237613868,-1.7363137727536608,4.830320977362317,89.11475909558628,1.3058634153764854,0.0003694903867202947
0.0,20054.676616320732,0.042625546905828475,4.3481999443121335,0.0,0.0,-1.8045064606774508,4.242913139202021,0.0,-1.0751263145422991,-1.7363137748195685,4.830320981842817,89.1147592882937,1.3058634125526034,0.0003694900837007694
0.0,20054.676616320776,0.042625546833841024,4.348199944311924,0.0,0.0,-1.8045064606773544,4.242913139202184,0.0,-1.075126314542121,-1.7363137748196764,4.830320981842899,89.11475928829434,1.305863412552594,0.0003694900830767622
