# Time,Potential,Kinetic En.,Box-XX,Box-XY,Box-XZ,Box-YX,Box-YY,Box-YZ,Box-ZX,Box-ZY,Box-ZZ,Volume,Density,Temperature
0.0,33929.62269226643,0.03334028394302744,3.8597,0.0,0.0,-0.32945982549350394,4.71149500937715,0.0,-0.6257252547369369,-0.49203102337863497,6.0246412654711134,109.55784408626482,1.4068711258420659,0.0002566509515886517
0.0,33929.622780546015,0.033340272119729314,3.859700002778479,0.0,0.0,-0.32945982164274284,4.711495008610438,0.0,-0.625725253324458,-0.4920310216971742,6.024641258749523,109.5578440250717,1.4068711266278684,0.0002566508605738085
