# Time,Potential,Kinetic En.,Box-XX,Box-XY,Box-XZ,Box-YX,Box-YY,Box-YZ,Box-ZX,Box-ZY,Box-ZZ,Volume,Density,Temperature
0.0,-270718.14694033546,0.04787559069528636,4.4177,0.0,0.0,0.0,4.4786,0.0,-0.8336524888627651,0.0,5.147125913343574,101.8364586588467,1.3320507917928643,0.00035543889148047605
0.0,-270718.15579954715,0.047876949105697335,4.4177000603978005,0.0,0.0,3.7081120084708005e-07,4.478600192996002,0.0,-0.8336514787856958,1.009732903473908e-06,5.147126550591264,101.83647704758057,1.332050551262867,0.0003554489766174664
