# Time,Potential,Kinetic En.,Box-XX,Box-XY,Box-XZ,Box-YX,Box-YY,Box-YZ,Box-ZX,Box-ZY,Box-ZZ,Volume,Density,Temperature
0.0,-70044.38362910466,0.0030280282009643904,4.0838,0.0,0.0,-0.0014011153884620643,4.013899755459231,0.0,-0.0007042403496040231,0.01690147425349991,4.034964540638938,66.14099277056101,1.5159340770332073,5.8987379796853936e-05
