# Time,Potential,Kinetic En.,Box-XX,Box-XY,Box-XZ,Box-YX,Box-YY,Box-YZ,Box-ZX,Box-ZY,Box-ZZ,Volume,Density,Temperature
0.0,-286579.5708113175,0.04226564571364149,3.6829,0.0,0.0,-0.0062087270080523815,3.9525951236762085,0.0,-0.6205249617080266,-0.0009747191322095643,7.678868603630347,111.78138687079388,1.1596140238211965,0.0002521522196121608
0.0,-286579.88809482154,0.042333131074171,3.682590557572597,0.0,0.0,-0.006245180285938816,3.9526612777704697,0.0,-0.6206318623761332,-0.0009885768911878953,7.678900430779988,111.77432883282592,1.15968724814644,0.00025255482989201155
0.0,-286579.9658683473,0.04233669174172367,3.6825824932289852,0.0,0.0,-0.006253305451459044,3.9526620547476936,0.0,-0.6206357286098787,-0.0009900205633573704,7.678893078252378,111.77399901120675,1.1596906701401888,0.0002525760724451903
0.0,-286580.5447404911,0.04234184157755307,3.6824851970638615,0.0,0.0,-0.00624349089151058,3.952719276664072,0.0,-0.6207306663584524,-0.0009998260894286174,7.678704163162813,111.76991414288604,1.1597330534927806,0.00025260679580249617
0.0,-286580.9286323227,0.04235018670099819,3.682416728669932,0.0,0.0,-0.006228771059860824,3.952743862981553,0.0,-0.6208152962897797,-0.001052949285822041,7.67856894499546,111.76656302550843,1.1597678259818305,0.00025265658189623956
0.0,-286580.9292153409,0.042350167397930696,3.6824167344165213,0.0,0.0,-0.00622877664751151,3.9527438782601223,0.0,-0.6208153102696534,-0.001052953171705853,7.678568945521334,111.7665636395921,1.15976781960967,0.0002526564667362501
