# Time,Potential,Kinetic En.,Box-XX,Box-XY,Box-XZ,Box-YX,Box-YY,Box-YZ,Box-ZX,Box-ZY,Box-ZZ,Volume,Density,Temperature
0.0,-274256.79594696016,0.03235497006192178,4.1018,0.0,0.0,0.008801688983050063,4.202490782889481,0.0,-1.3494934519573059,-0.021374276349638108,4.264416135115672,73.50905306424207,1.1942045928931426,0.00030884194021303397
0.0,-274259.3168881002,0.040903310466789806,4.10169277817179,0.0,0.0,0.009875373143433088,4.202488001768811,0.0,-1.3525189573932668,-0.02343459486629238,4.261235180380005,73.4522517604148,1.1951280823204524,0.0003904394824511584
0.0,-274259.50131396565,0.04017663315198834,4.101580734532427,0.0,0.0,0.00991153523410132,4.2024378936417435,0.0,-1.352652797476069,-0.023561037081450107,4.261431568400357,73.45275459592627,1.1951199008323128,0.0003835030386410555
0.0,-274259.5023010001,0.04017017225524938,4.101579749209771,0.0,0.0,0.009911371255410696,4.202437552507901,0.0,-1.3526540805952558,-0.023562660240298718,4.261433531350748,73.45276482248508,1.195119734440156,0.00038344136663577907
0.0,-274259.50368072954,0.04016999200405438,4.10157969672389,0.0,0.0,0.009911378364062839,4.202437553455564,0.0,-1.3526541139040051,-0.02356274154555646,4.2614336082004955,73.45276522374118,1.195119727911483,0.0003834396460615155
0.0,-274259.50374309276,0.04016999434156544,4.101579696837976,0.0,0.0,0.00991137857400249,4.202437553838762,0.0,-1.3526541142064834,-0.02356274189907083,4.261433608730261,73.45276524161342,1.1951197276206913,0.00038343966837405197
