# Time,Potential,Kinetic En.,Box-XX,Box-XY,Box-XZ,Box-YX,Box-YY,Box-YZ,Box-ZX,Box-ZY,Box-ZZ,Volume,Density,Temperature
0.0,68693.92377621838,0.054615590241982974,4.7821,0.0,0.0,0.0,3.7325000000000004,0.0,-1.965960930400955,-0.0008738514454515334,4.6046762205958265,82.18973269171343,0.9918689097585037,0.0004170632165366235
0.0,68693.55580228884,0.053685192182297795,4.781238037725298,0.0,0.0,0.0007042479002030273,3.7322983172932087,0.0,-1.9659802441011216,-0.0004035097232879696,4.604795518617987,82.17260680257526,0.9920756287327348,0.00040995838061500325
0.0,68693.55563583042,0.05368476001685562,4.781238038012255,0.0,0.0,0.0007043488708524231,3.732298323744784,0.0,-1.9659802952335936,-0.0004033902247641323,4.604795683198716,82.17260988649316,0.9920755915003798,0.0004099550804527494
