# Time,Potential,Kinetic En.,Box-XX,Box-XY,Box-XZ,Box-YX,Box-YY,Box-YZ,Box-ZX,Box-ZY,Box-ZZ,Volume,Density,Temperature
0.0,-84062.43831373326,0.02193203158487251,4.2954,0.0,0.0,-0.024649000734925743,4.153726864727959,0.0,-0.017736188134694242,-0.01699715857097855,4.839037645465363,86.33771468274742,1.0611662225717098,0.00021807350277646065
0.0,-84062.51149407912,0.021415363024407625,4.295856614838917,0.0,0.0,-0.024683291509482768,4.153455485511371,0.0,-0.017905951287089314,-0.01720295758490822,4.839591877968221,86.35114025561262,1.0610012361638748,0.00021293618923945283
0.0,-84062.51324579293,0.02141346887969416,4.29585613618127,0.0,0.0,-0.024682934914705443,4.153455589054386,0.0,-0.017906386315405427,-0.01720441234274138,4.8395931567028,86.35115560279074,1.061001047592282,0.00021291735547246537
