# Time,Potential,Kinetic En.,Box-XX,Box-XY,Box-XZ,Box-YX,Box-YY,Box-YZ,Box-ZX,Box-ZY,Box-ZZ,Volume,Density,Temperature
0.0,-506389.82911989704,0.03152899029228828,3.9347000000000003,0.0,0.0,-0.003024201669917715,5.775799208265837,0.0,-0.09733524947814795,-0.002568427765242919,4.807013964238906,109.24437790669064,1.556040374433905,0.00023407814287486163
