# Time,Potential,Kinetic En.,Box-XX,Box-XY,Box-XZ,Box-YX,Box-YY,Box-YZ,Box-ZX,Box-ZY,Box-ZZ,Volume,Density,Temperature
0.0,26703.631064895395,0.06583079927831363,4.1455,0.0,0.0,-0.017271743202526748,4.947969855090747,0.0,-0.07620590303722272,0.010920906124624031,4.005260215535528,82.15513267365866,0.8556260489675579,0.0004998500797694299
0.0,26700.75888102452,0.06585680967038714,4.149484306119053,0.0,0.0,-0.020414049510994476,4.947166692153507,0.0,-0.07639627078657592,0.014084602764879096,4.009067703183211,82.29890573416888,0.8541313027784688,0.0005000475754203305
0.0,26700.75776931207,0.06585981563604572,4.149485554992424,0.0,0.0,-0.0204145086529173,4.947167102694106,0.0,-0.07639632658138727,0.014085400020086881,4.00906841796112,82.29895200641063,0.8541308225467144,0.0005000703995724098
0.0,26700.7575270001,0.06585983180459755,4.149485605166755,0.0,0.0,-0.020414544924571065,4.947167132772521,0.0,-0.07639632289217664,0.01408544381605849,4.009068448857632,82.29895413616617,0.854130800443276,0.0005000705223394429
0.0,26700.7575263042,0.06585983107588742,4.149485605838848,0.0,0.0,-0.02041454541646107,4.947167133173706,0.0,-0.07639632279843107,0.014085444298665328,4.009068449280929,82.29895416485961,0.8541308001454843,0.0005000705168063821
