# Time,Potential,Kinetic En.,Box-XX,Box-XY,Box-XZ,Box-YX,Box-YY,Box-YZ,Box-ZX,Box-ZY,Box-ZZ,Volume,Density,Temperature
0.0,19900.937821606258,0.026765161289113996,4.5158000000000005,0.0,0.0,0.13731299975391223,4.096099083286266,0.0,1.7040335168966285,0.5556796357482711,4.804141096565294,88.86298689676298,1.5659494687084015,0.00026494724126256344
