# Time,Potential,Kinetic En.,Box-XX,Box-XY,Box-XZ,Box-YX,Box-YY,Box-YZ,Box-ZX,Box-ZY,Box-ZZ,Volume,Density,Temperature
0.0,-52652.68910293761,0.030000390402931856,4.28,0.0,0.0,0.0007913846387151985,4.534299930938663,0.0,-0.8560950140710083,-0.0005559231491982768,3.9495831055735757,76.64878404414995,1.4862519663251874,0.00027535238140734215
0.0,-52653.108808271914,0.029971956805544434,4.280071912386488,0.0,0.0,0.0006442540764176122,4.534294928113425,0.0,-0.8558927980718067,-0.0005678383434542601,3.949937846356027,76.65687181646055,1.4860951575849533,0.00027509140951172844
0.0,-52653.11505554982,0.030031051025227264,4.280035105788446,0.0,0.0,0.0006521277734191116,4.534381324771224,0.0,-0.8558640810147922,-0.0005789595988378776,3.9500335035915963,76.65952966418703,1.4860436334671663,0.0002756337935906865
