# Time,Potential,Kinetic En.,Box-XX,Box-XY,Box-XZ,Box-YX,Box-YY,Box-YZ,Box-ZX,Box-ZY,Box-ZZ,Volume,Density,Temperature
0.0,-6657.194292632497,0.023766066529706694,3.6177,0.0,0.0,0.6996880700972629,4.412671916714811,0.0,0.03916749035510026,1.5234733557169904,4.634461436037601,73.98325951399714,1.3007216106519965,0.0002544872499670523
0.0,-6657.421071463268,0.02381634855865238,3.6177431843803545,0.0,0.0,0.6997175067556152,4.412674527138332,0.0,0.03911892033265304,1.5234591590978903,4.634424099112721,73.98359037334794,1.3007157937417129,0.0002550256703763849
0.0,-6657.432223146749,0.023825760209555586,3.617748833451416,0.0,0.0,0.6997247163514987,4.412676762869313,0.0,0.03911726098361027,1.5234569354782832,4.63441540041869,73.98360451711292,1.3007155450782608,0.0002551264504172475
