# Time,Potential,Kinetic En.,Box-XX,Box-XY,Box-XZ,Box-YX,Box-YY,Box-YZ,Box-ZX,Box-ZY,Box-ZZ,Volume,Density,Temperature
0.0,11727.31576865981,0.041419418423761,3.9768000000000003,0.0,0.0,-0.0013768204057676872,3.9442997596995046,0.0,-0.002938383834518374,-0.0009804870671194623,5.6118991450796365,88.02651750875589,1.5592547962685623,0.0003641528507548108
0.0,11727.315663159558,0.041419411851842974,3.976799993312588,0.0,0.0,-0.0013768198889384207,3.944299761616813,0.0,-0.002938390790719801,-0.000980489488735853,5.611899166641149,88.02651774172651,1.559254792141845,0.0003641527929755668
0.0,11727.315665178314,0.04141942996417073,3.97679999271037,0.0,0.0,-0.0013768199175030085,3.9442997617232467,0.0,-0.002938389514449069,-0.0009804907032066434,5.611899167418784,88.02651774296947,1.5592547921198276,0.0003641529522162331
