# Time,Potential,Kinetic En.,Box-XX,Box-XY,Box-XZ,Box-YX,Box-YY,Box-YZ,Box-ZX,Box-ZY,Box-ZZ,Volume,Density,Temperature
0.0,-450436.7695699328,0.04208880202551116,4.4309,0.0,0.0,0.0,4.4644,0.0,-1.7367034303248723,-0.0017383478996837623,4.667360943107401,92.32651351080543,1.5486065308772157,0.0003552364449498446
0.0,-450440.42396606144,0.04404444295591054,4.430242210421676,0.0,0.0,0.0011557002749582417,4.464143722322269,0.0,-1.736888885949747,-0.0016958167731304374,4.667391437676268,92.30811107814922,1.5489152591900643,0.0003717423776036749
0.0,-450440.7411760431,0.045177417594366436,4.430027628843289,0.0,0.0,0.0014955633214605844,4.464184267752256,0.0,-1.7369344566676883,-0.0016647913197490604,4.66740753915371,92.30479685133001,1.5489708733798768,0.0003813048707946062
0.0,-450440.7419595855,0.04517745114946538,4.430027610387031,0.0,0.0,0.0014955806541663771,4.464184270194088,0.0,-1.736934457452314,-0.0016647952104984019,4.667407534286207,92.30479642099947,1.548970880601273,0.0003813051540051868
0.0,-450440.7423238867,0.04517746239460224,4.43002760899662,0.0,0.0,0.001495581053258313,4.464184270227956,0.0,-1.7369344577647607,-0.0016647958071425496,4.667407535118408,92.30479640918692,1.5489708807994997,0.00038130524891600036
0.0,-450440.74244595703,0.045177459104435685,4.430027608996617,0.0,0.0,0.001495581053259935,4.464184270227956,0.0,-1.7369344577647619,-0.0016647958071453683,4.667407535118411,92.30479640918689,1.5489708807995002,0.0003813052211464509
