# Time,Potential,Kinetic En.,Box-XX,Box-XY,Box-XZ,Box-YX,Box-YY,Box-YZ,Box-ZX,Box-ZY,Box-ZZ,Volume,Density,Temperature
0.0,-114290.24416602624,0.016108083066643027,4.1117,0.0,0.0,-0.0014368248242326786,4.116199749226758,0.0,-0.051967036949423895,-1.813991868192626e-05,4.802218828493933,81.27552957974251,1.5388705869816035,0.0001601651029802425
0.0,-114290.62799180309,0.015202902263700973,4.111797372287657,0.0,0.0,-0.0015505620814159097,4.116118559310625,0.0,-0.05248254645206214,-0.0003639331665642984,4.801454365416068,81.26291290480962,1.539109508148292,0.00015116475353337523
