# Time,Potential,Kinetic En.,Box-XX,Box-XY,Box-XZ,Box-YX,Box-YY,Box-YZ,Box-ZX,Box-ZY,Box-ZZ,Volume,Density,Temperature
0.0,175966.2679900742,0.021007452736699697,4.3578,0.0,0.0,-0.34192030538421553,4.433534864503263,0.0,-0.8381279888943789,-1.3525878927215054,4.237813157360181,81.87649210405328,1.5270869859004947,0.00021267809882926202
0.0,175965.65822922406,0.020933741251478476,4.358599222160222,0.0,0.0,-0.34139925124137355,4.434657391773572,0.0,-0.8379798654222613,-1.3525715700503367,4.237616943920146,81.90844981634584,1.5264911718342962,0.00021193184849919018
0.0,175965.51598475265,0.020834918131113475,4.3586098346257796,0.0,0.0,-0.3414145716637319,4.434745357066561,0.0,-0.8379791131484771,-1.3526576221517734,4.237524968064104,81.90849614805488,1.5264903083714303,0.00021093136959186954
0.0,175965.499929392,0.020823293250443322,4.358616122040651,0.0,0.0,-0.34142157255778793,4.434748266495956,0.0,-0.8379741575921097,-1.3526647583597602,4.237524220688371,81.90865359343857,1.526487374141141,0.00021081368004849494
0.0,175965.49425482817,0.020820197231519205,4.358615999532285,0.0,0.0,-0.3414218644742583,4.434748979543706,0.0,-0.8379727659911643,-1.352666122583909,4.237524856755501,81.90867675580078,1.5264869424768186,0.0002107823361522609
0.0,175965.4941666108,0.020820193951455224,4.358615995561705,0.0,0.0,-0.34142187230905924,4.434748990533549,0.0,-0.8379727557193066,-1.3526661302228715,4.237524863989688,81.90867702399608,1.5264869374786103,0.00021078230294510435
0.0,175965.4941335691,0.020820172186253576,4.358615994945634,0.0,0.0,-0.3414218765426728,4.434748999217948,0.0,-0.8379727613062172,-1.3526661433054574,4.23752487765387,81.90867743693727,1.5264869297828527,0.00021078208259560434
