# Time,Potential,Kinetic En.,Box-XX,Box-XY,Box-XZ,Box-YX,Box-YY,Box-YZ,Box-ZX,Box-ZY,Box-ZZ,Volume,Density,Temperature
0.0,42898.87462818031,0.04271784853395916,3.8969000000000005,0.0,0.0,0.0015761370022972553,4.515299724912196,0.0,-0.5619942798938005,-0.0007744395386260047,5.5327305437378795,97.35210913461984,1.2493624425894854,0.00034979413436395226
0.0,42898.87260131271,0.04271777669072195,3.8969000278132326,0.0,0.0,0.001576119855698479,4.5152997057175,0.0,-0.5619941706210244,-0.0007743878520360346,5.532730666980344,97.35211158413499,1.2493624111537807,0.00034979354607723296
0.0,42898.871699047355,0.042717712865951454,3.896900046686573,0.0,0.0,0.0015761040916125548,4.5152997025722295,0.0,-0.5619942018887071,-0.0007743656858478455,5.532730750705069,97.35211346100674,1.2493623870670616,0.00034979302344954655
0.0,42898.87161737743,0.04271767313514066,3.8969000514956247,0.0,0.0,0.0015760754061623131,4.515299697781813,0.0,-0.5619942057603613,-0.0007743811173796385,5.532730770890695,97.35211383304207,1.2493623822925688,0.000349792698114703
