# Time,Potential,Kinetic En.,Box-XX,Box-XY,Box-XZ,Box-YX,Box-YY,Box-YZ,Box-ZX,Box-ZY,Box-ZZ,Volume,Density,Temperature
0.0,-14792.689118365251,0.04333685700465101,3.943,0.0,0.0,0.8266449246493404,4.6081420397543615,0.0,0.7540487626482771,1.1482486331187702,5.138550042579081,93.36696129530927,1.3814383918262392,0.00036196012861800246
0.0,-14792.70037216282,0.043536444751069506,3.9430037237220574,0.0,0.0,0.8266784524641202,4.608168655351778,0.0,0.7539843577847276,1.1482059962977993,5.138334168457578,93.36366629870282,1.3814871456401532,0.00036362713474990686
0.0,-14792.700378259273,0.04353644237450699,3.9430037243727103,0.0,0.0,0.826678451659183,4.608168654461487,0.0,0.7539843596860749,1.1482059961616071,5.1383341665974385,93.36366626227267,1.3814871461792042,0.00036362711490027
0.0,-14792.700560606572,0.043536442924286226,3.94300372430169,0.0,0.0,0.8266784515609212,4.608168654405619,0.0,0.7539843598257011,1.1482059961576212,5.1383341664590185,93.36366625694403,1.3814871462580516,0.00036362711949216187
0.0,-14792.700438555665,0.043536443988056,3.943003724287322,0.0,0.0,0.8266784515605198,4.608168654414304,0.0,0.7539843598622136,1.1482059961305955,5.138334166443883,93.36366625650477,1.381487146264551,0.00036362712837702965
0.0,-14792.700560626512,0.04353644211282906,3.943003724286805,0.0,0.0,0.826678451560574,4.608168654414839,0.0,0.7539843598636528,1.1482059961298405,5.138334166443291,93.36366625649259,1.3814871462647313,0.00036362711271467136
