# Time,Potential,Kinetic En.,Box-XX,Box-XY,Box-XZ,Box-YX,Box-YY,Box-YZ,Box-ZX,Box-ZY,Box-ZZ,Volume,Density,Temperature
0.0,-16631.319536540384,0.012650834740673456,3.854,0.0,0.0,-0.001645042599767102,4.7126997128859,0.0,-0.3690713982692956,-0.0010832286748947671,5.455830827618759,99.09286241276044,1.231798013938648,0.00014088385995528993
0.0,-16631.746889892118,0.012517793801129284,3.8539755582603226,0.0,0.0,-0.0016137762864367046,4.712874319365683,0.0,-0.36910510460689044,-0.001227481152356041,5.455859901536881,99.0964334399946,1.2317536250126082,0.0001394022722593571
0.0,-16631.80512659047,0.012499741120686659,3.8539710211622715,0.0,0.0,-0.0016077990362868202,4.712906615306701,0.0,-0.3691111815277555,-0.0012538009127712896,5.455862711538592,99.09704689568328,1.2317459998987226,0.00013920123166753594
0.0,-16631.820237724154,0.012497783878044861,3.8539688979336035,0.0,0.0,-0.001607685698143507,4.712910091852944,0.0,-0.36911147539655903,-0.0012559814072658942,5.455863045919604,99.09707147504669,1.2317456943848248,0.00013917943516921012
0.0,-16631.82133206163,0.012496932856544647,3.853967936376797,0.0,0.0,-0.0016076317526069672,4.712911672905589,0.0,-0.3691115913632897,-0.001256972667598435,5.455863198867434,99.09708277295167,1.2317455539554052,0.00013916995791365245
0.0,-16631.822278740012,0.012496863663114303,3.8539679195309886,0.0,0.0,-0.0016075996198167781,4.712911749004743,0.0,-0.36911160208335025,-0.0012569486386934394,5.455863211792284,99.09708417467044,1.231745536532482,0.00013916918735283571
0.0,-16631.82266330955,0.012496640082522138,3.8539678656537375,0.0,0.0,-0.0016074793762407419,4.7129117658514454,0.0,-0.36911161384343216,-0.0012569527206835402,5.455863225949625,99.09708340070112,1.2317455461526772,0.0001391666974857652
