# Time,Potential,Kinetic En.,Box-XX,Box-XY,Box-XZ,Box-YX,Box-YY,Box-YZ,Box-ZX,Box-ZY,Box-ZZ,Volume,Density,Temperature
0.0,-70731.8583708237,0.021168274667539223,3.7,0.0,0.0,0.15196913478299323,4.4865269632615945,0.0,0.3365319863121818,0.24594146576339668,4.278544198393529,71.02447446551643,1.5163492568475343,0.00023573687467187235
0.0,-70736.97551113875,0.023603773880930105,3.699279450965109,0.0,0.0,0.15132373575890412,4.486772727074962,0.0,0.33741901954213294,0.2475043867607861,4.2794372913577625,71.02935618357651,1.516245040929634,0.0002628593956069861
0.0,-70736.97689695276,0.0236050629440875,3.6992787000936644,0.0,0.0,0.15132339627374505,4.486772306516861,0.0,0.33741932729257545,0.24750459057242225,4.279437177734028,71.02933322250638,1.5162455310737357,0.00026287375103862853
