# Time,Potential,Kinetic En.,Box-XX,Box-XY,Box-XZ,Box-YX,Box-YY,Box-YZ,Box-ZX,Box-ZY,Box-ZZ,Volume,Density,Temperature
0.0,-342333.3220659091,0.013318985062009072,3.6412,0.0,0.0,-0.0021812600395980136,4.165899428947443,0.0,0.0,0.0,5.8922,89.37803349462692,1.8817152454997874,0.0001324326802403042
0.0,-342333.9276764645,0.013269448146030777,3.6408890966351466,0.0,0.0,-0.002243044610653163,4.165970769309442,0.0,3.0919076234594456e-05,-4.17135628726935e-05,5.892265167484305,89.37292086710761,1.8818228900643188,0.0001319401272024187
