# Time,Potential,Kinetic En.,Box-XX,Box-XY,Box-XZ,Box-YX,Box-YY,Box-YZ,Box-ZX,Box-ZY,Box-ZZ,Volume,Density,Temperature
0.0,-400455.6238003841,0.026638565604246624,4.1611,0.0,0.0,-0.013845319773343188,3.96637583533386,0.0,-0.8816065967576994,0.0038536914368116535,4.885084539454319,80.6258117761533,1.424911358788788,0.00027811484550198785
0.0,-400456.77346274507,0.02686652034365485,4.161058856895759,0.0,0.0,-0.013913201268665545,3.966225860378798,0.0,-0.8815519307601264,0.0037244411146033656,4.884743378248759,80.61633560253937,1.4250788522294093,0.00028049476332766307
0.0,-400456.79897780623,0.026877439912474377,4.1610562455183,0.0,0.0,-0.013920208850594931,3.96622003099417,0.0,-0.8815420935868599,0.003724359549535897,4.884734530544379,80.6160205039022,1.4250844223431582,0.00028060876699589015
0.0,-400456.8053945614,0.026877462061957597,4.161056262379078,0.0,0.0,-0.013920273114588889,3.9662200261289495,0.0,-0.8815420046188717,0.003724346120649196,4.88473445060896,80.61601941244561,1.425084441637311,0.00028060899824333024
0.0,-400456.8053885324,0.026877483149334983,4.161056261879265,0.0,0.0,-0.013920283672675737,3.96622002760793,0.0,-0.8815419934879083,0.003724343619243192,4.884734439668307,80.61601925226265,1.4250844444689348,0.00028060921840205764
