# Time,Potential,Kinetic En.,Box-XX,Box-XY,Box-XZ,Box-YX,Box-YY,Box-YZ,Box-ZX,Box-ZY,Box-ZZ,Volume,Density,Temperature
0.0,-26385.162163618385,0.03456435171200192,3.9428,0.0,0.0,-0.898041890728344,4.132651397407851,0.0,-1.0087743536168026,-1.70533946090267,4.407196618778563,71.81182216541345,1.4497347096525703,0.0004051789455095079
0.0,-26388.94597884625,0.03457691706188426,3.9444066717900004,0.0,0.0,-0.8961711159465778,4.133615596790733,0.0,-1.0095576702884894,-1.7068698249096885,4.408579344963544,71.88039144053077,1.448351755885053,0.00040532624221733296
0.0,-26389.215901079788,0.03470956856942243,3.9444790614667693,0.0,0.0,-0.8960665106476584,4.133664049569673,0.0,-1.0095327318264937,-1.7070321460400377,4.4085817253972,71.88259200986454,1.4483074169377588,0.0004068812431151481
0.0,-26389.261541196865,0.03475315378463957,3.9444853269961917,0.0,0.0,-0.896030202130173,4.133686503168762,0.0,-1.0095295283067574,-1.707054722066739,4.408571570466616,71.88293107028896,1.4483005855005846,0.00040739216869791704
0.0,-26389.263103250923,0.0347547405099705,3.9444858118328665,0.0,0.0,-0.8960298447290268,4.133686780589404,0.0,-1.009528948216333,-1.7070545799380232,4.40857154148509,71.88294425745218,1.4483003198050652,0.000407410769009063
0.0,-26389.264315317592,0.03475475992354367,3.944485829940271,0.0,0.0,-0.8960298359133881,4.133686793960707,0.0,-1.0095289298379844,-1.7070545755181585,4.40857153906265,71.88294478045763,1.4483003092675315,0.0004074109965837379
