# Time,Potential,Kinetic En.,Box-XX,Box-XY,Box-XZ,Box-YX,Box-YY,Box-YZ,Box-ZX,Box-ZY,Box-ZZ,Volume,Density,Temperature
0.0,46942.243372066376,0.020073230878898975,4.1231,0.0,0.0,1.6858082050712382,3.994756501429655,0.0,0.7579997407576707,0.4911373824667345,4.388519193823245,72.2823364977395,1.380994254602447,0.00019608956718011284
0.0,46942.24305527288,0.020073180000484834,4.123100201424511,0.0,0.0,1.685808030216175,3.9947565758117918,0.0,0.757999765137042,0.4911373915955628,4.388519342316817,72.28234382062402,1.3809941146946778,0.00019608907016365008
0.0,46942.241726123044,0.020073172463196856,4.123100221449609,0.0,0.0,1.685808024428685,3.9947565715069,0.0,0.7579997677740288,0.4911374027481406,4.388519363587533,72.28234444413664,1.3809941027821249,0.00019608899653407116
0.0,46942.24119100457,0.020073189737022285,4.123100230639932,0.0,0.0,1.6858080214869897,3.994756564421179,0.0,0.7579997676837941,0.4911373958119637,4.388519398259128,72.28234504810989,1.3809940912428824,0.00019608916527705887
