# Time,Potential,Kinetic En.,Box-XX,Box-XY,Box-XZ,Box-YX,Box-YY,Box-YZ,Box-ZX,Box-ZY,Box-ZZ,Volume,Density,Temperature
0.0,-53352.88843023936,0.011513197608678702,3.6979,0.0,0.0,-0.7374055566570173,3.797160867676185,0.0,-1.201871660992946,-1.4244039612857482,3.4617995935027106,48.608932287396335,1.5315922599389826,0.00020605943310536746
0.0,-53373.055586538714,0.043764783470689156,3.6972858165002247,0.0,0.0,-0.7346275554143755,3.80236465596919,0.0,-1.202299683790613,-1.4265733728056131,3.4608100563296946,48.65355215372665,1.5301876463211508,0.0007832877345170766
0.0,-53373.05687618141,0.04379148156135666,3.6972843629788885,0.0,0.0,-0.7346267067697609,3.802367527878031,0.0,-1.2022994272870062,-1.426574852195448,3.460811999721942,48.653597095304065,1.5301862328789662,0.0007837655681837023
0.0,-53373.05723612078,0.043792626708466294,3.697284231553904,0.0,0.0,-0.7346267695655648,3.802367695393621,0.0,-1.2022991976729593,-1.4265750155888157,3.460811997578424,48.65359747917493,1.530186220805986,0.0007837860636509265
0.0,-53373.05759632058,0.04379263080217511,3.6972842368197365,0.0,0.0,-0.7346267681152236,3.80236770111641,0.0,-1.2022991806394348,-1.4265750323290183,3.4608120023659965,48.65359768900181,1.5301862142067986,0.0007837861369187836
0.0,-53373.05762854534,0.04379262852429565,3.6972842370318753,0.0,0.0,-0.7346267684002991,3.802367701301652,0.0,-1.2022991804286567,-1.426575033156616,3.460812002466186,48.6535976955722,1.5301862140001559,0.0007837860961500445
