# Time,Potential,Kinetic En.,Box-XX,Box-XY,Box-XZ,Box-YX,Box-YY,Box-YZ,Box-ZX,Box-ZY,Box-ZZ,Volume,Density,Temperature
0.0,74824.9994022941,0.048643873113231824,4.2201,0.0,0.0,0.001786274639969824,5.117299688236259,0.0,0.004228897098080569,0.0007033401875737701,4.038297724504957,87.20912479548149,1.2263471984941536,0.0004062856373422176
0.0,74824.87997147086,0.048410124226803096,4.220929838676954,0.0,0.0,0.0014901704190048578,5.116955078247982,0.0,0.0051371262183951385,0.0005469620825362899,4.038614824945276,87.2272483887213,1.2260923948839646,0.00040433330893531504
0.0,74824.10397336379,0.048052163624526245,4.221185087279105,0.0,0.0,0.0012558355052655192,5.116874948924151,0.0,0.0050335862743519635,0.0004447581207665175,4.038318718589678,87.22476149899913,1.2261273523492862,0.0004013435336125129
0.0,74823.68319402957,0.04786073748753891,4.221339380859486,0.0,0.0,0.0011346755946773082,5.116809595244602,0.0,0.004967058940778713,0.0003350614311812345,4.038134421543841,87.2228548864141,1.2261541543823529,0.0003997446952574992
0.0,74823.68313299923,0.04786073842143407,4.221339380877971,0.0,0.0,0.001134675603018274,5.116809595236551,0.0,0.004967058930483671,0.00033506143469037657,4.038134421536992,87.22285488651089,1.2261541543809922,0.00039974470305762216
