# Time,Potential,Kinetic En.,Box-XX,Box-XY,Box-XZ,Box-YX,Box-YY,Box-YZ,Box-ZX,Box-ZY,Box-ZZ,Volume,Density,Temperature
0.0,63585.07074613407,0.05842161890029695,4.4218,0.0,0.0,0.0,4.395600000000001,0.0,0.0,0.0,4.6744,90.85380769555204,1.3283998545729936,0.00041090676552908484
0.0,63548.23134590099,0.08595794309163222,4.420551643680747,0.0,0.0,-0.0018206178678473706,4.394006838037018,0.0,-0.0011288785338274467,-0.0012800069439753469,4.672778136772548,90.76373482729963,1.3297181430426686,0.0006045827046935224
0.0,63544.731580194595,0.10137630231420658,4.420463355929593,0.0,0.0,-0.0024359533553356067,4.393435266384708,0.0,-0.001963669745077623,-0.001319233078667017,4.672471890233307,90.7441681686244,1.330004862746692,0.0007130272880030986
0.0,63544.73066226723,0.10148606682028002,4.420462941404711,0.0,0.0,-0.002438853069280209,4.393432738786446,0.0,-0.001968683290003809,-0.001319903200224955,4.672469975202705,90.7440702611015,1.330006297743835,0.0007137993134794468
0.0,63544.72899069156,0.10148601583357755,4.420462951142218,0.0,0.0,-0.0024388471608641207,4.393432722273995,0.0,-0.001968688700255796,-0.001319907747111581,4.672469966234784,90.74406994577267,1.3300063023655069,0.0007137989548659507
