# Time,Potential,Kinetic En.,Box-XX,Box-XY,Box-XZ,Box-YX,Box-YY,Box-YZ,Box-ZX,Box-ZY,Box-ZZ,Volume,Density,Temperature
0.0,11664.20968594714,0.04350978275234432,3.9787,0.0,0.0,-0.005023876642193059,4.1120969310880175,0.0,-0.008076681546030228,-0.004855881651752916,4.627590404047077,75.71108135889263,1.3068608464254263,0.00036340444715429407
0.0,11664.208188434539,0.04350979040155027,3.9787000017704837,0.0,0.0,-0.005023884274207981,4.112096920412484,0.0,-0.008076670739241266,-0.004855875774041304,4.627590416543729,75.71108140048285,1.3068608457075308,0.0003634045110423506
