# Time,Potential,Kinetic En.,Box-XX,Box-XY,Box-XZ,Box-YX,Box-YY,Box-YZ,Box-ZX,Box-ZY,Box-ZZ,Volume,Density,Temperature
0.0,-215075.775839782,0.0095362305845808,3.8182000000000005,0.0,0.0,0.0006662968918596347,3.8175999418546276,0.0,0.0031386602454890186,0.010984753188018441,4.495785484652183,65.53218814760375,1.709528815096282,0.00012191166141985597
0.0,-215075.77790200934,0.00953622084340754,3.818199985177533,0.0,0.0,0.0006662961081871951,3.817599945840984,0.0,0.0031386510145207016,0.01098476231399185,4.4957854972175415,65.53218814479033,1.7095288151696753,0.00012191153688819687
