# Time,Potential,Kinetic En.,Box-XX,Box-XY,Box-XZ,Box-YX,Box-YY,Box-YZ,Box-ZX,Box-ZY,Box-ZZ,Volume,Density,Temperature
0.0,-97835.57898673064,0.018350185831459708,4.976100000000001,0.0,0.0,-0.0008214392082803803,4.706499928315906,0.0,0.0,0.0,4.3442,101.7412260929225,0.658646552840931,0.00029193387108747654
0.0,-97845.00396403341,0.28576193441657216,4.982111004836439,0.0,0.0,0.009172143751114789,4.720333366533324,0.0,-0.00024191151677453485,-7.105096941421589e-05,4.344167427450694,102.1627620119013,0.6559288974597887,0.004546198522995524
