# Time,Potential,Kinetic En.,Box-XX,Box-XY,Box-XZ,Box-YX,Box-YY,Box-YZ,Box-ZX,Box-ZY,Box-ZZ,Volume,Density,Temperature
0.0,43908.975247759285,0.021806647564766437,4.6446,0.0,0.0,-0.37271996336762997,4.401748070813143,0.0,-1.758872218308272,-1.9754691310845407,3.8621998189885804,78.96019997557195,1.3960625530964328,0.00022416554343599883
0.0,43908.97312598467,0.021806586571629708,4.644600233520226,0.0,0.0,-0.37272004380968804,4.401747909699356,0.0,-1.758872163364738,-1.9754691053718412,3.8621998242461757,78.96020116288511,1.3960625321040414,0.00022416491644555476
0.0,43908.97300823501,0.021806576166511868,4.644600238459317,0.0,0.0,-0.3727200465123218,4.401747904870706,0.0,-1.758872161893518,-1.9754691044007069,3.862199824515832,78.96020116574661,1.3960625320534485,0.0002241648094841849
0.0,43908.97285675656,0.021806575100902222,4.644600239207012,0.0,0.0,-0.37272004741379144,4.401747904490701,0.0,-1.7588721613378662,-1.9754691045089545,3.8621998244650437,78.96020117060274,1.3960625319675892,0.0002241647985300497
0.0,43908.972846551056,0.021806564542067766,4.644600247199026,0.0,0.0,-0.37272005856514073,4.4017479039135345,0.0,-1.7588721598984371,-1.9754691006570533,3.86219982461593,78.96020129920177,1.3960625296938833,0.00022416468998852094
