# Time,Potential,Kinetic En.,Box-XX,Box-XY,Box-XZ,Box-YX,Box-YY,Box-YZ,Box-ZX,Box-ZY,Box-ZZ,Volume,Density,Temperature
0.0,-164296.85790130036,0.016861279196765343,4.2183,0.0,0.0,-0.0020358566662581905,3.888199467013959,0.0,-1.6823843617888474,-0.004434524654278451,4.804133557073474,78.79543761203342,1.4561039850779047,0.000187772755372953
