# Time,Potential,Kinetic En.,Box-XX,Box-XY,Box-XZ,Box-YX,Box-YY,Box-YZ,Box-ZX,Box-ZY,Box-ZZ,Volume,Density,Temperature
0.0,-273179.83904361556,0.0165492804805689,4.1530000000000005,0.0,0.0,0.9081104942908267,4.193090676357818,0.0,0.9573937999031116,0.23443003543022312,4.097718002790732,71.35727438961393,1.5026674075040805,0.0001795112678265367
0.0,-273179.8392376395,0.01654924670439079,4.153000506596976,0.0,0.0,0.9081104795855073,4.193090555559617,0.0,0.9573936922912379,0.23443004597755643,4.09771804156312,71.35728171347155,1.502667253275642,0.00017951090145383779
