# Time,Potential,Kinetic En.,Box-XX,Box-XY,Box-XZ,Box-YX,Box-YY,Box-YZ,Box-ZX,Box-ZY,Box-ZZ,Volume,Density,Temperature
0.0,115478.1560266475,0.019912369625796626,4.077100000000001,0.0,0.0,-0.003735440457463563,4.280498370106522,0.0,-0.006868358043454353,-0.004584901345385748,6.5587948012068065,114.46421742190614,1.4439794258777638,0.00015839335908570144
0.0,115477.93905298407,0.019566984793531816,4.077308465954222,0.0,0.0,-0.0037051645641617364,4.280570901026352,0.0,-0.005277109640068759,-0.0037160694909908697,6.560085272118971,114.49453258062735,1.443597097879221,0.00015564598824095765
0.0,115477.93910199974,0.01956698648204983,4.0773084653532194,0.0,0.0,-0.0037051689403853295,4.280570897093413,0.0,-0.005277107113986709,-0.0037160664083661205,6.560085270955696,114.49453243825151,1.443597099674358,0.00015564600167230938
0.0,115477.9389799184,0.019566986095382023,4.077308465493848,0.0,0.0,-0.0037051691928836616,4.280570896991521,0.0,-0.005277106954474487,-0.0037160662291753376,6.560085270803637,114.49453243682123,1.4435970996923913,0.00015564599859655226
