# Time,Potential,Kinetic En.,Box-XX,Box-XY,Box-XZ,Box-YX,Box-YY,Box-YZ,Box-ZX,Box-ZY,Box-ZZ,Volume,Density,Temperature
0.0,13654.89745042772,0.014296043710385377,3.8324,0.0,0.0,0.005451081136703216,5.205397145820331,0.0,-0.4206078095302802,-0.0004120294537847234,4.866256493527018,97.07774896075016,1.868078624079114,0.00014695887562750433
0.0,13654.897271350292,0.014295932066855742,3.832400751511359,0.0,0.0,0.005450862296171046,5.205397534825785,0.0,-0.42060830868078275,-0.000412445809773313,4.866256108669954,97.07776757428938,1.8680782658966422,0.00014695772796680052
0.0,13654.897190968242,0.01429584341923401,3.8324007612014,0.0,0.0,0.00545083833522424,5.205397562742513,0.0,-0.42060830633212315,-0.0004124647751195877,4.866256138461374,97.07776893469136,1.868078239718276,0.00014695681669686596
0.0,13654.897055748994,0.014295812240630071,3.8324007654637415,0.0,0.0,0.005450829058878721,5.205397572165169,0.0,-0.4206083041360287,-0.00041247412113999384,4.866256149972274,97.07776944802008,1.868078229840235,0.00014695649619053067
0.0,13654.896469794197,0.014295469538423396,3.8324008259838926,0.0,0.0,0.005450733819461335,5.2053976608381545,0.0,-0.4206082704342758,-0.0004125506891133228,4.866256265796859,97.07777494535006,1.8680781240545135,0.0001469529733186097
0.0,13654.895906972604,0.014294895535710514,3.8324008426515372,0.0,0.0,0.005450640332784713,5.20539782125376,0.0,-0.42060814288208737,-0.0004126174849425381,4.866256267844696,97.0777784000694,1.8680780575749776,0.00014694707274954313
0.0,13654.895230223414,0.014267703954963866,3.832400798469434,0.0,0.0,0.005450468950441248,5.205397756907967,0.0,-0.42060816584412625,-0.00041259903320097516,4.866256221863353,97.07777516359847,1.8680781198547356,0.00014666755177059152
