# Time,Potential,Kinetic En.,Box-XX,Box-XY,Box-XZ,Box-YX,Box-YY,Box-YZ,Box-ZX,Box-ZY,Box-ZZ,Volume,Density,Temperature
0.0,-26941.963213042087,0.014280696976510496,3.7218000000000004,0.0,0.0,-0.015242627534857228,4.366673396569274,0.0,-0.4879045503998378,-0.1546042190493212,5.159175024667343,83.84631944006064,1.6844525795626812,0.0001622801452207535
0.0,-26941.963537420193,0.014280612758067062,3.721799886632411,0.0,0.0,-0.015242739951787501,4.3666733026902795,0.0,-0.48790457226191736,-0.15460435243204212,5.159174873801536,83.84631263160321,1.6844527163429797,0.0001622791881959491
0.0,-26941.96358160897,0.014280602852861948,3.721799884521166,0.0,0.0,-0.015242743096750359,4.366673301436985,0.0,-0.48790458128179115,-0.15460436066819352,5.159174852550308,83.84631221460265,1.6844527247204233,0.00016227907563714844
