# Time,Potential,Kinetic En.,Box-XX,Box-XY,Box-XZ,Box-YX,Box-YY,Box-YZ,Box-ZX,Box-ZY,Box-ZZ,Volume,Density,Temperature
0.0,-292647.69992818317,0.011523890828160702,4.3781,0.0,0.0,-0.009168049614849764,4.040689599173174,0.0,-0.0008959996735470072,-0.0062740452929045225,5.133696087960433,90.81787208163018,0.8606908468221355,0.00019642934937048727
0.0,-292647.701748661,0.01152387636366272,4.378100013478418,0.0,0.0,-0.009168020658083227,4.040689528133017,0.0,-0.0008960287715087829,-0.0062741201256838255,5.133696016300735,90.81786949683628,0.860690871318509,0.00019642910281730746
