# Time,Potential,Kinetic En.,Box-XX,Box-XY,Box-XZ,Box-YX,Box-YY,Box-YZ,Box-ZX,Box-ZY,Box-ZZ,Volume,Density,Temperature
0.0,12394.71994870355,0.02469640166562366,4.4039,0.0,0.0,1.9980717277346105,4.078571840831988,0.0,0.9271297586433003,1.8596990810618834,4.602108211302251,82.66133053288813,1.7681039963485379,0.0002475245324504717
0.0,12394.719941059266,0.02469639871916956,4.4039000000041595,0.0,0.0,1.9980717277412494,4.078571840805292,0.0,0.9271297586237327,1.8596990810537866,4.602108211302894,82.66133053243671,1.7681039963581937,0.0002475245029190572
