# Time,Potential,Kinetic En.,Box-XX,Box-XY,Box-XZ,Box-YX,Box-YY,Box-YZ,Box-ZX,Box-ZY,Box-ZZ,Volume,Density,Temperature
0.0,30926.490539058996,0.04532552948161849,3.8881,0.0,0.0,-0.003110647823819064,5.940899185634286,0.0,-0.8419748816157806,-0.0018429500224056772,3.927461494688816,90.71968733382118,1.0882278805071857,0.0003605428686714792
0.0,30926.490421200328,0.04532552609940227,3.888100006853124,0.0,0.0,-0.003110643694956588,5.940899187802491,0.0,-0.8419748784401588,-0.0018429465914475563,3.9274614969853143,90.71968757987841,1.0882278775556067,0.00036054284176756976
