# Time,Potential,Kinetic En.,Box-XX,Box-XY,Box-XZ,Box-YX,Box-YY,Box-YZ,Box-ZX,Box-ZY,Box-ZZ,Volume,Density,Temperature
0.0,-169295.27248931726,0.019163274659734424,4.0272,0.0,0.0,-0.0008191528269718765,4.69339992851543,0.0,0.002085493827916473,0.0020858578470223286,3.9829989078472687,75.28369870214041,1.3510727702341636,0.00019699249347494477
