# Time,Potential,Kinetic En.,Box-XX,Box-XY,Box-XZ,Box-YX,Box-YY,Box-YZ,Box-ZX,Box-ZY,Box-ZZ,Volume,Density,Temperature
0.0,-28516.209533505025,0.03872219273797225,3.8994,0.0,0.0,-0.0009579588616782162,5.48869991640232,0.0,-0.4187379811564857,-0.0023198982030139216,4.270619665951221,91.40252014373893,1.4561449911249036,0.000283699397722604
0.0,-28547.126034622557,0.07797622681665006,3.903167111036456,0.0,0.0,0.001322271897930015,5.49128970206928,0.0,-0.4162876982327947,-0.0016303788612362508,4.270878417517813,91.53953670976958,1.4539654303198362,0.0005712953482324728
0.0,-28547.127959501122,0.07797848992537966,3.90316732016125,0.0,0.0,0.001322455047214816,5.491289524831294,0.0,-0.4162875315670958,-0.0016303912371426804,4.270878508496711,91.53954060973632,1.4539653683748364,0.0005713119289717897
