# Time,Potential,Kinetic En.,Box-XX,Box-XY,Box-XZ,Box-YX,Box-YY,Box-YZ,Box-ZX,Box-ZY,Box-ZZ,Volume,Density,Temperature
0.0,-16070.28143190682,0.03709678018565407,4.2358,0.0,0.0,-0.0022118905665709327,4.224399420928391,0.0,-0.0022111575283185895,-0.0058975769967909725,4.2229953030246135,75.56505779033203,1.4659939697817368,0.0002890649250036249
0.0,-16070.578747588166,0.036959036556160556,4.235434043657788,0.0,0.0,-0.0023494431263658333,4.224418608735766,0.0,-0.002346117736753563,-0.005837997254383203,4.222887035323909,75.55693531357824,1.4661515661941817,0.0002879916013423799
