# Time,Potential,Kinetic En.,Box-XX,Box-XY,Box-XZ,Box-YX,Box-YY,Box-YZ,Box-ZX,Box-ZY,Box-ZZ,Volume,Density,Temperature
0.0,-193655.12480636142,0.01715105211789496,4.3382,0.0,0.0,-0.0007713831655873361,4.419699932684121,0.0,-0.6887990635687652,-0.0009441357050145326,4.6701780960295896,89.5438570297686,1.590840602234347,0.00015916646833948774
0.0,-193655.46342292952,0.01692051858083994,4.338234755057881,0.0,0.0,-0.0008308064158160224,4.419675378443385,0.0,-0.6890115924521828,-0.001020702860496135,4.669994006416197,89.54054726583286,1.5908994058380057,0.0001570270538782272
0.0,-193655.47158277998,0.01692034370359881,4.33823532526957,0.0,0.0,-0.0008308234761935204,4.419675621848599,0.0,-0.689011853428619,-0.0010210461118485526,4.669994009852644,89.54056403208587,1.590899107945958,0.0001570254309694591
0.0,-193655.47184394044,0.016920384143750564,4.338235415193147,0.0,0.0,-0.0008307181489473559,4.419675678913289,0.0,-0.6890119433419976,-0.0010210866252093724,4.669994013825174,89.54056712036746,1.5908990530753606,0.0001570258062651605
0.0,-193655.47218521967,0.01692039843394052,4.338235413673205,0.0,0.0,-0.0008307161959314414,4.419675682837738,0.0,-0.6890119486671787,-0.0010210912751412783,4.669994017675807,89.54056724233403,1.5908990509083372,0.0001570259388820432
