# Time,Potential,Kinetic En.,Box-XX,Box-XY,Box-XZ,Box-YX,Box-YY,Box-YZ,Box-ZX,Box-ZY,Box-ZZ,Volume,Density,Temperature
0.0,-42554.41758039623,0.03264019841382514,5.017900000000001,0.0,0.0,-0.003477480826760087,3.984898482662651,0.0,-0.24095248069012712,0.021833271112338737,3.939477734461995,78.77309593005761,1.3614582204709644,0.00028397812010218465
0.0,-42558.48150263664,0.03674560651205442,5.017737850979797,0.0,0.0,-0.0035973746185557955,3.984832166349183,0.0,-0.2384457979401181,0.021537552337022155,3.9418563758737353,78.81680011661363,1.3607032872084153,0.0003196962263222016
0.0,-42558.48235021187,0.0367458526366511,5.017738079463519,0.0,0.0,-0.00359735323228684,3.984831994206824,0.0,-0.23844576627850275,0.021537878692383407,3.9418565496946747,78.8168037762366,1.3607032240282209,0.00031969836766948724
