# Time,Potential,Kinetic En.,Box-XX,Box-XY,Box-XZ,Box-YX,Box-YY,Box-YZ,Box-ZX,Box-ZY,Box-ZZ,Volume,Density,Temperature
0.0,24929.00554107252,0.024811606080126097,4.0178,0.0,0.0,0.0007198784996239125,4.12459993717875,0.0,1.6497826544162535,0.0017706918477676523,3.5688203860432153,59.1418405831577,1.2595440261070439,0.0003157831000686969
0.0,24929.005228813578,0.024811255152220168,4.017800450959787,0.0,0.0,0.0007201296658490534,4.124600097622878,0.0,1.6497824661451856,0.0017700804171172006,3.5688202947792935,59.141848009434355,1.259543867949619,0.00031577863372735343
0.0,24929.005011636335,0.02481125154882156,4.017800467914137,0.0,0.0,0.0007201448935653258,4.12460011002785,0.0,1.6497824657083797,0.0017700579481576206,3.5688202731997625,59.141848079262054,1.2595438664624985,0.0003157785878660585
0.0,24929.004767789604,0.024811230403598065,4.0178004773530125,0.0,0.0,0.0007201612105422748,4.124600123672378,0.0,1.6497824682896465,0.0017700426763700061,3.568820262847477,59.14184824229195,1.259543862990451,0.0003157783187458651
