# Time,Potential,Kinetic En.,Box-XX,Box-XY,Box-XZ,Box-YX,Box-YY,Box-YZ,Box-ZX,Box-ZY,Box-ZZ,Volume,Density,Temperature
0.0,-66778.24625740586,0.01770630538675938,3.9716000000000005,0.0,0.0,0.0,4.04,0.0,-1.4520914261400952,-0.0032965078102176063,4.493079037048724,72.09263932231256,1.445974125967757,0.0001950163963343642
0.0,-66778.24846983605,0.017706834671141432,3.9715999617085322,0.0,0.0,-1.9070780927388195e-06,4.039998511944513,0.0,-1.4520915661308973,-0.0032965993225366327,4.493078569306747,72.09260456828127,1.4459748230355118,0.0001950222258471038
