# Time,Potential,Kinetic En.,Box-XX,Box-XY,Box-XZ,Box-YX,Box-YY,Box-YZ,Box-ZX,Box-ZY,Box-ZZ,Volume,Density,Temperature
0.0,31371.975903699884,0.034822747867254845,4.415400000000001,0.0,0.0,0.0,4.6418,0.0,0.0,0.0,4.0318,82.63336871829601,1.1301755469285155,0.000323164652396127
