# Time,Potential,Kinetic En.,Box-XX,Box-XY,Box-XZ,Box-YX,Box-YY,Box-YZ,Box-ZX,Box-ZY,Box-ZZ,Volume,Density,Temperature
0.0,-66686.4630780852,0.04076660148058429,3.9741,0.0,0.0,0.0,4.0607999999999995,0.0,-1.4510024958921601,0.0,4.505830383726703,72.71520463997363,1.4335941382400192,0.000449001388933897
0.0,-66686.4630780852,0.040766605744477415,3.9741,0.0,0.0,0.0,4.0607999999999995,0.0,-1.4510024958921601,0.0,4.505830383726703,72.71520463997363,1.4335941382400192,0.0004490014358962109
0.0,-66686.46307045581,0.04076660011870289,3.9741,0.0,0.0,0.0,4.0607999999999995,0.0,-1.4510024958921601,0.0,4.505830383726703,72.71520463997363,1.4335941382400192,0.0004490013739342007
0.0,-66686.4630780852,0.04076659936817746,3.9741,0.0,0.0,0.0,4.0607999999999995,0.0,-1.4510024958921601,0.0,4.505830383726703,72.71520463997363,1.4335941382400192,0.00044900136566794973
0.0,-66686.46307045581,0.040766605584578855,3.9741,0.0,0.0,0.0,4.0607999999999995,0.0,-1.4510024958921601,0.0,4.505830383726703,72.71520463997363,1.4335941382400192,0.00044900143413509585
