# Time,Potential,Kinetic En.,Box-XX,Box-XY,Box-XZ,Box-YX,Box-YY,Box-YZ,Box-ZX,Box-ZY,Box-ZZ,Volume,Density,Temperature
0.0,-206957.0912343753,0.05995136365477582,4.6022,0.0,0.0,0.02046261155267709,4.6896553574360285,0.0,-0.9083191073236223,-0.009730962815037958,4.525127497389827,97.664613526095,1.6173639147375278,0.0003927283058160555
0.0,-206957.0912627367,0.059951384141810254,4.60219999811505,0.0,0.0,0.0204626174525386,4.689655359403606,0.0,-0.9083191076542448,-0.009730962081282773,4.52512749528069,97.66461348154886,1.6173639154752293,0.00039272844002214915
