# Time,Potential,Kinetic En.,Box-XX,Box-XY,Box-XZ,Box-YX,Box-YY,Box-YZ,Box-ZX,Box-ZY,Box-ZZ,Volume,Density,Temperature
0.0,31364.921387266757,0.016412003819959074,4.4248,0.0,0.0,-0.002430126526268586,4.641199363794349,0.0,-0.007040131029523325,-0.0028197402030991055,4.033692870760029,82.83744534133902,1.1273912697442954,0.0001523078974071523
