# Time,Potential,Kinetic En.,Box-XX,Box-XY,Box-XZ,Box-YX,Box-YY,Box-YZ,Box-ZX,Box-ZY,Box-ZZ,Volume,Density,Temperature
0.0,-28513.072732860135,0.012907924549715873,4.1476,0.0,0.0,-0.000738501162646717,4.231299935553616,0.0,0.0,-0.005176959511652517,4.237396837574953,74.36521113512808,0.7976858887887271,0.00018858922306950283
0.0,-28523.171543415705,0.011209554164720898,4.145155965215259,0.0,0.0,-0.005960045563718986,4.228539625619742,0.0,-0.001368926795216627,-0.0012101960836412191,4.237775616379605,74.2795456151471,0.7986058483264258,0.00016377544683794705
0.0,-28523.176736852467,0.0113546323237882,4.145073793253795,0.0,0.0,-0.006441538920900336,4.228044210424199,0.0,-0.001587183963588785,-0.0012203511634783083,4.237887415288116,74.27133005409908,0.7986941865195812,0.00016589508870581485
0.0,-28523.180286215338,0.01135391977343491,4.145073252672186,0.0,0.0,-0.006442636935205913,4.228043660283898,0.0,-0.001586492297861063,-0.00122096600588399,4.237886534820486,74.27129527333193,0.7986945605429024,0.00016588467809975597
