# Time,Potential,Kinetic En.,Box-XX,Box-XY,Box-XZ,Box-YX,Box-YY,Box-YZ,Box-ZX,Box-ZY,Box-ZZ,Volume,Density,Temperature
0.0,-82461.98726769799,0.029732569666272822,4.0168,0.0,0.0,1.6685188303936713,3.759910525879803,0.0,0.437401565025262,0.684548645495211,5.253158705280483,79.33745047313451,1.3577588555986004,0.0002956354311536501
