# Time,Potential,Kinetic En.,Box-XX,Box-XY,Box-XZ,Box-YX,Box-YY,Box-YZ,Box-ZX,Box-ZY,Box-ZZ,Volume,Density,Temperature
0.0,25073.81961547275,0.03406926884175854,4.308400000000001,0.0,0.0,-0.0031723973122339193,3.6352986157804557,0.0,-0.5761410348795336,-0.00468179545016314,4.754013570523259,74.45888447019578,1.0633965314563663,0.00028694616233767976
0.0,25073.819604868113,0.03406930301372644,4.308400053240579,0.0,0.0,-0.0031723502100464785,3.6352984191658737,0.0,-0.5761409792286541,-0.004681776885797757,4.754013611564893,74.45888200602275,1.063396566648851,0.0002869464501488181
0.0,25073.819600761217,0.03406930276870728,4.308400053814835,0.0,0.0,-0.003172349921128616,3.6352984188532353,0.0,-0.576140979076464,-0.0046817768147957095,4.754013611766466,74.45888201270078,1.0633965665534775,0.00028694644808516045
0.0,25073.819600807772,0.03406930683407105,4.308400053933113,0.0,0.0,-0.003172349942173679,3.6352984187887496,0.0,-0.5761409790961889,-0.004681776788676571,4.7540136118277765,74.45888201438434,1.0633965665294332,0.0002869464823254178
0.0,25073.819595900797,0.034069303919610605,4.308400054103386,0.0,0.0,-0.003172350101869463,3.635298418769847,0.0,-0.5761409787735906,-0.004681776566433392,4.75401361244685,74.458882026636,1.0633965663544593,0.00028694645777856755
0.0,25073.81971797111,0.03406930215331484,4.308400054103386,0.0,0.0,-0.003172350101869465,3.635298418769847,0.0,-0.5761409787735906,-0.004681776566433396,4.75401361244685,74.458882026636,1.0633965663544593,0.0002869464429020584
