# Time,Potential,Kinetic En.,Box-XX,Box-XY,Box-XZ,Box-YX,Box-YY,Box-YZ,Box-ZX,Box-ZY,Box-ZZ,Volume,Density,Temperature
0.0,-47465.17770659908,0.04330522324964429,4.0444,0.0,0.0,0.0007018841551271795,4.021499938749053,0.0,-0.12785807023624687,2.2315443235565552e-05,4.161036086526706,67.67739759109823,1.2900344982705616,0.0003543143663867845
0.0,-47465.17815219566,0.04330517507814479,4.04439998974977,0.0,0.0,0.0007018687171989563,4.021499927775071,0.0,-0.12785806632877125,2.230562341300586e-05,4.161036074036967,67.6773970317549,1.2900345089324994,0.00035431397225755385
