# Time,Potential,Kinetic En.,Box-XX,Box-XY,Box-XZ,Box-YX,Box-YY,Box-YZ,Box-ZX,Box-ZY,Box-ZZ,Volume,Density,Temperature
0.0,-4272.640005943376,0.02641097996240668,3.9893,0.0,0.0,0.0014960612978419613,4.285899738888044,0.0,0.0032651616993976916,0.0032640221418311468,4.676997721282162,79.96609021624984,1.3655400786500407,0.0002828090063270031
0.0,-4272.770122843455,0.02646039527726285,3.989264791590909,0.0,0.0,0.0015162897292798486,4.2859462685588285,0.0,0.0034366363066340327,0.003376486262857105,4.67714294244839,79.96873555787342,1.3654949069966,0.0002833381459542226
0.0,-4272.77041623481,0.026460377057807363,3.9892647521463176,0.0,0.0,0.0015162352654618397,4.28594636923224,0.0,0.003436657964857088,0.003376570912766311,4.6771429006492555,79.9687359308965,1.3654949006270969,0.0002833379508601326
0.0,-4272.770870986055,0.026460356262281104,3.989264778287738,0.0,0.0,0.001516193132049774,4.285946386228839,0.0,0.003436673969519502,0.0033765983929497857,4.677142888611474,79.96873656623639,1.36549488977844,0.00028333772818145403
