# Time,Potential,Kinetic En.,Box-XX,Box-XY,Box-XZ,Box-YX,Box-YY,Box-YZ,Box-ZX,Box-ZY,Box-ZZ,Volume,Density,Temperature
0.0,-29739.1666749428,0.0034794358932288784,4.0732,0.0,0.0,1.0804961717706154,4.220484756848323,0.0,0.7666578536470653,0.30293779348069055,5.1208747952593345,88.03233647839002,1.6861760445476859,5.166419124676892e-05
0.0,-29739.166919083487,0.0034794361716895135,4.07319999999963,0.0,0.0,1.080496171771005,4.220484756848033,0.0,0.7666578536467271,0.302937793480554,5.12087479526008,88.03233647838879,1.6861760445477096,5.1664195381474656e-05
0.0,-29739.1670411538,0.0034794359026639825,4.07319999999963,0.0,0.0,1.080496171771005,4.220484756848033,0.0,0.766657853646727,0.3029377934805539,5.12087479526008,88.03233647838879,1.6861760445477096,5.1664191386865495e-05
0.0,-29739.169616543964,0.0034793983274665615,4.073199926866282,0.0,0.0,1.0804961807458204,4.220484761614345,0.0,0.7666578527498664,0.3029377926212724,5.120874855976104,88.03233604096808,1.6861760529260894,5.166363345384265e-05
0.0,-29739.169794161036,0.003479319671272871,4.073199838669219,0.0,0.0,1.0804961953058627,4.220484789407719,0.0,0.7666578828863613,0.3029377562842466,5.120874995438499,88.03233711200734,1.6861760324113464,5.166246553215699e-05
0.0,-29739.170348726537,0.003479298821396586,4.073199829681726,0.0,0.0,1.080496189573173,4.220484798254622,0.0,0.7666578744230276,0.30293775336893997,5.120875023968075,88.03233759274471,1.6861760232032776,5.1662155944043026e-05
0.0,-29739.170348726537,0.0034792988763576653,4.073199829681726,0.0,0.0,1.080496189573173,4.220484798254622,0.0,0.7666578744230276,0.30293775336893997,5.120875023968075,88.03233759274471,1.6861760232032776,5.1662156760129245e-05
