# Time,Potential,Kinetic En.,Box-XX,Box-XY,Box-XZ,Box-YX,Box-YY,Box-YZ,Box-ZX,Box-ZY,Box-ZZ,Volume,Density,Temperature
0.0,-52231.886113036424,0.024581381004898317,4.1166,0.0,0.0,-0.007830887707646495,4.985293849633912,0.0,0.0033423923598021733,-0.0013317085139084527,3.830098310091498,78.60304189815874,1.1979408731434606,0.0002737463503390419
0.0,-52231.88615276355,0.024581379460750823,4.116599999839474,0.0,0.0,-0.007830888753890068,4.985293848298896,0.0,0.0033423920616642024,-0.001331709408530927,3.830098309490216,78.60304186170467,1.1979408736990347,0.00027374633314290715
0.0,-52231.88629173106,0.024581385524520077,4.116599998512579,0.0,0.0,-0.007830887681511915,4.985293840373464,0.0,0.0033423909575913246,-0.001331711744854347,3.8300983072723995,78.60304166589351,1.1979408766832729,0.00027374640067103753
