# Time,Potential,Kinetic En.,Box-XX,Box-XY,Box-XZ,Box-YX,Box-YY,Box-YZ,Box-ZX,Box-ZY,Box-ZZ,Volume,Density,Temperature
0.0,-5771.442848682799,0.05108003176854192,3.6069000000000004,0.0,0.0,-0.001950056333651392,5.586499659650961,0.0,-0.8710648872562523,-0.006132811852893064,4.690703056132207,94.51741151186629,1.2474640205454075,0.00043757234447719363
0.0,-5771.759338176339,0.06441885256593861,3.6079804068408303,0.0,0.0,-0.002468327028398678,5.586605324391493,0.0,-0.8632186818488491,-0.0031659700105474125,4.69893584487929,94.71345449401498,1.2448819526859105,0.0005518381130523927
0.0,-5771.760963389161,0.06441985955309626,3.607980489274637,0.0,0.0,-0.002468347356756384,5.58660532732701,0.0,-0.8632184207763501,-0.0031658624431081237,4.698936119452679,94.7134622421618,1.2448818508468698,0.0005518467393142834
