# Time,Potential,Kinetic En.,Box-XX,Box-XY,Box-XZ,Box-YX,Box-YY,Box-YZ,Box-ZX,Box-ZY,Box-ZZ,Volume,Density,Temperature
0.0,2389.3343346628603,0.04739159141720549,3.8691000000000004,0.0,0.0,0.003254166241652242,6.214999148061251,0.0,-0.9865146510974779,-0.000326840201846619,4.730427631445756,113.75000667335155,1.2908456944497508,0.00029686970359218474
0.0,2389.3339121741537,0.047391594325414885,3.869099994219437,0.0,0.0,0.0032541709621142292,6.214999155232535,0.0,-0.986514647856502,-0.0003268351467093301,4.730427634455211,113.75000670702438,1.2908456940676285,0.00029686972180974685
