# Time,Potential,Kinetic En.,Box-XX,Box-XY,Box-XZ,Box-YX,Box-YY,Box-YZ,Box-ZX,Box-ZY,Box-ZZ,Volume,Density,Temperature
0.0,-27068.546343214715,0.015082618726119438,3.7435000000000005,0.0,0.0,0.0,4.5864,0.0,-0.33237319814842775,-0.0015473739768089396,4.420421707573426,75.89505310477786,1.460874214918941,0.00019380577717969077
0.0,-27068.546374566828,0.015082578037160798,3.7435000539848073,0.0,0.0,1.2624448621051406e-08,4.58640002379084,0.0,-0.3323732493338481,-0.0015474624105720665,4.420421628167383,75.89505322960612,1.4608742125161707,0.0001938052543424173
