# Time,Potential,Kinetic En.,Box-XX,Box-XY,Box-XZ,Box-YX,Box-YY,Box-YZ,Box-ZX,Box-ZY,Box-ZZ,Volume,Density,Temperature
0.0,-257897.85215423655,0.02588125399163078,3.9891,0.0,0.0,-0.059075256279463584,5.051654591724925,0.0,-0.19532770211400166,-0.017887227568865464,4.252278609860455,85.69002769304473,1.5840753452016174,0.00023057773103943616
0.0,-257897.86262891538,0.025873750811761173,3.9891170246713474,0.0,0.0,-0.05908448294992559,5.0516398682402635,0.0,-0.1953356016792064,-0.017888419400326715,4.252278139957571,85.69013417938089,1.5840733766858561,0.00023051088473475265
0.0,-257897.86310879292,0.025873726540054577,3.9891170309970643,0.0,0.0,-0.059084514792925764,5.05163985776564,0.0,-0.19533562342607855,-0.017888436802390946,4.252278147022825,85.69013427996019,1.5840733748265405,0.00023051066849658132
