# Time,Potential,Kinetic En.,Box-XX,Box-XY,Box-XZ,Box-YX,Box-YY,Box-YZ,Box-ZX,Box-ZY,Box-ZZ,Volume,Density,Temperature
0.0,39560.047004460765,0.02017503751334497,3.9757,0.0,0.0,-0.5729062698053068,4.050787283481789,0.0,-1.2653738897668043,-1.4891853369013985,4.720491176927917,76.02216507831007,1.331758286385278,0.00020095232089485245
0.0,39557.51358495244,0.022427555285885026,3.976034672707195,0.0,0.0,-0.5727449189026742,4.050453258449809,0.0,-1.2635554697683673,-1.489314774304138,4.722786761662846,76.05926513131995,1.331108683698006,0.00022338839685998602
0.0,39557.51199096563,0.022427624512543057,3.976034728912097,0.0,0.0,-0.5727448955110883,4.050453287165539,0.0,-1.2635553860922322,-1.4893148862121728,4.7227867723382575,76.05926691763524,1.3311086524358087,0.00022338908638820076
0.0,39557.51191268992,0.022427622967550766,3.9760347291415634,0.0,0.0,-0.5727448968397684,4.0504532876436405,0.0,-1.2635553853934431,-1.4893148889284757,4.722786773108503,76.05926694340715,1.3311086519847761,0.00022338907099939237
0.0,39557.5117312483,0.022427614711253284,3.9760347295227803,0.0,0.0,-0.5727448967685597,4.05045328775351,0.0,-1.2635553859202908,-1.4893148899739788,4.722786773814902,76.05926696413913,1.331108651621947,0.00022338898876300795
0.0,39557.511792283454,0.022427612546191838,3.976034729522782,0.0,0.0,-0.5727448967685603,4.050453287753513,0.0,-1.2635553859202917,-1.4893148899739794,4.722786773814904,76.05926696413923,1.3311086516219452,0.00022338896719803578
