# Time,Potential,Kinetic En.,Box-XX,Box-XY,Box-XZ,Box-YX,Box-YY,Box-YZ,Box-ZX,Box-ZY,Box-ZZ,Volume,Density,Temperature
0.0,-50748.86332721382,0.02290322700866618,3.8658,0.0,0.0,-1.0717559857804873,3.8437782541327357,0.0,-0.7487163955782018,-1.02929590343217,3.9892721719845263,59.27770412075727,1.4130841612767253,0.0002914947143291483
0.0,-50748.864420911785,0.02290331843380956,3.8657999532865093,0.0,0.0,-1.0717560019908485,3.8437780929138383,0.0,-0.7487163888419558,-1.0292958645553658,3.9892722166802774,59.27770158233086,1.4130842217886896,0.000291495877918281
