# Time,Potential,Kinetic En.,Box-XX,Box-XY,Box-XZ,Box-YX,Box-YY,Box-YZ,Box-ZX,Box-ZY,Box-ZZ,Volume,Density,Temperature
0.0,-179940.157402669,0.018350097376208185,3.9177,0.0,0.0,0.0,4.1527,0.0,-0.8965518201886129,0.0015252781089270559,4.276633800928386,69.57669553812626,1.38989235992134,0.00020435272469443582
0.0,-179940.15741228694,0.018350095064710248,3.91770000010425,0.0,0.0,-4.388155590539663e-11,4.152699999787294,0.0,-0.8965518203120931,0.0015252781376881004,4.27663380089128,69.5766955358102,1.3898923599676063,0.00020435269895283388
