# Time,Potential,Kinetic En.,Box-XX,Box-XY,Box-XZ,Box-YX,Box-YY,Box-YZ,Box-ZX,Box-ZY,Box-ZZ,Volume,Density,Temperature
0.0,-135402.57365545415,0.02614246097802013,3.5775,0.0,0.0,0.10717512348454428,4.448909252042132,0.0,0.13156667032610508,1.2066110137150128,4.982902571076514,79.30774203136663,1.3401583041782505,0.00025537811472052047
0.0,-135402.57452762572,0.026144191301604672,3.5774985838609425,0.0,0.0,0.1071747532614389,4.448910089958527,0.0,0.13156944249137648,1.2066113172606021,4.982902022632943,79.30771684567475,1.3401587297713136,0.0002553950177494759
