# Time,Potential,Kinetic En.,Box-XX,Box-XY,Box-XZ,Box-YX,Box-YY,Box-YZ,Box-ZX,Box-ZY,Box-ZZ,Volume,Density,Temperature
0.0,-66583.17942875758,0.032443317062169325,4.6107000000000005,0.0,0.0,1.2910219441657405,4.042870062181384,0.0,1.59520212596519,0.6554972640672017,4.36010308984966,81.27433158357236,1.1536845602056383,0.00029900644815823447
0.0,-66583.18148180179,0.03244293341757688,4.61069998583021,0.0,0.0,1.291021922112196,4.042869913156753,0.0,1.5952025022161436,0.6554978722487733,4.360103022631711,81.27432708496217,1.1536846240631602,0.00029900291238515927
