# Time,Potential,Kinetic En.,Box-XX,Box-XY,Box-XZ,Box-YX,Box-YY,Box-YZ,Box-ZX,Box-ZY,Box-ZZ,Volume,Density,Temperature
0.0,43331.07054853556,0.02437715080752804,4.0021,0.0,0.0,0.0,3.7043999999999997,0.0,-0.6874563201441731,0.0,5.084536601096882,75.38018337092188,1.4354218298650678,0.00027922831779553226
0.0,43331.06964769529,0.024376485701067905,4.00209957818718,0.0,0.0,-1.2371792932028357e-06,3.704399924005571,0.0,-0.6874551003243764,5.054093128157345e-07,5.0845372398484505,75.38018334934699,1.4354218302759059,0.00027922069932693084
0.0,43331.06963716388,0.024376476702022167,4.00209957108475,0.0,0.0,-1.25825971948374e-06,3.704399922727668,0.0,-0.6874550795783945,5.159171572960772e-07,5.084537254416834,75.38018340554953,1.4354218292056733,0.0002792205962472714
0.0,43331.06923041996,0.024376476900157065,4.002099569593684,0.0,0.0,-1.2611926175783472e-06,3.7043999234238014,0.0,-0.6874550777500712,5.137772111282111e-07,5.08453725767625,75.38018343995265,1.4354218285505544,0.00027922059851680957
