# Time,Potential,Kinetic En.,Box-XX,Box-XY,Box-XZ,Box-YX,Box-YY,Box-YZ,Box-ZX,Box-ZY,Box-ZZ,Volume,Density,Temperature
0.0,49177.44037051836,0.03296448797973727,4.7214,0.0,0.0,0.003832131685752143,4.391298327917012,0.0,0.002870856946817017,-0.0014379344033700423,4.112198746476761,85.25852883114997,1.31792881550839,0.0002867995227214002
