# Time,Potential,Kinetic En.,Box-XX,Box-XY,Box-XZ,Box-YX,Box-YY,Box-YZ,Box-ZX,Box-ZY,Box-ZZ,Volume,Density,Temperature
0.0,-298466.5482892945,0.03556042917539695,3.7997,0.0,0.0,-0.01346829971071413,4.287078844026887,0.0,0.010027537540284853,0.0017027682338674693,4.787789196390253,77.99123545038749,1.3465780122248143,0.00032638404786744935
0.0,-298467.05150727945,0.04084869759280555,3.8006530004081664,0.0,0.0,-0.013742203244777705,4.286440112611854,0.0,0.007710868434324226,0.0015451532040811008,4.785458188178365,77.96119847620156,1.3470968232459777,0.0003749213263060789
0.0,-298467.05206110654,0.04085630182035959,3.800654268235609,0.0,0.0,-0.013741731109042211,4.286438987927333,0.0,0.007709760570655899,0.0015437137109704784,4.7854565311846216,77.9611770324583,1.3470971937739704,0.0003749911201366807
