# Time,Potential,Kinetic En.,Box-XX,Box-XY,Box-XZ,Box-YX,Box-YY,Box-YZ,Box-ZX,Box-ZY,Box-ZZ,Volume,Density,Temperature
0.0,16575.31041566752,0.044944864565795835,3.7521000000000004,0.0,0.0,-0.0007374714183932687,4.225399935643478,0.0,0.002117328685764946,0.0,6.0656996304564155,96.16634861995117,1.1388253869812033,0.00031545428970615274
