# Time,Potential,Kinetic En.,Box-XX,Box-XY,Box-XZ,Box-YX,Box-YY,Box-YZ,Box-ZX,Box-ZY,Box-ZZ,Volume,Density,Temperature
0.0,-113329.39901567104,0.02754319674523106,4.5282,0.0,0.0,0.004919419037132726,4.6976974241979805,0.0,-1.8023989841804506,-0.0008691058156807427,3.51311961032931,74.73147900657584,1.33479855831706,0.0002453840842928953
0.0,-113329.39936685355,0.02754370508948925,4.528199662612798,0.0,0.0,0.004919632281415967,4.69769743307623,0.0,-1.802399009283869,-0.0008687548680849961,3.513119740242887,74.73147634325383,1.334798605887355,0.00024538861316408827
