# Time,Potential,Kinetic En.,Box-XX,Box-XY,Box-XZ,Box-YX,Box-YY,Box-YZ,Box-ZX,Box-ZY,Box-ZZ,Volume,Density,Temperature
0.0,-124959.13742201385,0.03364705491601304,4.201700000000001,0.0,0.0,-0.004913450286579336,5.630397856102737,0.0,-0.6242853049493635,-0.0037520796478012143,4.551484218353679,107.67556667131146,1.9174351271938634,0.0002867637850765888
0.0,-124959.13822700472,0.033647104543758403,4.201700044374321,0.0,0.0,-0.004913472676104828,5.63039776424357,0.0,-0.6242853511861559,-0.0037520113491347085,4.551484304049726,107.67556807909749,1.9174351021246818,0.00028676420803901864
0.0,-124959.13847921367,0.0336471144183423,4.201700057808672,0.0,0.0,-0.004913476439757798,5.630397730840659,0.0,-0.6242853562872626,-0.0037519531251412877,4.551484343748753,107.67556872374833,1.9174350906450472,0.00028676429219714366
