# Time,Potential,Kinetic En.,Box-XX,Box-XY,Box-XZ,Box-YX,Box-YY,Box-YZ,Box-ZX,Box-ZY,Box-ZZ,Volume,Density,Temperature
0.0,37516.97883060851,0.02852622337480822,3.6071,0.0,0.0,0.002037951112996272,5.838299644310427,0.0,-1.2166245793539159,0.0004246821106571409,4.462527267430084,93.97783724602847,1.2634609251447895,0.00023358633345336636
