# Time,Potential,Kinetic En.,Box-XX,Box-XY,Box-XZ,Box-YX,Box-YY,Box-YZ,Box-ZX,Box-ZY,Box-ZZ,Volume,Density,Temperature
0.0,1596.6098878526977,0.018377525693601276,4.493,0.0,0.0,1.0983032374059563,4.454704435616755,0.0,2.1322880039896197,0.9795057560676808,4.0741819917465945,81.54469971951457,2.2038067214314343,0.0002266982866695008
