# Time,Potential,Kinetic En.,Box-XX,Box-XY,Box-XZ,Box-YX,Box-YY,Box-YZ,Box-ZX,Box-ZY,Box-ZZ,Volume,Density,Temperature
0.0,23262.984596367995,0.030019833511647356,3.5513,0.0,0.0,-0.010882919908218248,4.453886703998461,0.0,-0.23996848084419814,-0.0038088702557443487,4.60965654151247,72.91134248423312,1.9269772979767514,0.000356598130808531
0.0,23262.942253464695,0.030034561020384192,3.551287081922062,0.0,0.0,-0.010879557200815375,4.453905415476276,0.0,-0.23997194324011206,-0.0038038647346110986,4.609658263219656,72.91141080792222,1.9269754922484525,0.00035677307521936476
0.0,23262.940609710735,0.030034460066046792,3.5512871300030806,0.0,0.0,-0.010879591128454331,4.45390553340698,0.0,-0.23997192096045572,-0.003803837418784512,4.6096583247156815,72.91141469831295,1.926975389429331,0.0003567718760079168
