# Time,Potential,Kinetic En.,Box-XX,Box-XY,Box-XZ,Box-YX,Box-YY,Box-YZ,Box-ZX,Box-ZY,Box-ZZ,Volume,Density,Temperature
0.0,5452.222316485908,0.028592729756318012,4.4211,0.0,0.0,0.003255562240536275,3.730598579492907,0.0,-1.2916025320538285,-0.002112684627657143,4.457337201262184,73.51641976397968,1.7237114277704286,0.0003936486887468632
0.0,5452.220980831753,0.02859252972440923,4.421100322171757,0.0,0.0,0.0032555708023379124,3.7305982769969437,0.0,-1.2916027372938332,-0.0021126862256609243,4.457337071400873,73.51641701828956,1.7237114921475791,0.00039364593481957925
