# Time,Potential,Kinetic En.,Box-XX,Box-XY,Box-XZ,Box-YX,Box-YY,Box-YZ,Box-ZX,Box-ZY,Box-ZZ,Volume,Density,Temperature
0.0,-102426.43355140518,0.019785617625914735,3.7967,0.0,0.0,1.6268704469816004,3.83825298654712,0.0,1.5910222527956936,-0.21816351761708686,4.27256366022671,62.26276757573992,1.4416226576264106,0.00022951994867319016
0.0,-102426.43433117337,0.019785639078820912,3.796699997328423,0.0,0.0,1.626870449059064,3.8382529844541,0.0,1.5910222398160285,-0.21816352838551423,4.272563660344121,62.262767499687016,1.4416226593873278,0.00022952019753425773
