# Time,Potential,Kinetic En.,Box-XX,Box-XY,Box-XZ,Box-YX,Box-YY,Box-YZ,Box-ZX,Box-ZY,Box-ZZ,Volume,Density,Temperature
0.0,56396.84350325767,0.02610781146728741,4.260000000000001,0.0,0.0,-0.003849846775410876,4.411598320187345,0.0,-1.443725444238979,-0.0055715509232917475,4.725159303079344,88.80185063579121,1.3656357233131213,0.0002295356703349522
0.0,56396.84344916358,0.026107827251642728,4.260000007305381,0.0,0.0,-0.0038498466922549397,4.411598316519967,0.0,-1.4437254425441608,-0.0055715521491391555,4.725159302688634,88.80185070691147,1.3656357222194015,0.00022953580910846003
