# Time,Potential,Kinetic En.,Box-XX,Box-XY,Box-XZ,Box-YX,Box-YY,Box-YZ,Box-ZX,Box-ZY,Box-ZZ,Volume,Density,Temperature
0.0,-140154.13619237082,0.02664167244742305,3.9592,0.0,0.0,-0.0016854295178380704,4.828399705837053,0.0,-0.9232683970742815,-0.0018622553560120895,4.31400844794825,82.46917439366867,1.3140626603159464,0.00022705900563552134
