# Time,Potential,Kinetic En.,Box-XX,Box-XY,Box-XZ,Box-YX,Box-YY,Box-YZ,Box-ZX,Box-ZY,Box-ZZ,Volume,Density,Temperature
0.0,-283431.4848260417,0.01222010562527794,3.5443,0.0,0.0,0.0009120916091704904,5.225899920404992,0.0,-1.0064504362442555,-0.0030886652506538965,4.56619684415058,84.57581524159107,2.2262610057567453,0.0001374617361039134
0.0,-283431.48624995904,0.012220104896876706,3.5443000104344793,0.0,0.0,0.0009120870754584448,5.225899927273968,0.0,-1.0064504361003184,-0.003088674976565226,4.566196853394775,84.57581577297344,2.2262609917693448,0.00013746172791026097
