# Time,Potential,Kinetic En.,Box-XX,Box-XY,Box-XZ,Box-YX,Box-YY,Box-YZ,Box-ZX,Box-ZY,Box-ZZ,Volume,Density,Temperature
0.0,114902.2440847385,0.025679589985855414,4.0139000000000005,0.0,0.0,0.0032842206932812827,4.7042988535906645,0.0,-0.6426725234128575,-0.0014159702414766355,5.302998893331813,100.13432825141511,1.4659094860599227,0.00020107713308140852
0.0,114902.24344281874,0.02567959722626951,4.013899998507909,0.0,0.0,0.003284194154903469,4.704298813177028,0.0,-0.6426725344614157,-0.0014159880703106921,5.302998892429712,100.13432733692521,1.4659094994475337,0.00020107718977552665
