# Time,Potential,Kinetic En.,Box-XX,Box-XY,Box-XZ,Box-YX,Box-YY,Box-YZ,Box-ZX,Box-ZY,Box-ZZ,Volume,Density,Temperature
0.0,-160852.16527608907,0.04365725581333449,3.8104999999999998,0.0,0.0,-0.0038986287218125146,4.467498298902204,0.0,0.000921359307451543,0.004607601767944377,5.278997908798883,89.86650497323916,1.4167906305953029,0.0003720777332321769
0.0,-160856.14715137397,0.04998859287474461,3.812619259163778,0.0,0.0,-0.0035573628779537957,4.468000044048397,0.0,0.0009436258957428499,0.004568572691346384,5.278770168010492,89.92270441333531,1.4159051719039477,0.00042603782527760546
0.0,-160856.1540258659,0.050015505008846425,3.81262442255722,0.0,0.0,-0.003557311540004891,4.468003367853866,0.0,0.0009431331701607775,0.004568366790479473,5.278772006372323,89.92292440574877,1.41590170795526,0.0004262671893470252
