# Time,Potential,Kinetic En.,Box-XX,Box-XY,Box-XZ,Box-YX,Box-YY,Box-YZ,Box-ZX,Box-ZY,Box-ZZ,Volume,Density,Temperature
0.0,-433821.1117168544,0.043523993950864134,4.0185,0.0,0.0,0.004007205823898398,5.739898601221235,0.0,-1.011281116564646,-0.003274303569824388,4.447576080542737,102.58682265501446,1.369367085614649,0.0003408029461807156
0.0,-433821.11235067225,0.043524011101660334,4.0185000007983325,0.0,0.0,0.004007211808664513,5.739898594878821,0.0,-1.0112811186316337,-0.003274295033431744,4.44757608062766,102.58682256399828,1.3693670868295666,0.0003408030804754194
