# Time,Potential,Kinetic En.,Box-XX,Box-XY,Box-XZ,Box-YX,Box-YY,Box-YZ,Box-ZX,Box-ZY,Box-ZZ,Volume,Density,Temperature
0.0,-45804.962982957695,0.01919538641430928,4.0088,0.0,0.0,0.0,5.4202,0.0,-1.6621174053561913,-0.005220697372977057,3.936696167490062,85.53849385710839,1.365538336901531,0.00017813845138920723
0.0,-45804.98994246684,0.019196611461135264,4.00879793127897,0.0,0.0,-4.3367897715818044e-07,5.420201365360596,0.0,-1.6621163637299243,-0.0052204111769359575,3.936693935193086,85.5384227582811,1.3655394719256673,0.00017814982015979355
0.0,-45804.99521209394,0.019196992366813357,4.008797235740457,0.0,0.0,-9.345373431425577e-07,5.420202158224993,0.0,-1.6621167746599295,-0.005220141426234923,3.936693179747194,85.53840401492394,1.3655397711455828,0.00017815335506897204
0.0,-45805.001278499345,0.019197048355050657,4.00879709160805,0.0,0.0,-1.0073514017224379e-06,5.420202369450617,0.0,-1.6621168210332278,-0.005220000085381612,3.9366930984795006,85.53840250708636,1.365539795216785,0.00017815387465517228
0.0,-45805.13168931573,0.0192051890654988,4.008795387743523,0.0,0.0,4.641368188826764e-06,5.420232437116436,0.0,-1.6621234107991052,-0.005206437319367729,3.9366755574481203,85.53845951825356,1.3655388850879606,0.00017822942268119995
