# Time,Potential,Kinetic En.,Box-XX,Box-XY,Box-XZ,Box-YX,Box-YY,Box-YZ,Box-ZX,Box-ZY,Box-ZZ,Volume,Density,Temperature
0.0,83669.06997794767,0.028873421448859297,4.173100000000001,0.0,0.0,0.0,4.2715000000000005,0.0,-0.2701638329042148,0.004949927663316872,5.665760305696548,100.99442477286625,1.5701670547935473,0.0002153195929932705
0.0,83658.72745384253,0.0355215462917398,4.174187093890272,0.0,0.0,-0.00018027659948118677,4.271323712587224,0.0,-0.2686492453758296,0.010304885102063281,5.66904937217207,101.07520643270007,1.5689121407015632,0.00026489707510334563
0.0,83658.4312872756,0.03615277963554639,4.17430232860911,0.0,0.0,-6.678091453665351e-05,4.271377895800798,0.0,-0.26864108219502797,0.010448467265388835,5.669164387479511,101.0813297007109,1.5688170997127733,0.0002696044114650218
0.0,83658.43060658536,0.036154282353642736,4.174302675791128,0.0,0.0,-6.677225284970548e-05,4.271377996007404,0.0,-0.2686412873952372,0.010448796952052704,5.669164408489803,101.0813408537574,1.568816926613664,0.00026961561777977955
