# Time,Potential,Kinetic En.,Box-XX,Box-XY,Box-XZ,Box-YX,Box-YY,Box-YZ,Box-ZX,Box-ZY,Box-ZZ,Volume,Density,Temperature
0.0,-15936.587294253935,0.01653189698843817,3.8127000000000004,0.0,0.0,-0.7644779900490444,4.331149617910997,0.0,-0.6760157211730815,-1.3603209548344442,4.359638578433441,71.99234299663856,1.466037560119869,0.0001753377587410237
0.0,-16012.889613967638,0.21686322117868517,3.8170343773275044,0.0,0.0,-0.7585600353535927,4.336021901138348,0.0,-0.6752455874864861,-1.354726678394669,4.368237491314906,72.29758332202785,1.4598479509888045,0.002300057348616583
0.0,-16012.94511042295,0.2208231845527642,3.8169624217556284,0.0,0.0,-0.7583759792135639,4.336110137700403,0.0,-0.6751073761795657,-1.3540542685582972,4.368373871348631,72.29994882568836,1.4598001878060092,0.0023420568301759674
0.0,-16012.94544911488,0.2208216734121771,3.816962401795241,0.0,0.0,-0.7583759523188054,4.336110132798854,0.0,-0.6751074089065507,-1.3540542619341072,4.368373872959561,72.29994839253779,1.459800196551704,0.002342040802976919
0.0,-16012.946996058276,0.22081979344699498,3.8169623850065597,0.0,0.0,-0.7583759129583583,4.3361101510806295,0.0,-0.6751074606562548,-1.3540542498592025,4.3683738526539395,72.29994804328598,1.4598002036034083,0.0023420208640139695
