# Time,Potential,Kinetic En.,Box-XX,Box-XY,Box-XZ,Box-YX,Box-YY,Box-YZ,Box-ZX,Box-ZY,Box-ZZ,Volume,Density,Temperature
0.0,-158153.15721941306,0.032445321197955464,4.1741,0.0,0.0,0.5981508757323204,4.899825095843796,0.0,0.415275855616703,1.0682512699360447,4.818053698125608,98.54056840847439,1.3968190784263752,0.000232278285154511
0.0,-158153.15734148902,0.032445321672006915,4.174099999995976,0.0,0.0,0.598150875736185,4.899825095842263,0.0,0.4152758555793545,1.0682512699287225,4.818053698127,98.540568408377,1.3968190784277559,0.00023227828854827795
0.0,-158153.15734148902,0.03244532247214454,4.174099999995976,0.0,0.0,0.5981508757362017,4.899825095842272,0.0,0.4152758555793213,1.0682512699286952,4.8180536981270015,98.54056840837723,1.3968190784277523,0.00023227829427651818
