# Time,Potential,Kinetic En.,Box-XX,Box-XY,Box-XZ,Box-YX,Box-YY,Box-YZ,Box-ZX,Box-ZY,Box-ZZ,Volume,Density,Temperature
0.0,50927.99490415209,0.02753995102381272,4.5295000000000005,0.0,0.0,-0.0006669601169707098,3.82139994179675,0.0,-1.074530629644139,-0.0012147196110180597,5.78637525057033,100.15654880019572,1.3940751814651888,0.00020537541960536274
