# Time,Potential,Kinetic En.,Box-XX,Box-XY,Box-XZ,Box-YX,Box-YY,Box-YZ,Box-ZX,Box-ZY,Box-ZZ,Volume,Density,Temperature
0.0,161788.46108690425,0.02018605469124367,3.8235,0.0,0.0,-0.004995306218108382,5.724197820386345,0.0,-0.2995353483691201,0.002414563189996098,5.101914075615346,111.66289122709469,1.3844032663044812,0.00015868132919850616
0.0,161788.46086748675,0.02018606016684418,3.82349999972488,0.0,0.0,-0.004995309695185666,5.724197820244164,0.0,-0.2995353480335061,0.0024145620220347654,5.101914074954286,111.6628912018182,1.3844032666178607,0.00015868137224186362
0.0,161788.4608399192,0.020186066082087104,3.8235000002053448,0.0,0.0,-0.004995314544281734,5.724197818812748,0.0,-0.2995353473136839,0.0024145612680974643,5.101914075738339,111.6628912050871,1.3844032665773327,0.00015868141874122288
0.0,161788.4607178348,0.02018606335638838,3.823500000217355,0.0,0.0,-0.004995314610404352,5.7241978187764015,0.0,-0.2995353472902438,0.0024145612483596943,5.101914075739274,111.66289120474933,1.3844032665815202,0.0001586813973146736
