# Time,Potential,Kinetic En.,Box-XX,Box-XY,Box-XZ,Box-YX,Box-YY,Box-YZ,Box-ZX,Box-ZY,Box-ZZ,Volume,Density,Temperature
0.0,125601.88520569731,0.02791952779242901,4.5445,0.0,0.0,1.6525653476750954,4.282723201616408,0.0,1.386198932342093,0.08587538801513746,4.742726383390348,92.3069038470759,1.4518755114434314,0.00024290707170690677
0.0,125601.8851671571,0.027919516664762698,4.5445000039048455,0.0,0.0,1.6525653461524805,4.282723197776348,0.0,1.3861989247196687,0.085875390093698,4.74272638370566,92.3069038497611,1.4518755114011965,0.0002429069748933482
0.0,125601.88487585832,0.027919457648407035,4.544500000652583,0.0,0.0,1.6525653549316464,4.28272321705762,0.0,1.3861989032121322,0.0858754163585221,4.742726357202551,92.30690368345161,1.4518755140170427,0.00024290646143587704
0.0,125601.88462836617,0.02791943539943959,4.5444999959629175,0.0,0.0,1.6525653660279829,4.282723227749698,0.0,1.3861988864756773,0.085875445153161,4.742726329975917,92.30690328873841,1.4518755202254023,0.00024290626786413857
0.0,125601.88421456078,0.027919423390870748,4.5444999901685,0.0,0.0,1.6525653740708868,4.282723236661957,0.0,1.3861988702806716,0.08587546969015601,4.742726300971394,92.30690279862196,1.4518755279343392,0.0002429061633865015
