# Time,Potential,Kinetic En.,Box-XX,Box-XY,Box-XZ,Box-YX,Box-YY,Box-YZ,Box-ZX,Box-ZY,Box-ZZ,Volume,Density,Temperature
0.0,-72171.315995546,0.02472478041247938,4.2067000000000005,0.0,0.0,-0.0022264466118674655,4.252199417117627,0.0,-0.26852488883115305,0.0022726676614112477,4.601170527057211,82.30448359353073,1.609720070435116,0.0002753432933447369
0.0,-72171.31770614143,0.024724657428454085,4.20670000237712,0.0,0.0,-0.002226413998637333,4.252199241898404,0.0,-0.26852489701318377,0.0022726213506398156,4.601170789044659,82.3044849349007,1.6097200442004562,0.0002753419237541485
0.0,-72171.31835115516,0.024724689825428674,4.206700051483415,0.0,0.0,-0.0022263947639280836,4.2521992738229875,0.0,-0.2685249206866409,0.0022726331135899443,4.601170951891159,82.30448942654787,1.609719956352338,0.00027534228453752167
0.0,-72171.31856714269,0.0247246922100629,4.20670005857455,0.0,0.0,-0.002226375039549444,4.25219928913316,0.0,-0.268524925025134,0.0022726389286952227,4.601171012100255,82.30449093863028,1.6097199267788702,0.00027534231109359336
0.0,-72171.31856703118,0.02472469377083114,4.206700058529753,0.0,0.0,-0.002226374966056323,4.252199289148304,0.0,-0.26852492523042076,0.0022726391021287077,4.6011710123250875,82.30449094206868,1.6097199267116216,0.00027534232847482225
