# Time,Potential,Kinetic En.,Box-XX,Box-XY,Box-XZ,Box-YX,Box-YY,Box-YZ,Box-ZX,Box-ZY,Box-ZZ,Volume,Density,Temperature
0.0,2229.216411153745,0.0302798957730969,4.5677,0.0,0.0,1.3471061437677778,4.030751176570331,0.0,-1.3336516926466693,-1.8586608598143315,4.344745908668874,79.992255896255,1.271844328820869,0.00029973945473898354
