# Time,Potential,Kinetic En.,Box-XX,Box-XY,Box-XZ,Box-YX,Box-YY,Box-YZ,Box-ZX,Box-ZY,Box-ZZ,Volume,Density,Temperature
0.0,-228998.07519219737,0.02900056726756104,3.8646000000000003,0.0,0.0,0.0009517280362821111,5.4529999169460615,0.0,-0.04028844437400408,7.031660120001172e-06,4.274610143767555,90.08169567380443,1.4156443774665988,0.0002442553587426163
0.0,-228998.07776181365,0.029000710171510083,3.864599942020371,0.0,0.0,0.0009517406570305892,5.452999844822195,0.0,-0.04028850215630247,7.01000775077437e-06,4.274610159422053,90.08169346076724,1.4156444122447376,0.0002442565623416707
0.0,-228998.0778071692,0.029000722164956062,3.8645999395995525,0.0,0.0,0.0009517424017818668,5.452999841064605,0.0,-0.040288504356749424,7.0090335234733515e-06,4.274610159951832,90.08169335342957,1.4156444139315618,0.0002442566633556758
