# Time,Potential,Kinetic En.,Box-XX,Box-XY,Box-XZ,Box-YX,Box-YY,Box-YZ,Box-ZX,Box-ZY,Box-ZZ,Volume,Density,Temperature
0.0,-21985.303532782134,0.04473133492153299,4.6357,0.0,0.0,0.6368208590841641,4.565904204364707,0.0,1.3346592463205753,1.4779544389210504,4.8416582296445245,102.47932301912809,1.2604907156332532,0.00033209524661837695
0.0,-21986.2827018089,0.04682236109769274,4.635643448524431,0.0,0.0,0.634647852753254,4.564076857701991,0.0,1.3338599585871604,1.4779334030683635,4.841027441597202,102.42371366914385,1.2611750793108285,0.00034761948381977935
0.0,-21986.28455829741,0.04682239007187927,4.6356434875687205,0.0,0.0,0.6346476983445255,4.564076717947756,0.0,1.3338599993240097,1.4779334192746163,4.841027517261515,102.42371299641951,1.261175087594293,0.00034761969893049846
0.0,-21986.2846044146,0.04682244968826472,4.635643490985713,0.0,0.0,0.6346476942461988,4.564076689303771,0.0,1.3338599954218398,1.4779334131076884,4.841027532448374,102.42371275042467,1.261175090623304,0.0003476201415356266
