# Time,Potential,Kinetic En.,Box-XX,Box-XY,Box-XZ,Box-YX,Box-YY,Box-YZ,Box-ZX,Box-ZY,Box-ZZ,Volume,Density,Temperature
0.0,44558.39747850521,0.028785653308270934,4.0774,0.0,0.0,0.6864100215128661,4.14626682358561,0.0,0.7180555632472729,0.9831070133850215,4.505728142966776,76.17378747743918,1.3617956496204926,0.00027477129482771296
0.0,44558.396666844696,0.028785663404415084,4.077400028197944,0.0,0.0,0.6864100068831994,4.146266905668666,0.0,0.7180554719179431,0.9831070101606217,4.505728062269127,76.17378814795993,1.3617956376332685,0.00027477139119969974
