# Time,Potential,Kinetic En.,Box-XX,Box-XY,Box-XZ,Box-YX,Box-YY,Box-YZ,Box-ZX,Box-ZY,Box-ZZ,Volume,Density,Temperature
0.0,1308.7486164273123,0.0272128283291182,4.2816,0.0,0.0,0.29776549835144295,3.923517140015004,0.0,1.2478736904936714,-0.07596723333917764,4.702451474713215,78.99615779195764,1.257742269685685,0.00026739795347356676
0.0,1308.745447255793,0.027212413114857472,4.281600036570978,0.0,0.0,0.2977656723888559,3.923516834521536,0.0,1.247873640713257,-0.07596726210890357,4.702449794511414,78.996124090295,1.2577428062690448,0.0002673938735064929
0.0,1308.7448130073499,0.027212291524234284,4.2816000335689965,0.0,0.0,0.2977658848280451,3.9235167815702483,0.0,1.2478735833534458,-0.07596748828510565,4.70244978440821,78.99612279906329,1.2577428268274893,0.00026739267873601886
0.0,1308.7447872515786,0.02721226600741006,4.281600032098771,0.0,0.0,0.2977659037403139,3.923516767476771,0.0,1.247873594828358,-0.07596750628043825,4.702449785098368,78.99612249977312,1.2577428315926606,0.0002673924280032948
0.0,1308.7448482867349,0.027212266215414983,4.281600032098771,0.0,0.0,0.2977659037403139,3.923516767476771,0.0,1.247873594828358,-0.07596750628043825,4.702449785098368,78.99612249977312,1.2577428315926606,0.0002673924300471871
