# Time,Potential,Kinetic En.,Box-XX,Box-XY,Box-XZ,Box-YX,Box-YY,Box-YZ,Box-ZX,Box-ZY,Box-ZZ,Volume,Density,Temperature
0.0,-118859.81918255845,0.013265678280918262,4.2116,0.0,0.0,0.009323993371599795,3.8158886085874686,0.0,-1.689337064831992,0.019259004210796498,4.2386113034980735,68.11870727047848,1.5246774492117305,0.00016234171429438147
0.0,-118859.81924144829,0.013265727431209571,4.211600018937674,0.0,0.0,0.009323974978410025,3.8158886181850153,0.0,-1.6893370739041391,0.019259165364912085,4.238611304075268,68.11870775738284,1.5246774383135189,0.0001623423157820989
