# Time,Potential,Kinetic En.,Box-XX,Box-XY,Box-XZ,Box-YX,Box-YY,Box-YZ,Box-ZX,Box-ZY,Box-ZZ,Volume,Density,Temperature
0.0,3236.7566540727667,0.03328907375402195,3.6103000000000005,0.0,0.0,-0.012847010165859828,6.133986546637497,0.0,-0.531252173538617,0.0034849717949061968,4.358138495169938,96.5132938897663,1.2005318709059283,0.0002896235024296312
0.0,3236.7564265753363,0.03328897151051376,3.6103000043513207,0.0,0.0,-0.012846980051596707,6.1339865536993345,0.0,-0.5312521729750412,0.0034849546834011765,4.35813846603299,96.51329347194817,1.200531876103181,0.0002896226128848165
