# Time,Potential,Kinetic En.,Box-XX,Box-XY,Box-XZ,Box-YX,Box-YY,Box-YZ,Box-ZX,Box-ZY,Box-ZZ,Volume,Density,Temperature
0.0,-144099.54310569438,0.03250546756101522,3.9219000000000004,0.0,0.0,-0.000844512460874594,4.838699926302385,0.0,-0.777186076207628,0.0015852849796314096,4.86845615157624,92.3881921106078,1.3356842174945487,0.0002545253343312654
0.0,-144099.75012378438,0.03552925239415835,3.9223028621101035,0.0,0.0,-0.0010815822568219016,4.836268545151616,0.0,-0.7770048127396301,0.0018372880502946897,4.86874113722661,92.35665973040943,1.3361402463580216,0.00027820226942401285
0.0,-144099.75060148476,0.03552927921247943,3.922302883388053,0.0,0.0,-0.0010815921437962632,4.8362685080394545,0.0,-0.7770048031660082,0.0018372903653512242,4.868741128777734,92.35665936244321,1.3361402516814547,0.0002782024794176739
0.0,-144099.75103951246,0.03552925237934438,3.922302920185428,0.0,0.0,-0.0010816185904223123,4.836268462509029,0.0,-0.7770048054358879,0.0018372728819428218,4.86874113143658,92.35665940985066,1.3361402509956026,0.000278202269308016
