# Time,Potential,Kinetic En.,Box-XX,Box-XY,Box-XZ,Box-YX,Box-YY,Box-YZ,Box-ZX,Box-ZY,Box-ZZ,Volume,Density,Temperature
0.0,64066.0214655325,0.03206259343600212,4.2250000000000005,0.0,0.0,-0.0022583337758444017,4.313099408769587,0.0,-0.8476203232021883,-0.0004438130039586868,4.401629907287146,80.210219556888,1.2711187970814954,0.0002914772200548318
0.0,64059.93082371339,0.03610286316812747,4.224104336991142,0.0,0.0,-0.004556838653635506,4.311821558207471,0.0,-0.8501496840107352,-0.000885306166167896,4.399716101461396,80.13459942524544,1.27231830605088,0.0003282068312181394
0.0,64059.752801797586,0.03672943269545528,4.223988554415854,0.0,0.0,-0.004734230721303411,4.311620153305242,0.0,-0.8502523024731383,-0.0007813421367832175,4.3996714156400865,80.12784613031016,1.2724255389441534,0.0003339029002014897
