# Time,Potential,Kinetic En.,Box-XX,Box-XY,Box-XZ,Box-YX,Box-YY,Box-YZ,Box-ZX,Box-ZY,Box-ZZ,Volume,Density,Temperature
0.0,-353337.32721931476,0.03573354806827466,3.9541,0.0,0.0,-0.927632403043591,4.604691733962609,0.0,-0.4128727101132512,-0.6861617382500665,4.621533333668101,84.14615956110102,1.4803060071928376,0.0003553040658237307
0.0,-353337.7125675109,0.03545111669627245,3.95387290752647,0.0,0.0,-0.927823793680312,4.604638642328064,0.0,-0.4130426745831739,-0.6860497382384395,4.621521183889129,84.1401355242038,1.480411990121804,0.00035249580803201
0.0,-353337.72573111876,0.03544724360123592,3.953870371432383,0.0,0.0,-0.9278266832213645,4.604637264861299,0.0,-0.4130446707337442,-0.6860476950184596,4.621520676452092,84.14004714624271,1.4804135450982714,0.0003524572972630494
0.0,-353337.74674927525,0.03544400906158352,3.9538679118198217,0.0,0.0,-0.9278284959612788,4.604635994021409,0.0,-0.41304569848566125,-0.6860467535043698,4.621519183062381,84.13994439389505,1.4804153529906863,0.0003524251357467239
0.0,-353337.7594062989,0.03544369590439526,3.9538678548475583,0.0,0.0,-0.9278286861264744,4.604635674642682,0.0,-0.413046017019597,-0.6860469717220457,4.6215190871947796,84.13993560015663,1.4804155077137113,0.00035242202197750014
