# Time,Potential,Kinetic En.,Box-XX,Box-XY,Box-XZ,Box-YX,Box-YY,Box-YZ,Box-ZX,Box-ZY,Box-ZZ,Volume,Density,Temperature
0.0,23559.315811056345,0.02095715083709539,3.9491,0.0,0.0,0.0024242622202493773,4.6299993653296205,0.0,-0.05110483299966535,-0.0007475744477209983,4.4363055910494404,81.1148775974564,1.4263732453898232,0.0001944881085002392
0.0,23558.855880055627,0.022251708506106863,3.9490293344240857,0.0,0.0,0.0026562112717514077,4.630817598604073,0.0,-0.05061592711507953,-0.0003617166361013305,4.438098643668665,81.16055080511744,1.4255705519532633,0.00020650195877729412
0.0,23558.85387056997,0.022253451558890844,3.9490285889275163,0.0,0.0,0.002656458837292001,4.63081804896924,0.0,-0.05061530970563492,-0.00036104397372936474,4.438099507875192,81.16055918077933,1.4255704048362763,0.00020651813478526427
0.0,23558.853320117414,0.022253712450748843,3.9490285749658622,0.0,0.0,0.0026565902620632907,4.630818120585744,0.0,-0.05061517958343069,-0.0003609863189716771,4.43809954702944,81.16056086502572,1.4255703752527966,0.00020652055593327144
