# Time,Potential,Kinetic En.,Box-XX,Box-XY,Box-XZ,Box-YX,Box-YY,Box-YZ,Box-ZX,Box-ZY,Box-ZZ,Volume,Density,Temperature
0.0,-179066.7842885223,0.02770564766895344,4.145300000000001,0.0,0.0,-0.0007438418701307028,4.261899935087551,0.0,-0.2896717473204026,-5.0557257920498426e-05,4.818901538343392,85.13482895893362,1.3027895820374982,0.0002435835886790237
