# Time,Potential,Kinetic En.,Box-XX,Box-XY,Box-XZ,Box-YX,Box-YY,Box-YZ,Box-ZX,Box-ZY,Box-ZZ,Volume,Density,Temperature
0.0,-114811.33748554092,0.020609189908893145,3.8004,0.0,0.0,0.0009402437698622756,5.387199917948252,0.0,-0.9133552417384169,-0.0006306825434017931,4.433802590850036,90.77552193616047,1.4722699271641884,0.00017213304207398355
