# Time,Potential,Kinetic En.,Box-XX,Box-XY,Box-XZ,Box-YX,Box-YY,Box-YZ,Box-ZX,Box-ZY,Box-ZZ,Volume,Density,Temperature
0.0,60097.477120717784,0.039126111862596555,4.093500000000001,0.0,0.0,0.8795834854372407,4.195693566282705,0.0,0.7272634897333239,0.8554259284708131,5.993334635860136,102.93595157503678,1.2481720874561586,0.0003028178646962438
0.0,60096.389375658786,0.04148797288177858,4.092531291118668,0.0,0.0,0.880154647997536,4.195872594402804,0.0,0.7276212641200575,0.8568980913746401,5.994163033481906,102.93020844607163,1.2482417308910372,0.00032109756785329884
0.0,60096.38935576849,0.041488072509432226,4.092530927564736,0.0,0.0,0.880154791293964,4.195872701318324,0.0,0.7276210930001644,0.8568982554363181,5.99416300681307,102.93020146724577,1.2482418155237451,0.0003210983389248903
