# Time,Potential,Kinetic En.,Box-XX,Box-XY,Box-XZ,Box-YX,Box-YY,Box-YZ,Box-ZX,Box-ZY,Box-ZZ,Volume,Density,Temperature
0.0,31125.56387527363,0.016426000162027707,4.6055,0.0,0.0,0.002769069353109045,3.9663990334124124,0.0,-0.8704854043281954,0.003801247725533185,4.490810179841417,82.03475561854454,1.842899959802219,0.0001710470756207162
0.0,31121.982651801052,0.024075695092402816,4.603068916211194,0.0,0.0,0.002847115685333153,3.966307560167441,0.0,-0.8704388795209533,0.003872027718094217,4.490883258343153,81.9908956328852,1.843885795670758,0.00025070480935531506
0.0,31121.982427445615,0.024075711525253705,4.603068914274491,0.0,0.0,0.0028470996593925905,3.9663075258908207,0.0,-0.8704388736624096,0.0038720409838978406,4.490883275777323,81.99089520812612,1.8438858052231262,0.0002507049804737286
