# Time,Potential,Kinetic En.,Box-XX,Box-XY,Box-XZ,Box-YX,Box-YY,Box-YZ,Box-ZX,Box-ZY,Box-ZZ,Volume,Density,Temperature
0.0,-10140.890185519165,0.03907157537517809,4.2535,0.0,0.0,0.0006641501368905772,3.805299942041967,0.0,-1.8248700192223117,-0.0013349202993914384,4.371061029193181,70.7493088884492,1.1675572750213519,0.000381678881221739
0.0,-10140.890246541225,0.03907157647118693,4.253500000016219,0.0,0.0,0.0006641501421513599,3.8052999420348246,0.0,-1.8248700192130964,-0.0013349203100825107,4.371061029214233,70.74930888892693,1.1675572750134682,0.0003816788919283314
