# Time,Potential,Kinetic En.,Box-XX,Box-XY,Box-XZ,Box-YX,Box-YY,Box-YZ,Box-ZX,Box-ZY,Box-ZZ,Volume,Density,Temperature
0.0,-199022.92884907642,0.02167643154364752,4.3975,0.0,0.0,-0.002437823427918191,4.655899361779304,0.0,-1.8356393945109462,-0.013279797792184383,4.011211705992353,82.12682180126774,1.4337712847211153,0.00021553203295940148
0.0,-199022.93003136473,0.021676500766815942,4.397500019146549,0.0,0.0,-0.0024377787855032118,4.655899422698954,0.0,-1.8356393932423205,-0.01327979705142856,4.011211735121623,82.12682382982696,1.433771249306499,0.00021553272125582096
0.0,-199022.93205614414,0.021675057385681016,4.397499793365345,0.0,0.0,-0.0024360810846625006,4.655901570517171,0.0,-1.8356394913086294,-0.013280051481449935,4.011212377859731,82.12687065882821,1.4337704317656004,0.0002155183694991806
0.0,-199022.93213036194,0.021675061278326045,4.39749979338574,0.0,0.0,-0.002436080816382552,4.655901570729324,0.0,-1.8356394913302634,-0.013280051546140278,4.01121237787719,82.12687066330882,1.4337704316873778,0.00021551840820433808
0.0,-199022.93214654835,0.021675059292046286,4.397499793382048,0.0,0.0,-0.002436080798309872,4.6559015707150815,0.0,-1.8356394913836442,-0.013280051543471807,4.011212377907516,82.12687066360954,1.4337704316821278,0.00021551838845445842
