# Time,Potential,Kinetic En.,Box-XX,Box-XY,Box-XZ,Box-YX,Box-YY,Box-YZ,Box-ZX,Box-ZY,Box-ZZ,Volume,Density,Temperature
0.0,3796.3550878347874,0.02414327169137149,4.5189,0.0,0.0,-0.0012404054742021337,3.5534997835084017,0.0,-0.3694064759665592,-0.00012894719091295032,6.6699783267179065,107.10591281759612,1.8286271221779242,0.00022980121436828334
