# Time,Potential,Kinetic En.,Box-XX,Box-XY,Box-XZ,Box-YX,Box-YY,Box-YZ,Box-ZX,Box-ZY,Box-ZZ,Volume,Density,Temperature
0.0,-43077.384021506085,0.02407622719835303,4.2406,0.0,0.0,-1.756545444891307,3.917630873376358,0.0,-0.8622677100300592,-1.078432635663618,4.094766310374151,68.02678463691072,1.3502042136796237,0.0002490928641453465
