# Time,Potential,Kinetic En.,Box-XX,Box-XY,Box-XZ,Box-YX,Box-YY,Box-YZ,Box-ZX,Box-ZY,Box-ZZ,Volume,Density,Temperature
0.0,-88180.11129279346,0.015917583137571058,3.8269,0.0,0.0,-0.1839681219631198,4.389346417190305,0.0,-0.2552807405576034,-1.2873038582876217,5.020092226238296,84.32544999432686,1.2518563932235942,0.00017017290760391605
0.0,-88180.11129279208,0.015917583016379997,3.826900000000784,0.0,0.0,-0.18396812196269052,4.389346417189693,0.0,-0.2552807405567229,-1.2873038582861966,5.020092226239891,84.32544999435916,1.2518563932231146,0.00017017290630827746
