# Time,Potential,Kinetic En.,Box-XX,Box-XY,Box-XZ,Box-YX,Box-YY,Box-YZ,Box-ZX,Box-ZY,Box-ZZ,Volume,Density,Temperature
0.0,-25030.079910011853,0.03169297259441794,4.2656,0.0,0.0,0.0,5.2427,0.0,0.0,0.0,3.9337000000000004,87.97036026774401,2.1138922819193677,0.00036096481555257775
