# Time,Potential,Kinetic En.,Box-XX,Box-XY,Box-XZ,Box-YX,Box-YY,Box-YZ,Box-ZX,Box-ZY,Box-ZZ,Volume,Density,Temperature
0.0,-189430.2868533368,0.0159793226560723,4.0025,0.0,0.0,-0.5881357816364007,4.117003004900402,0.0,-1.1829245474454335,-0.7059863355047054,4.4893973770576,73.97765712238133,1.367128254602342,0.00017795099702161147
0.0,-189430.53445430953,0.0197495411957479,4.001810751676151,0.0,0.0,-0.5876453330128973,4.11733128081906,0.0,-1.182167006438254,-0.7066175218504576,4.487886715061288,73.94592470694154,1.3677149303644809,0.0002199373917246237
0.0,-189430.54046514662,0.019759621029311884,4.00181025345063,0.0,0.0,-0.5876427468772613,4.11733691165399,0.0,-1.182164218868839,-0.7066192964638915,4.487884591937323,73.9459816463244,1.367713877205914,0.0002200496440691773
