# Time,Potential,Kinetic En.,Box-XX,Box-XY,Box-XZ,Box-YX,Box-YY,Box-YZ,Box-ZX,Box-ZY,Box-ZZ,Volume,Density,Temperature
0.0,170843.9036045741,0.02247762240454023,4.278300000000001,0.0,0.0,0.0013140932737245028,3.7645997706474548,0.0,-0.14910387742125233,0.0010141249711907614,5.51028295963905,88.74909783779343,1.4700611326921058,0.00021138764425327988
0.0,170841.27808318546,0.06937567411839622,4.285907516990989,0.0,0.0,0.0019201663458626435,3.7676755508317488,0.0,-0.14490095162839178,0.0035644787796257054,5.513428714831345,89.03034497152332,1.4654172050502483,0.0006524337875436867
0.0,170841.2059877976,0.0703879386784505,4.286039179704011,0.0,0.0,0.001931315620926224,3.7676615245393967,0.0,-0.14498671249579884,0.0036099917379090003,5.513453246187234,89.03314466480674,1.4653711242482974,0.0006619534874861387
0.0,170841.11293154568,0.07167065981734101,4.286210587235971,0.0,0.0,0.0019458272641435926,3.767603579831115,0.0,-0.14510153170959114,0.003692520302565808,5.513538825441659,89.03671794190267,1.4653123150603986,0.0006740166583546546
0.0,170841.10936642377,0.071677406057496,4.286214406340551,0.0,0.0,0.001945110820258475,3.7676002824311112,0.0,-0.1451020874758038,0.0036935425013682388,5.513538657944814,89.0367166457963,1.4653123363909317,0.0006740801024230824
0.0,170841.10936642377,0.07167741034140397,4.286214406340551,0.0,0.0,0.001945110820258402,3.7676002824311112,0.0,-0.14510208747580383,0.003693542501368129,5.513538657944814,89.0367166457963,1.4653123363909317,0.0006740801427104936
