# Time,Potential,Kinetic En.,Box-XX,Box-XY,Box-XZ,Box-YX,Box-YY,Box-YZ,Box-ZX,Box-ZY,Box-ZZ,Volume,Density,Temperature
0.0,-8334.706025544836,0.024789090673917255,3.73,0.0,0.0,-0.2564775871641695,4.893883898018265,0.0,-0.4220791839909885,-1.9428017074681259,4.523804222985389,82.578367964564,1.3751964558915637,0.00023662240593013532
0.0,-8337.218257566206,0.03616493907209876,3.7305640697168094,0.0,0.0,-0.25779629657575903,4.894337457114105,0.0,-0.4191006481913174,-1.9399173099737554,4.52817670137386,82.67834581323562,1.3735335152290657,0.000345209713664922
0.0,-8337.21846368258,0.036167096950829015,3.7305646426265153,0.0,0.0,-0.2577963670152683,4.894336993988783,0.0,-0.41910089364051667,-1.9399173647529855,4.528177483526053,82.67836496792297,1.3735331970127456,0.00034523031153450807
