# Time,Potential,Kinetic En.,Box-XX,Box-XY,Box-XZ,Box-YX,Box-YY,Box-YZ,Box-ZX,Box-ZY,Box-ZZ,Volume,Density,Temperature
0.0,-39496.6554285122,0.02822450081859505,4.1519,0.0,0.0,-1.472962017078523,4.272946405730356,0.0,-0.5308394504705012,-0.6431804225560124,3.888887207398133,68.99214976541063,1.4484099102792412,0.00029934983980227294
0.0,-39501.08533918096,0.03214401907848623,4.152693379462308,0.0,0.0,-1.47317747198554,4.273515327801176,0.0,-0.5328529402283547,-0.6450306958260968,3.888564873151515,69.0088007457758,1.4480604266667723,0.0003409203593569537
0.0,-39501.15692322473,0.032191075995124746,4.152704497401296,0.0,0.0,-1.473170591533503,4.273530220170159,0.0,-0.5328723602008705,-0.6450313543164788,3.8885763005371907,69.00942878328371,1.4480472482319162,0.00034141944632213575
0.0,-39501.18148943544,0.032206141772968794,4.15270681052716,0.0,0.0,-1.4731685245122557,4.273532953341486,0.0,-0.5328798330869433,-0.6450307687842188,3.888580134788448,69.00957940368049,1.4480440877221294,0.00034157923438050025
0.0,-39501.18151294504,0.0322062795271968,4.152706712961022,0.0,0.0,-1.4731684605560074,4.273533051794595,0.0,-0.5328799234798686,-0.6450307826167455,3.888580156926497,69.00957976504064,1.448044080139625,0.00034158069540566954
0.0,-39501.18154346262,0.032206281916509656,4.152706712961022,0.0,0.0,-1.4731684605560074,4.273533051794595,0.0,-0.5328799234798686,-0.6450307826167455,3.888580156926497,69.00957976504064,1.448044080139625,0.00034158072074678806
0.0,-39501.18158923098,0.03220563108178434,4.152706712961015,0.0,0.0,-1.473168460556037,4.273533051794609,0.0,-0.5328799234798753,-0.6450307826167359,3.888580156926498,69.00957976504078,1.4480440801396222,0.0003415738179756102
