# Time,Potential,Kinetic En.,Box-XX,Box-XY,Box-XZ,Box-YX,Box-YY,Box-YZ,Box-ZX,Box-ZY,Box-ZZ,Volume,Density,Temperature
0.0,-14947.578338862453,0.03264361667079038,3.7312,0.0,0.0,0.6962832734213902,4.169765683243315,0.0,0.22480493437818203,-0.008092310452760588,4.261066328513411,66.29464877973814,1.339862303834938,0.00038949649346309046
0.0,-14947.578284363006,0.03264361154159376,3.7311999977500814,0.0,0.0,0.6962832646797943,4.169765685039832,0.0,0.22480493167120133,-0.008092307982354188,4.261066322899486,66.29464868098228,1.3398623058308647,0.00038949643226263836
0.0,-14947.578280579213,0.03264360966681518,3.731199997732751,0.0,0.0,0.6962832645911976,4.169765685039244,0.0,0.22480493164884,-0.008092307987792355,4.261066322867342,66.2946486801649,1.3398623058473844,0.00038949640989319043
