# Time,Potential,Kinetic En.,Box-XX,Box-XY,Box-XZ,Box-YX,Box-YY,Box-YZ,Box-ZX,Box-ZY,Box-ZZ,Volume,Density,Temperature
0.0,21881.16505946781,0.016114908538830713,3.7756000000000003,0.0,0.0,0.0023340461553359934,4.457699388948131,0.0,-0.07295937336220225,-0.002697864209873646,5.224989942704895,87.93914000326535,2.025996175075347,0.00018026209089130445
0.0,21881.025681704286,0.015930246443204735,3.775433364679613,0.0,0.0,0.001632919815449585,4.458014248119411,0.0,-0.07362659376473892,-0.0021465848804884877,5.226188989772293,87.96165101310736,2.025477685264029,0.00017819645239353088
0.0,21881.019179761635,0.015930148734041964,3.775433325928119,0.0,0.0,0.0016327240428332319,4.4580143811840145,0.0,-0.07362677638670563,-0.002146442873798617,5.226189308225302,87.96165809563556,2.0254775221758936,0.00017819535941444644
0.0,21881.018229290967,0.015930128708453024,3.7754333672256384,0.0,0.0,0.0016327327792937665,4.458014383624467,0.0,-0.07362679140531538,-0.0021464673783821446,5.2261893551176035,87.96165989519702,2.0254774807377114,0.0001781951354073089
0.0,21881.018217590754,0.01593012517050944,3.7754333698315747,0.0,0.0,0.0016327344979178615,4.458014384179587,0.0,-0.07362679191293268,-0.002146469034439891,5.2261893594531745,87.9616600398361,2.025477477407133,0.00017819509583171303
0.0,21881.017970237797,0.015930117316931138,3.7754333739862074,0.0,0.0,0.0016327313328793067,4.4580143843563045,0.0,-0.07362678496359878,-0.002146469917899523,5.226189364500095,87.96166022506372,2.025477473141929,0.00017819500798123332
