# Time,Potential,Kinetic En.,Box-XX,Box-XY,Box-XZ,Box-YX,Box-YY,Box-YZ,Box-ZX,Box-ZY,Box-ZZ,Volume,Density,Temperature
0.0,102338.41231514144,0.02227878325062225,4.1814,0.0,0.0,-0.016488193247243394,4.498569783773887,0.0,-0.9760987681571035,-0.788375674100157,4.74552936470625,89.26492446678249,1.2523891253463315,0.00020415403649819255
