# Time,Potential,Kinetic En.,Box-XX,Box-XY,Box-XZ,Box-YX,Box-YY,Box-YZ,Box-ZX,Box-ZY,Box-ZZ,Volume,Density,Temperature
0.0,-43531.0085752738,0.03566544056975356,5.031700000000001,0.0,0.0,-0.002852775337235555,4.086299004193511,0.0,-0.02223923277757082,-0.0007568372393070531,4.2473417102610025,87.32972329552067,1.3062206578761881,0.00031916417641076234
0.0,-43531.60140873272,0.03569069827240911,5.031656183075465,0.0,0.0,-0.0036666932977203175,4.086586679889821,0.0,-0.020753299266917515,-0.0006269320046612353,4.2463509880980235,87.31473925177359,1.3064448178249972,0.00031939020344806527
0.0,-43531.6213581936,0.0357098095050777,5.031653714650597,0.0,0.0,-0.0036708528022311913,4.086588961053016,0.0,-0.020738477300131397,-0.0006263291091066224,4.246337091670464,87.31445941419165,1.3064490049019286,0.00031956122673384063
0.0,-43531.6213773745,0.0357098113477499,5.031653714318976,0.0,0.0,-0.0036708535606672235,4.086588961350322,0.0,-0.020738477485031433,-0.0006263291503548258,4.246337090677118,87.31445939436381,1.3064490051986037,0.0003195612432236119
