# Time,Potential,Kinetic En.,Box-XX,Box-XY,Box-XZ,Box-YX,Box-YY,Box-YZ,Box-ZX,Box-ZY,Box-ZZ,Volume,Density,Temperature
0.0,19501.69140021375,0.025675084281750575,4.0551,0.0,0.0,0.0014159506868023357,4.056399752869982,0.0,0.0020311792356360594,-0.0010162987104957147,5.818899556741623,95.71569932385708,1.3071279682725294,0.0002188210638099929
0.0,19498.67420628809,0.025113618507042062,4.053558138222318,0.0,0.0,-0.003836652134158623,4.055581421780915,0.0,0.000777683910448836,-0.002516222456376894,5.818200171103702,95.64850580067846,1.3080462317905874,0.000214035858948876
0.0,19498.673594537675,0.025111191839323713,4.053557228173937,0.0,0.0,-0.0038382296238140693,4.055584902903268,0.0,0.000776773028038702,-0.0025189918048092222,5.818199774256948,95.64855990323632,1.3080454919085964,0.0002140151771857388
