# Time,Potential,Kinetic En.,Box-XX,Box-XY,Box-XZ,Box-YX,Box-YY,Box-YZ,Box-ZX,Box-ZY,Box-ZZ,Volume,Density,Temperature
0.0,-90771.70163007097,0.015419480765841197,4.3126,0.0,0.0,-0.0014849959106094605,4.254199740819317,0.0,-0.028522953174393448,0.0024348834108282222,4.669212246459244,85.66445796874622,1.4480685186261304,0.00015331822629329842
0.0,-90771.80116567196,0.01509588092624849,4.312705214974098,0.0,0.0,-0.0012807623403459753,4.254256013795026,0.0,-0.028772690143957343,0.0022510603843739234,4.669083104999318,85.66531169537612,1.4480540874096692,0.000150100624210026
0.0,-90771.8078091313,0.015091904652112192,4.312706398814564,0.0,0.0,-0.0012779004906703511,4.2542539294822275,0.0,-0.028774408954961726,0.00225141891665801,4.669083603757342,85.66530239092447,1.4480542446886242,0.00015006108751569166
