# Time,Potential,Kinetic En.,Box-XX,Box-XY,Box-XZ,Box-YX,Box-YY,Box-YZ,Box-ZX,Box-ZY,Box-ZZ,Volume,Density,Temperature
0.0,-18679.51527077769,0.019217367613915796,4.3251,0.0,0.0,-1.4819186913618776,3.913519015182155,0.0,-1.783726938471196,-1.4838377388364634,3.7560465630469584,63.57620040661805,1.552911165443345,0.00024458392176163657
0.0,-18679.515295155805,0.019217370525425676,4.325099999358959,0.0,0.0,-1.481918694770334,3.913518998055347,0.0,-1.7837269500132888,-1.4838377536301421,3.756046586667518,63.576200518775536,1.552911162703788,0.0002445839588171022
0.0,-18679.515727571306,0.019217335154819087,4.3251000116260006,0.0,0.0,-1.4819186720092508,3.9135189809451196,0.0,-1.7837269581485682,-1.483837795465476,3.7560466349150623,63.57620123778815,1.5529111451411988,0.0002445835086471388
0.0,-18679.515868571976,0.019217333665761685,4.325100011580335,0.0,0.0,-1.481918670990421,3.913518981381205,0.0,-1.783726959371293,-1.4838377981894348,3.756046637952969,63.57620129562193,1.552911143728552,0.0002445834896955578
0.0,-18679.515905714343,0.01921733273304868,4.32510001155411,0.0,0.0,-1.481918670888781,3.9135189813761744,0.0,-1.7837269594841105,-1.4838377983141104,3.7560466380517283,63.57620129682635,1.5529111436991325,0.0002445834778247018
