# Time,Potential,Kinetic En.,Box-XX,Box-XY,Box-XZ,Box-YX,Box-YY,Box-YZ,Box-ZX,Box-ZY,Box-ZZ,Volume,Density,Temperature
0.0,26353.403624812458,0.026653482634633283,3.9109000000000003,0.0,0.0,-0.0006768910403641346,3.8782999409301135,0.0,-1.6344870876144533,-0.0010971989917702256,4.355405234484616,66.06123275786429,1.1545148419029927,0.0003028795471048515
0.0,26353.403230342697,0.02665603538352705,3.910896728355758,0.0,0.0,-0.0006762277807896714,3.878300968084181,0.0,-1.6344879844977023,-0.0010978932087703495,4.355405566530462,66.06120002708359,1.1545154139206382,0.00030290855552522994
0.0,26353.403085114667,0.026656020831860545,3.910896707511652,0.0,0.0,-0.0006762236363679772,3.878300978454109,0.0,-1.6344879898230833,-0.0010979017108541165,4.355405552985372,66.06119964618345,1.1545154205774213,0.0003029083901658951
0.0,26353.403096962367,0.026656021030888488,3.9108966995054844,0.0,0.0,-0.0006762239184834617,3.878300986560209,0.0,-1.6344879887202306,-0.0010979060826101423,4.35540554889609,66.06119958699753,1.1545154216117812,0.00030290839242756923
