# Time,Potential,Kinetic En.,Box-XX,Box-XY,Box-XZ,Box-YX,Box-YY,Box-YZ,Box-ZX,Box-ZY,Box-ZZ,Volume,Density,Temperature
0.0,26349.214279274587,0.01732745867142982,3.9227,0.0,0.0,0.0013410760634123592,3.841899765938069,0.0,-1.6377664507975997,0.0005716883621218817,4.375748343519569,65.94524142779444,1.1565455223463168,0.0001969023300565353
0.0,26349.20551504013,0.01731206306833512,3.9227073641112256,0.0,0.0,0.00134547564286968,3.8419074661263433,0.0,-1.637760841760695,0.0005981910515793029,4.3757532685644085,65.94557162304997,1.156539731421545,0.00019672738056281816
0.0,26349.19975340274,0.01730361407756118,3.922709184349715,0.0,0.0,0.0013444072166907946,3.841907752428197,0.0,-1.6377562021375167,0.000601518198808481,4.375757400390483,65.94566940728753,1.1565380165044499,0.00019663136960116695
0.0,26349.19967287108,0.017303602362918964,3.9227091846361737,0.0,0.0,0.0013443987353791858,3.841907758547365,0.0,-1.6377562022139514,0.000601522644597761,4.375757410150712,65.94566966423103,1.1565380119982411,0.00019663123648064467
0.0,26349.199491320865,0.017303541906956182,3.9227091992839647,0.0,0.0,0.0013443548998221286,3.841907798533154,0.0,-1.6377561946089345,0.0006015358453508097,4.375757438533528,65.94567102457638,1.1565379881408586,0.0001966305494831938
