# Time,Potential,Kinetic En.,Box-XX,Box-XY,Box-XZ,Box-YX,Box-YY,Box-YZ,Box-ZX,Box-ZY,Box-ZZ,Volume,Density,Temperature
0.0,31727.52805601271,0.015238972197025236,4.3989,0.0,0.0,-0.0033160554962521505,4.749898842478221,0.0,0.0,-0.0014381167183132345,4.119899749001219,86.08254499743789,1.0848913991625768,0.00014142184217336807
0.0,31727.527515971433,0.015238950048610849,4.39890009376704,0.0,0.0,-0.0033160218525684544,4.749898853334614,0.0,4.9136009259086656e-08,-0.0014381239646612631,4.119899812226769,86.08254835018137,1.0848913569082217,0.00014142163663000704
0.0,31727.52724616291,0.015238940014295807,4.398900137014319,0.0,0.0,-0.0033160081932232795,4.749898854567316,0.0,5.2717257880477667e-08,-0.0014381094090413745,4.119899846143784,86.08254992750567,1.0848913370293323,0.00014142154350881096
0.0,31727.526574274114,0.015238911380159145,4.398900228021998,0.0,0.0,-0.0033159978405629354,4.749898882866201,0.0,8.717843245772675e-08,-0.0014380495957281724,4.119899970517485,86.08255482001154,1.0848912753694846,0.00014142127777616814
