# Time,Potential,Kinetic En.,Box-XX,Box-XY,Box-XZ,Box-YX,Box-YY,Box-YZ,Box-ZX,Box-ZY,Box-ZZ,Volume,Density,Temperature
0.0,-20339.38354106147,0.027408585681706243,5.3483,0.0,0.0,-0.013407734366681712,4.043177769114185,0.0,-0.0021473308404895497,-0.0014386826460395306,4.10109918548217,88.6826923436602,1.2741398911749584,0.00025435919354391593
0.0,-20339.383691772502,0.02740858706239455,5.348299999517486,0.0,0.0,-0.013407734090629909,4.043177768822754,0.0,-0.00214732875170026,-0.0014386821280126549,4.101099188185005,88.68269238771362,1.2741398905420254,0.0002543592063570822
