# Time,Potential,Kinetic En.,Box-XX,Box-XY,Box-XZ,Box-YX,Box-YY,Box-YZ,Box-ZX,Box-ZY,Box-ZZ,Volume,Density,Temperature
0.0,-98221.29144839804,0.019365511447986886,3.9244000000000003,0.0,0.0,-0.012786256133964325,3.6629776837504866,0.0,-1.3561756218554097,0.0026601634750327745,4.013566102136028,57.69497106585953,1.3814423904436677,0.0002609675818998604
0.0,-98221.29225425236,0.01936509084565327,3.9244009218295197,0.0,0.0,-0.012786634609132071,3.662978757921803,0.0,-1.3561750093397915,0.0026617503567748844,4.013568238558161,57.695032248396664,1.3814409254969109,0.000260961913907345
