# Time,Potential,Kinetic En.,Box-XX,Box-XY,Box-XZ,Box-YX,Box-YY,Box-YZ,Box-ZX,Box-ZY,Box-ZZ,Volume,Density,Temperature
0.0,34417.83490794407,0.06791709178399417,4.2860000000000005,0.0,0.0,-0.00217754248846113,4.158799429920697,0.0,-1.5005270871199172,-0.003010445618196238,3.975224572025661,70.85684497739713,1.0667123713774553,0.0006077789119430029
0.0,34417.83343345391,0.06791730492167163,4.286000013894041,0.0,0.0,-0.0021775704229149546,4.158799354176714,0.0,-1.5005271046305513,-0.0030104379130933044,3.975224579750251,70.8568440542717,1.0667123852746212,0.0006077808192771113
