# Time,Potential,Kinetic En.,Box-XX,Box-XY,Box-XZ,Box-YX,Box-YY,Box-YZ,Box-ZX,Box-ZY,Box-ZZ,Volume,Density,Temperature
0.0,37444.264382006935,0.03343294035217477,4.4781,0.0,0.0,-0.1506891672906234,4.3587960189553785,0.0,-0.8593249698022762,-0.312913840996833,4.741815914223888,92.55609496050565,1.3093038449117813,0.0002882479191511861
0.0,37444.26122544166,0.03343275317198001,4.478099986160316,0.0,0.0,-0.15068926484931983,4.358796003600421,0.0,-0.859324875121519,-0.3129138406712565,4.741816148456933,92.55609892043041,1.30930378889446,0.0002882463053445308
0.0,37444.260476355645,0.0334326929256021,4.4780999762025075,0.0,0.0,-0.1506892724289363,4.358796005855491,0.0,-0.8593248574810001,-0.312913828213999,4.741816190473365,92.5560995826252,1.3093037795270155,0.00028824578591988897
0.0,37444.25930597698,0.03343266259109985,4.478099982753484,0.0,0.0,-0.15068925888576978,4.358796050763279,0.0,-0.8593248455580773,-0.3129138386488406,4.741816251050804,92.55610185403,1.3093037473955964,0.00028824552438569363
0.0,37444.258905234805,0.033432666016317704,4.47809997377044,0.0,0.0,-0.15068924858118635,4.358796056713861,0.0,-0.8593248426865893,-0.31291385102102,4.741816268301848,92.55610213144486,1.3093037434712704,0.00028824555391680605
