# Time,Potential,Kinetic En.,Box-XX,Box-XY,Box-XZ,Box-YX,Box-YY,Box-YZ,Box-ZX,Box-ZY,Box-ZZ,Volume,Density,Temperature
0.0,172291.78449909372,0.0249137084696284,4.665,0.0,0.0,0.00978311922776049,4.003788047659139,0.0,-0.19770259688843125,-0.001475290360060831,3.7349708896726255,69.76055837697766,1.3344629636207168,0.00028537432290382073
0.0,172291.02049764156,0.02782391469238706,4.665399478219979,0.0,0.0,0.006403005095450562,4.003882687350855,0.0,-0.1974497546460154,3.118666794033184e-05,3.7359840178476733,69.78710623876589,1.333955317721222,0.0003187093091963141
0.0,172290.47181381847,0.027782972246073595,4.665357763471782,0.0,0.0,0.006396121004483418,4.003893994332577,0.0,-0.19735176379318844,3.0789131417392816e-05,3.736044412376491,69.78780747397364,1.333941913998305,0.0003182403335354255
0.0,172290.03250922405,0.027749258052748086,4.66534435357623,0.0,0.0,0.006373271063998212,4.0038927550980485,0.0,-0.19729332012944706,-3.155302387033793e-05,3.736117530367944,69.78895108958086,1.3339200549967274,0.0003178541539706993
0.0,172288.6174348318,0.02764774970722647,4.665317139359531,0.0,0.0,0.006299223244562878,4.0039112338979805,0.0,-0.19708531067165574,-0.00024824938635005994,3.736381570102688,69.7937982147887,1.3338274152824665,0.0003166914256114254
0.0,172278.87181722576,0.026551216256192826,4.664005735001136,0.0,0.0,0.005312479220760616,4.005613841545947,0.0,-0.1965372310742005,-0.0017865074207070065,3.7364373905265866,69.80489277126914,1.3336154212086053,0.00030413117222676407
