# Time,Potential,Kinetic En.,Box-XX,Box-XY,Box-XZ,Box-YX,Box-YY,Box-YZ,Box-ZX,Box-ZY,Box-ZZ,Volume,Density,Temperature
0.0,119678.07713697868,0.016733383058459055,3.8678,0.0,0.0,0.0008482125588717093,4.85989992597949,0.0,-0.8426108462641136,0.0009406121963598709,4.467939901901857,83.98440666056842,1.4665850777749019,0.00015972725303753369
0.0,119678.07657788895,0.01673339928487877,3.867799986204274,0.0,0.0,0.0008482034736461897,4.859899914273887,0.0,-0.8426108389000058,0.00094067048654538,4.467939932315217,83.98440673040956,1.4665850765552952,0.00015972740792560613
0.0,119678.07651482213,0.01673339660570895,3.8677999825399754,0.0,0.0,0.0008482040066935505,4.859899910375065,0.0,-0.8426108416256566,0.0009406745552690847,4.467939939742449,83.98440672307855,1.4665850766833135,0.00015972738235179158
0.0,119678.07660165627,0.01673339544611997,3.867799982492691,0.0,0.0,0.0008482039171833514,4.85989991013571,0.0,-0.8426108417443811,0.000940674708329913,4.467939940122669,83.98440672506258,1.466585076648667,0.0001597273712830219
0.0,119678.07660055053,0.016733395491538273,3.8677999824736764,0.0,0.0,0.00084820388889903,4.859899910061298,0.0,-0.8426108417841487,0.0009406747486356844,4.467939940185317,83.98440672454136,1.466585076657769,0.00015972737171655892
