# Time,Potential,Kinetic En.,Box-XX,Box-XY,Box-XZ,Box-YX,Box-YY,Box-YZ,Box-ZX,Box-ZY,Box-ZZ,Volume,Density,Temperature
0.0,-393504.68077970715,0.021043115913210345,3.9216,0.0,0.0,-0.1651138551741173,4.023413433246644,0.0,-0.6126409980427809,-1.0278048372501876,5.620547168563063,88.68221917832494,1.4694824662955872,0.00016738790398934344
0.0,-393505.0351843609,0.02049543058126844,3.9217008837087515,0.0,0.0,-0.1651499546964719,4.0231212755176795,0.0,-0.6124680646767846,-1.027396749292564,5.620909853289128,88.68378301992456,1.4694565535781494,0.00016303132960475284
0.0,-393505.0368568884,0.02049566070579039,3.921701028123475,0.0,0.0,-0.16514912747531324,4.023121371486039,0.0,-0.6124673749550492,-1.0273958663705003,5.620910818644928,88.68380363202392,1.4694562120435821,0.00016303316013505757
