# Time,Potential,Kinetic En.,Box-XX,Box-XY,Box-XZ,Box-YX,Box-YY,Box-YZ,Box-ZX,Box-ZY,Box-ZZ,Volume,Density,Temperature
0.0,-489816.38386955665,0.013055880808086815,4.596,0.0,0.0,-0.00209329544931681,3.9978994519765205,0.0,-0.6515100391996023,-0.0019453320059896117,4.549284490390277,83.59012673879218,1.6340771560369156,0.00013421038734578894
0.0,-489816.3838972265,0.013055848379698526,4.595999961182786,0.0,0.0,-0.002093326818555735,3.997899424293614,0.0,-0.6515100378138344,-0.0019453399364976938,4.549284481742152,83.5901252950889,1.6340771842594186,0.0001342100539920599
