# Time,Potential,Kinetic En.,Box-XX,Box-XY,Box-XZ,Box-YX,Box-YY,Box-YZ,Box-ZX,Box-ZY,Box-ZZ,Volume,Density,Temperature
0.0,39347.65525367657,0.029278214866275666,4.4576,0.0,0.0,0.0014048852995694116,4.024699754801257,0.0,-2.182667317055527,-0.002431569119997036,4.01997238305554,72.12032107871137,1.370901917747517,0.0003105255602657784
0.0,39347.272993146355,0.029900868388544413,4.457634267093104,0.0,0.0,0.0015017264276875493,4.024705077420363,0.0,-2.1826444967785754,-0.0028965468767517895,4.019495106036481,72.11240820498594,1.3710523464190187,0.00031712944082123784
0.0,39347.26777828312,0.029899022532247733,4.45763359122732,0.0,0.0,0.0015005463580411089,4.024706313685052,0.0,-2.182645941637575,-0.0028978828403462675,4.019495817504513,72.11243218621864,1.371051890470934,0.00031710986361807456
