# Time,Potential,Kinetic En.,Box-XX,Box-XY,Box-XZ,Box-YX,Box-YY,Box-YZ,Box-ZX,Box-ZY,Box-ZZ,Volume,Density,Temperature
0.0,-119802.97942489278,0.017662954924124407,4.0122,0.0,0.0,-1.2415235985529507,3.9641310717780422,0.0,-0.5342637214939104,-1.9035851336052527,3.763233571679089,59.853803531213934,1.3435082550809063,0.00024587560020115245
0.0,-119802.97999150747,0.017662952274017582,4.01219999301808,0.0,0.0,-1.2415236018961164,3.964131079545225,0.0,-0.5342637317788834,-1.9035851243624433,3.7632335691357306,59.853803503881664,1.34350825569442,0.00024587556331057505
