# Time,Potential,Kinetic En.,Box-XX,Box-XY,Box-XZ,Box-YX,Box-YY,Box-YZ,Box-ZX,Box-ZY,Box-ZZ,Volume,Density,Temperature
0.0,267569.2069197174,0.016233823704697288,3.9082000000000003,0.0,0.0,-0.0008869239614827174,5.081699922601284,0.0,0.0045566698716979865,0.000760240414062769,4.351297547720013,86.4180731096834,1.7440031681464898,0.00016948612919378254
