# Time,Potential,Kinetic En.,Box-XX,Box-XY,Box-XZ,Box-YX,Box-YY,Box-YZ,Box-ZX,Box-ZY,Box-ZZ,Volume,Density,Temperature
0.0,-128458.60452597479,0.045990378316046326,4.515,0.0,0.0,0.0014812259995012898,4.243399741477291,0.0,-1.8536928240387356,-0.0001758793532840399,4.335434337315439,83.06236897189481,1.1909605750785432,0.000405228652701598
0.0,-128458.66136707239,0.045886686583923794,4.515139077842515,0.0,0.0,0.0014155648124200145,4.243222758458129,0.0,-1.8535927850796579,-0.00018375895069836824,4.3352511629914146,83.05795373655056,1.1910238847435197,0.00040431500809933894
