# Time,Potential,Kinetic En.,Box-XX,Box-XY,Box-XZ,Box-YX,Box-YY,Box-YZ,Box-ZX,Box-ZY,Box-ZZ,Volume,Density,Temperature
0.0,-58534.57904331242,0.009966850027970207,3.8943,0.0,0.0,0.001968469506917394,3.7594994846558767,0.0,0.0037512356851898436,0.0007482831887055212,4.298598298085447,62.93413924184753,1.0298040227400573,0.00011892227432754334
0.0,-58534.57912804878,0.009966844841431977,3.8943000247894863,0.0,0.0,0.00196848549598248,3.7594995069058297,0.0,0.003751258724029653,0.0007482756255793925,4.298598331092043,62.934140498161874,1.0298040021827324,0.0001189222124429037
0.0,-58534.579136845474,0.009966846875471155,3.8943000254595828,0.0,0.0,0.0019684858993518437,3.759499507106309,0.0,0.0037512587935407803,0.0007482741301157835,4.298598332282966,62.934140529782894,1.0298040016653114,0.00011892223671261424
