# Time,Potential,Kinetic En.,Box-XX,Box-XY,Box-XZ,Box-YX,Box-YY,Box-YZ,Box-ZX,Box-ZY,Box-ZZ,Volume,Density,Temperature
0.0,-153156.79108302825,0.02757553429086683,4.0116000000000005,0.0,0.0,0.965381082567367,3.7681007690109696,0.0,0.20813389857557502,1.4753648502910974,3.959432925153457,59.85123569057376,1.3439936386194986,0.00029911385738852833
