# Time,Potential,Kinetic En.,Box-XX,Box-XY,Box-XZ,Box-YX,Box-YY,Box-YZ,Box-ZX,Box-ZY,Box-ZZ,Volume,Density,Temperature
0.0,32580.22949919719,0.028000192226705873,4.592300000000001,0.0,0.0,-0.005377706743892119,3.851496245651835,0.0,-0.15718760239250737,-0.004313672269631246,4.688964065749027,82.93476811633897,1.3537172781170443,0.00025699397594283784
0.0,32580.22921637332,0.02800020258323941,4.592299970755245,0.0,0.0,-0.005377715900746024,3.851496262334956,0.0,-0.15718759840302146,-0.004313702593117334,4.6889640672428206,82.93476797385337,1.3537172804427906,0.00025699407099813996
0.0,32580.229152969372,0.028000209528077025,4.592299961438793,0.0,0.0,-0.005377720737707234,3.851496267002328,0.0,-0.15718759530526036,-0.004313711644069581,4.688964068184353,82.93476792275887,1.3537172812767897,0.0002569941347398963
0.0,32580.229135875023,0.02800020808310334,4.592299961408459,0.0,0.0,-0.005377720771401004,3.8514962671120587,0.0,-0.15718759526372147,-0.004313711693113346,4.688964068200484,82.9347679248592,1.3537172812425067,0.000256994121477504
0.0,32580.22919691018,0.028000209138995466,4.5922999614084565,0.0,0.0,-0.005377720771402726,3.851496267112063,0.0,-0.15718759526372167,-0.004313711693113433,4.688964068200488,82.93476792485934,1.3537172812425042,0.0002569941311687916
