# Time,Potential,Kinetic En.,Box-XX,Box-XY,Box-XZ,Box-YX,Box-YY,Box-YZ,Box-ZX,Box-ZY,Box-ZZ,Volume,Density,Temperature
0.0,49611.947302333894,0.033075685773368196,4.0601,0.0,0.0,-1.1953828132711142,4.49889819063913,0.0,-0.7560438472263323,-0.6470747430160381,4.447014838970288,81.22906873862378,1.2576709828459192,0.0002833397879356255
