# Time,Potential,Kinetic En.,Box-XX,Box-XY,Box-XZ,Box-YX,Box-YY,Box-YZ,Box-ZX,Box-ZY,Box-ZZ,Volume,Density,Temperature
0.0,-69454.37107975375,0.02421509569136654,4.3798,0.0,0.0,0.0,3.8515,0.0,-0.9978125836774137,-0.0033642963928585488,4.714564638369569,79.52904655735921,1.243192151235757,0.0002568259776354164
0.0,-69458.96371786148,0.04349739274693641,4.378657442291007,0.0,0.0,-0.0008367717150812205,3.8487154814866362,0.0,-1.0021659878511886,-0.008322905836507525,4.711865032834736,79.40532341114914,1.2451291957270707,0.00046133455589880364
0.0,-69458.96692812315,0.043502480837348804,4.378658945509368,0.0,0.0,-0.0008381779315624521,3.8487139661433054,0.0,-1.0021672317371997,-0.00832205938494448,4.711862678206339,79.40527972673915,1.2451298807285525,0.00046138852032707247
0.0,-69458.96697879027,0.04350244780855012,4.378658947294935,0.0,0.0,-0.000838179176326778,3.848713962341935,0.0,-1.0021672306288714,-0.008322059579940044,4.711862676954668,79.4052796595978,1.2451298817813754,0.00046138817002271603
