# Time,Potential,Kinetic En.,Box-XX,Box-XY,Box-XZ,Box-YX,Box-YY,Box-YZ,Box-ZX,Box-ZY,Box-ZZ,Volume,Density,Temperature
0.0,11570.88875689775,0.009819734065871505,4.3407,0.0,0.0,-1.604617161886008,3.6381541272712585,0.0,-0.5758675736012042,-1.214117721017549,4.433949741165976,70.0215356458493,1.7018928322404456,0.0001312269491106277
0.0,11570.886337800468,0.009820817731656063,4.340700058495121,0.0,0.0,-1.6046176887026657,3.6381537794895435,0.0,-0.5758666872135855,-1.2141179006844613,4.433950694870964,70.02154495693237,1.7018926059320207,0.00013124143078129306
0.0,11570.886322444218,0.009820824396637222,4.340700060582996,0.0,0.0,-1.6046177075171895,3.638153767862299,0.0,-0.5758666754484715,-1.214117903597286,4.433950713988744,70.02154506874008,1.701892603214504,0.00013124151984940198
