# Time,Potential,Kinetic En.,Box-XX,Box-XY,Box-XZ,Box-YX,Box-YY,Box-YZ,Box-ZX,Box-ZY,Box-ZZ,Volume,Density,Temperature
0.0,6217.84935630836,0.023740966974523655,4.1866,0.0,0.0,-0.14340635582503763,4.255684460472721,0.0,-0.6573891385945582,0.14790217341344616,4.181051239527864,74.49315676552966,1.154817459559767,0.00023124246914622148
0.0,6209.298860430828,0.12021946098315027,4.186964092303585,0.0,0.0,-0.15524065825980318,4.260580925826996,0.0,-0.6603100592359041,0.16090035292724392,4.184554267307639,74.64784239405566,1.1524244411035627,0.0011709651517987205
0.0,6209.298270339542,0.12022314005869862,4.18696385085394,0.0,0.0,-0.1552409208451718,4.260582413612106,0.0,-0.6603109612293139,0.16090022750487312,4.184554050681453,74.64786029181916,1.1524241647953066,0.00117100098683926
0.0,6209.298278622621,0.12022308701650214,4.186963852640286,0.0,0.0,-0.15524092133403294,4.260582421905354,0.0,-0.6603109678884108,0.16090022720277733,4.184554049950154,74.64786045592417,1.1524241622618303,0.001171000470196088
0.0,6209.298230788643,0.12022308722490534,4.186963853713627,0.0,0.0,-0.15524092121523678,4.260582424958563,0.0,-0.6603109682176302,0.16090022732297532,4.184554049612752,74.6478605225355,1.1524241612334754,0.001171000472225983
0.0,6209.2981782354655,0.12022298258711549,4.186963855003824,0.0,0.0,-0.1552409184314223,4.260582434412761,0.0,-0.6603109689978788,0.16090022803456333,4.18455405442782,74.64786079707649,1.1524241569950728,0.0011709994530298856
