# Time,Potential,Kinetic En.,Box-XX,Box-XY,Box-XZ,Box-YX,Box-YY,Box-YZ,Box-ZX,Box-ZY,Box-ZZ,Volume,Density,Temperature
0.0,-123675.45050576406,0.070063069509433,6.002000000000001,0.0,0.0,0.0038395493341316415,4.399798324680452,0.0,-0.01052275257288877,-0.006304475727325187,4.0193812813994265,106.14217110297531,1.2947200354518456,0.0004644317885483752
0.0,-123675.45390021827,0.07006273397789049,6.0019999906149515,0.0,0.0,0.0038395473780208187,4.399798311820737,0.0,-0.010522748942313052,-0.006304487189896571,4.019381299123922,106.14217109483495,1.2947200355511412,0.00046442956438783685
0.0,-123675.45591150863,0.07006258062131024,6.001999948653911,0.0,0.0,0.0038395364569207323,4.399798272905127,0.0,-0.010522721528739822,-0.006304499506345895,4.0193813013718405,106.14216947332554,1.2947200553302805,0.0004644285478227427
0.0,-123675.45638261376,0.07006253899910526,6.001999931345581,0.0,0.0,0.0038395563578329964,4.399798237489609,0.0,-0.010522703963481667,-0.006304515359187769,4.019381294842542,106.14216814043841,1.294720071588811,0.00046442827191882873
0.0,-123675.45667472092,0.07006250329699477,6.001999928867159,0.0,0.0,0.003839558761928639,4.399798228186141,0.0,-0.010522700845911923,-0.006304521780404026,4.019381291619652,106.14216778706019,1.2947200758993118,0.0004644280352578439
0.0,-123675.45746002371,0.07006250702929655,6.0019999303743985,0.0,0.0,0.0038395589083204695,4.399798217798789,0.0,-0.01052269952741231,-0.0063045215320857665,4.019381290594,106.14216753604205,1.2947200789612259,0.0004644280599984041
