# Time,Potential,Kinetic En.,Box-XX,Box-XY,Box-XZ,Box-YX,Box-YY,Box-YZ,Box-ZX,Box-ZY,Box-ZZ,Volume,Density,Temperature
0.0,-84021.92185919515,0.02024941837228195,3.8798000000000004,0.0,0.0,-0.012470533741132732,4.2029814995772,0.0,-0.09906366794544344,-0.0011127011407804943,4.6901537918909835,76.48106038993637,1.1962616317455768,0.0002114101767256766
0.0,-84021.92193134538,0.020249423999970834,3.87979999969224,0.0,0.0,-0.012470535594623654,4.202981499468532,0.0,-0.09906366951109809,-0.0011127013999655665,4.690153789768326,76.48106034727859,1.196261632412799,0.00021141023548048525
0.0,-84021.92190276225,0.020249421860596684,3.879799999858951,0.0,0.0,-0.012470537368532528,4.2029814994288,0.0,-0.09906367065395784,-0.001112701192529621,4.6901537907501885,76.48106036585287,1.1962616321222734,0.00021141021314475893
