# Time,Potential,Kinetic En.,Box-XX,Box-XY,Box-XZ,Box-YX,Box-YY,Box-YZ,Box-ZX,Box-ZY,Box-ZZ,Volume,Density,Temperature
0.0,-63047.04813644189,0.029427615000725688,3.8453000000000004,0.0,0.0,-0.002856894313935672,4.0921990027557165,0.0,-0.8454801160412448,0.0039620515536745605,6.465653576052956,101.74179721369258,1.3394079766803704,0.0002340825766817414
0.0,-63047.77064512346,0.030694563791861085,3.8452026470529073,0.0,0.0,-0.002811322701919165,4.091986208631855,0.0,-0.8454198694733898,0.0038584535363348476,6.465398760079869,101.72992153727613,1.339564335551785,0.0002441605472391746
0.0,-63048.33854669602,0.03136976222450686,3.845200170335048,0.0,0.0,-0.0027618947414545848,4.09185087854585,0.0,-0.845540442892274,0.003842578309177881,6.465271458124094,101.72448863751616,1.3396358789810474,0.00024953142724019737
0.0,-63048.34686940648,0.03139161802212769,3.8452007130389663,0.0,0.0,-0.0027620237512165995,4.091851408908682,0.0,-0.8455424137816413,0.0038422418925608774,6.4652675347501525,101.72445444934364,1.3396363292140103,0.00024970527963776316
0.0,-63048.347970158866,0.03139167905656313,3.8452007180792274,0.0,0.0,-0.002762024666537163,4.0918514108378385,0.0,-0.8455424244943984,0.0038422528107031964,6.465267502424192,101.7244541220263,1.3396363335245394,0.0002497057651374516
