# Time,Potential,Kinetic En.,Box-XX,Box-XY,Box-XZ,Box-YX,Box-YY,Box-YZ,Box-ZX,Box-ZY,Box-ZZ,Volume,Density,Temperature
0.0,-19739.665337876606,0.01823819692767774,3.7847000000000004,0.0,0.0,0.0015997687598893367,4.582999720787676,0.0,-0.015395235610127853,5.3739512288611295e-06,4.200371786722174,72.85662072615419,1.511062346163244,0.00019041240418618164
0.0,-19740.829269265898,0.01844093049216399,3.7851403846770344,0.0,0.0,0.001766566549963513,4.583637066181821,0.0,-0.015725482695525275,0.00012630638888502864,4.20032516964409,72.87442262416127,1.5106932210738082,0.00019252900516248097
0.0,-19740.8293365294,0.01844094168222662,3.7851403896893863,0.0,0.0,0.0017665709889691363,4.583637070562275,0.0,-0.01572548528372708,0.00012630271011757258,4.200325174607488,72.87442287642044,1.5106932158444533,0.00019252912199018804
