# Time,Potential,Kinetic En.,Box-XX,Box-XY,Box-XZ,Box-YX,Box-YY,Box-YZ,Box-ZX,Box-ZY,Box-ZZ,Volume,Density,Temperature
0.0,4760.602250125239,0.018522679128078638,4.0851,0.0,0.0,-0.0081461621997644,4.2430921802432495,0.0,-0.9378048095118955,-9.097489055012502e-05,4.806669264779919,83.31618956117428,1.4019986110461058,0.00017189554324342323
0.0,4760.543830592504,0.018504880901672804,4.08509440069473,0.0,0.0,-0.007936235110359253,4.243401329271081,0.0,-0.93788176114048,-0.0001300502893199368,4.806653421702933,83.32187108450212,1.4019030120429798,0.00017173037082016603
0.0,4760.52945521945,0.01850525836347599,4.08509411845305,0.0,0.0,-0.007935954773508126,4.243401743537248,0.0,-0.9378822304715707,-0.00013079171982422668,4.8066529006290715,83.32186442946403,1.4019031240150055,0.00017173387376924072
