# Time,Potential,Kinetic En.,Box-XX,Box-XY,Box-XZ,Box-YX,Box-YY,Box-YZ,Box-ZX,Box-ZY,Box-ZZ,Volume,Density,Temperature
0.0,-17114.088968512366,0.07343124709030976,4.11,0.0,0.0,0.012752404001758434,4.297981081413944,0.0,-0.6172596596663592,-0.006752614173763266,3.732600139949415,65.93527007040093,0.9537447465823776,0.0007009324620060222
0.0,-17114.089587776114,0.07343104005246628,4.110000126657663,0.0,0.0,0.012752524635083341,4.2979812177211105,0.0,-0.6172596366837991,-0.006752904361621684,3.732599921700292,65.93527033810528,0.9537447427100704,0.0007009304857418144
