# Time,Potential,Kinetic En.,Box-XX,Box-XY,Box-XZ,Box-YX,Box-YY,Box-YZ,Box-ZX,Box-ZY,Box-ZZ,Volume,Density,Temperature
0.0,-112610.13454959981,0.03255724150871644,3.7762000000000002,0.0,0.0,-1.8578843999604198,3.821068829056042,0.0,-0.8230120802276367,-0.8055252071116659,4.366903101341624,63.01056936795256,2.0150799297522313,0.0004648309722160638
0.0,-112610.7558049072,0.03288401941468427,3.7762732706989715,0.0,0.0,-1.8591996431491506,3.820817809440246,0.0,-0.8237926502643702,-0.8059959789975705,4.367414608143801,63.01503276269158,2.0149372003627057,0.0004694964931475312
0.0,-112610.77673549076,0.032910927913906714,3.776274943234685,0.0,0.0,-1.859262550005324,3.8208156444518817,0.0,-0.8238222395525717,-0.8060124848305701,4.367432370258762,63.01528124605224,2.0149292550142572,0.00046988067507679865
0.0,-112610.77681854887,0.03291124482925391,3.77627519584146,0.0,0.0,-1.8592631975392329,3.8208153224264976,0.0,-0.8238217863566374,-0.8060126021776159,4.367432721741724,63.015285221650366,2.0149291278935286,0.00046988519978657505
