# Time,Potential,Kinetic En.,Box-XX,Box-XY,Box-XZ,Box-YX,Box-YY,Box-YZ,Box-ZX,Box-ZY,Box-ZZ,Volume,Density,Temperature
0.0,10983.581397039692,0.047996942271107235,4.1473,0.0,0.0,-0.0006846926620809375,3.9229999402492934,0.0,-0.24573762615569564,-0.0010586360355490402,5.814609525873695,94.60286928906729,1.2806832627306224,0.0003516511502068613
