# Time,Potential,Kinetic En.,Box-XX,Box-XY,Box-XZ,Box-YX,Box-YY,Box-YZ,Box-ZX,Box-ZY,Box-ZZ,Volume,Density,Temperature
0.0,9787.996131086713,0.040989472096466764,5.4817,0.0,0.0,0.0,3.8116000000000003,0.0,-0.6888983460946215,0.0,4.665210467786861,97.47513013778222,1.237954695938213,0.0003056733842386014
0.0,9787.839273806318,0.04092287482263834,5.481723874510156,0.0,0.0,-4.3224862084375774e-05,3.8115192146575425,0.0,-0.6889712165427913,3.057534036442164e-05,4.6653069642316,97.47550488416975,1.2379499365984097,0.0003051767441739455
0.0,9787.822043162527,0.04091131974948914,5.481733170946109,0.0,0.0,-5.06459215560815e-05,3.8115060349584184,0.0,-0.6889800702192134,3.732282681437185e-05,4.665325840426928,97.47572752811732,1.237947109001553,0.0003050905737956999
0.0,9787.819931145425,0.0409110495717084,5.481733308756883,0.0,0.0,-5.069358383097679e-05,3.811506105568843,0.0,-0.6889803299213908,3.731058749155497e-05,4.665326328065495,97.47574197300766,1.2379469255506772,0.0003050885589818377
0.0,9787.818858642302,0.040910736537087385,5.481733335188339,0.0,0.0,-5.066514014658637e-05,3.81150611481602,0.0,-0.6889804438700949,3.72866943260269e-05,4.665326748315701,97.47575146006264,1.2379468050646039,0.00030508622456894833
0.0,9787.818858642302,0.04091073739232451,5.481733335188337,0.0,0.0,-5.06651401423556e-05,3.8115061148160225,0.0,-0.6889804438700985,3.728669433577158e-05,4.665326748315708,97.47575146006281,1.2379468050646016,0.00030508623094676224
