# Time,Potential,Kinetic En.,Box-XX,Box-XY,Box-XZ,Box-YX,Box-YY,Box-YZ,Box-ZX,Box-ZY,Box-ZZ,Volume,Density,Temperature
0.0,-207814.6784072472,0.014844476756403368,4.1828,0.0,0.0,0.006698186942198879,4.264194739255196,0.0,-0.9599179467490617,-1.747807236903386e-05,4.262960898859335,76.03533760043629,1.7622964458969168,0.00015498091830465629
