# Time,Potential,Kinetic En.,Box-XX,Box-XY,Box-XZ,Box-YX,Box-YY,Box-YZ,Box-ZX,Box-ZY,Box-ZZ,Volume,Density,Temperature
0.0,20634.92811511578,0.02522471307220088,3.6091,0.0,0.0,-0.0008142833583835367,4.665499928940372,0.0,-0.35018188426321073,-0.0033368916195140427,4.679113415283731,78.78810857352593,1.730274997106098,0.0002809107080065405
0.0,20634.92601583761,0.025224743003424907,3.6090999967047774,0.0,0.0,-0.0008142872650604849,4.665499834435022,0.0,-0.35018187918466853,-0.0033368897036742504,4.679113418646947,78.78810696227204,1.7302750324910365,0.00028091104133050375
0.0,20634.925534989972,0.02522455403520155,3.6090999212160435,0.0,0.0,-0.0008143206724983955,4.66549982214003,0.0,-0.3501816307355193,-0.003336697802132443,4.679113513255127,78.78810669972894,1.7302750382567769,0.0002809089369181657
0.0,20634.925499277655,0.025224426911994266,3.6090998420382627,0.0,0.0,-0.0008143231170963569,4.665499819021798,0.0,-0.35018162752431703,-0.003336599647403647,4.679113543940234,78.78810543527091,1.7302750660256916,0.0002809075212322841
0.0,20634.92550287103,0.025224426244182762,3.6090998417410884,0.0,0.0,-0.0008143232371826359,4.665499819019731,0.0,-0.35018162747460385,-0.003336599473331567,4.679113543881156,78.78810542775379,1.7302750661907758,0.0002809075137953154
