# Time,Potential,Kinetic En.,Box-XX,Box-XY,Box-XZ,Box-YX,Box-YY,Box-YZ,Box-ZX,Box-ZY,Box-ZZ,Volume,Density,Temperature
0.0,13631.085209608982,0.023073322790487603,4.0674,0.0,0.0,-0.0006787934492391493,3.8891999407640974,0.0,-0.11922128004121951,0.0007291075883572636,4.295045592864814,67.94303347920025,1.184029118827403,0.0002580992253230048
