# Time,Potential,Kinetic En.,Box-XX,Box-XY,Box-XZ,Box-YX,Box-YY,Box-YZ,Box-ZX,Box-ZY,Box-ZZ,Volume,Density,Temperature
0.0,12671.353324544716,0.02420286829543123,4.1974,0.0,0.0,-0.000728133906942509,4.171899936458329,0.0,-0.004648438960194584,-0.0026570626255394605,3.8047962326560194,66.6262920814498,1.1964337380987775,0.0002548088207878539
0.0,12662.989902000923,0.025417706541212677,4.19438827176318,0.0,0.0,-0.001921182841509485,4.17108094124438,0.0,-0.004135646492517432,-0.0014032625634564065,3.8032211619198435,66.53785998215483,1.1980238575759563,0.00026759868920663086
0.0,12662.98916236528,0.025417734744233606,4.1943882489210855,0.0,0.0,-0.001921182192837627,4.171080927693247,0.0,-0.004135628074236077,-0.0014032647358820742,3.8032211727331573,66.53785959280843,1.198023864586195,0.0002675989861292278
