# Time,Potential,Kinetic En.,Box-XX,Box-XY,Box-XZ,Box-YX,Box-YY,Box-YZ,Box-ZX,Box-ZY,Box-ZZ,Volume,Density,Temperature
0.0,19180.702418927314,0.033950347660470746,4.3432,0.0,0.0,-1.8047413898863915,4.243465117758238,0.0,-1.0734930840315087,-1.7366782839535402,4.826644551505809,88.9561098421046,1.3081923645219264,0.00029429104631669345
0.0,19180.701315727478,0.033950320669748714,4.343199993362738,0.0,0.0,-1.8047413876062632,4.243465110173153,0.0,-1.0734930697247407,-1.7366782667059557,4.82664458424634,88.95611015057054,1.3081923599856131,0.0002942908123536157
0.0,19180.70150052939,0.0339503500279671,4.34319997303501,0.0,0.0,-1.8047413925956506,4.243465106922163,0.0,-1.0734930524733042,-1.7366782436748158,4.826644607771718,88.95611009965123,1.3081923607344346,0.0002942910668388096
0.0,19180.7005530713,0.0339503384834322,4.343199968573799,0.0,0.0,-1.804741396460293,4.243465106053338,0.0,-1.073493045278617,-1.7366782340845224,4.826644615285792,88.95611012855082,1.308192360309436,0.00029429096676757355
0.0,19180.700669418427,0.03395034087538371,4.343199968561723,0.0,0.0,-1.8047413964669807,4.243465106048339,0.0,-1.0734930452544473,-1.7366782340568492,4.8266446153036595,88.95611012852797,1.308192360309772,0.00029429098750167386
0.0,19180.700547347446,0.033950340234313606,4.343199968561434,0.0,0.0,-1.804741396466987,4.24346510604757,0.0,-1.0734930452547442,-1.736678234055213,4.826644615303917,88.9561101285107,1.308192360310026,0.0002942909819447001
