# Time,Potential,Kinetic En.,Box-XX,Box-XY,Box-XZ,Box-YX,Box-YY,Box-YZ,Box-ZX,Box-ZY,Box-ZZ,Volume,Density,Temperature
0.0,-266583.9424428198,0.03257900684209818,4.4173,0.0,0.0,0.0,4.4794,0.0,-0.8333131143692187,0.0,5.150726409296098,101.9166694974101,1.3310024361946522,0.00024187369616371807
0.0,-266583.9426276985,0.03257902037625598,4.41729999532334,0.0,0.0,5.640611813221819e-09,4.479400000935545,0.0,-0.8333131215333058,8.427796043890794e-09,5.1507264122608065,101.91666946945749,1.331002436559705,0.00024187379664427565
0.0,-266583.9426727675,0.03257901907892437,4.417299996992998,0.0,0.0,1.1958205518568029e-08,4.479400002190729,0.0,-0.8333131305905402,1.9098403928330196e-08,5.1507264163126605,101.9166696167119,1.3310024346366047,0.00024187378701260106
