# Time,Potential,Kinetic En.,Box-XX,Box-XY,Box-XZ,Box-YX,Box-YY,Box-YZ,Box-ZX,Box-ZY,Box-ZZ,Volume,Density,Temperature
0.0,-71064.21872373828,0.001961086064623604,3.9972000000000003,0.0,0.0,-0.018281144162463053,4.028558521328455,0.0,0.014076051831890864,-0.0013437469706172563,4.032475208740769,64.93476328225367,1.5440940993944063,3.820285705114229e-05
0.0,-71064.21872561684,0.0019610760355050945,3.997200000749427,0.0,0.0,-0.018281144122740404,4.0285585203509795,0.0,0.014076050119719234,-0.0013437493472252713,4.032475207460275,64.93476325805285,1.5440940999698813,3.820266167930845e-05
