# Time,Potential,Kinetic En.,Box-XX,Box-XY,Box-XZ,Box-YX,Box-YY,Box-YZ,Box-ZX,Box-ZY,Box-ZZ,Volume,Density,Temperature
0.0,-290111.6129519371,0.019484664941803866,4.1169,0.0,0.0,-0.0058038461955955785,4.156695948150326,0.0,-1.3514596792469844,-0.005005621822394866,4.2577592803163276,72.86176383128321,1.2048136659416577,0.0001859894079181898
