# Time,Potential,Kinetic En.,Box-XX,Box-XY,Box-XZ,Box-YX,Box-YY,Box-YZ,Box-ZX,Box-ZY,Box-ZZ,Volume,Density,Temperature
0.0,-321421.9823438978,0.08640364639337164,3.6436,0.0,0.0,-0.0006931400556176994,3.9713999395121196,0.0,-0.6206538366854708,0.0012365389380291183,7.680463367270172,111.13778586832252,1.166329370382945,0.0005154747041671503
0.0,-321421.98370562267,0.08640358610643628,3.643599950704492,0.0,0.0,-0.0006931813857465632,3.971399989859953,0.0,-0.6206538428916781,0.0012364546858517709,7.680463512335254,111.13778787278194,1.1663293493472564,0.0005154743445018878
0.0,-321421.9839153128,0.08640356835536629,3.643599942346602,0.0,0.0,-0.0006931830802381382,3.9713999982842156,0.0,-0.6206538444640978,0.0012364412492089378,7.680463537287139,111.13778821465564,1.1663293457594819,0.0005154742386009457
