# Time,Potential,Kinetic En.,Box-XX,Box-XY,Box-XZ,Box-YX,Box-YY,Box-YZ,Box-ZX,Box-ZY,Box-ZZ,Volume,Density,Temperature
0.0,22391.968668597052,0.028091915796198002,4.7812,0.0,0.0,0.0,3.7317,0.0,-1.962451563746727,-0.0017467254799231888,4.603129023707474,82.12904663763003,0.9926018125835766,0.0002145194203473454
0.0,22391.875312424607,0.027352951582784658,4.781204661199339,0.0,0.0,0.00015514403131837635,3.731846502935355,0.0,-1.9635773601120596,-0.00229184711128285,4.602969631445616,82.12950702370279,0.9925962484438798,0.0002088764383638839
0.0,22391.8752862742,0.027352695876871336,4.781204690554162,0.0,0.0,0.00015522622933629294,3.7318466240982358,0.0,-1.9635777947976867,-0.0022920997141377465,4.602969519772878,82.129508201923,0.9925962342042113,0.0002088744857065891
0.0,22391.875225442127,0.027352690670543345,4.781204692320645,0.0,0.0,0.0001552274771436067,3.731846626053765,0.0,-1.9635777992353,-0.00229210522546233,4.602969522039878,82.12950831575311,0.9925962328284897,0.00020887444594929838
0.0,22391.875161006246,0.027352682926071775,4.7812046956393175,0.0,0.0,0.0001552300925193955,3.7318466272613664,0.0,-1.9635778024108363,-0.002292105952750406,4.6029695238128605,82.1295084309713,0.9925962314359922,0.00020887438680988033
0.0,22391.875152514407,0.027352675991937605,4.781204697438785,0.0,0.0,0.00015523383309888153,3.731846628181155,0.0,-1.9635778048487855,-0.002292106745821932,4.602969525445759,82.12950851125959,0.9925962304656485,0.00020887433385847418
