# Time,Potential,Kinetic En.,Box-XX,Box-XY,Box-XZ,Box-YX,Box-YY,Box-YZ,Box-ZX,Box-ZY,Box-ZZ,Volume,Density,Temperature
0.0,-98864.42423970411,0.04560385857520606,4.3002,0.0,0.0,-0.000729303277535408,4.178599936356283,0.0,-0.0076268413487065555,-0.013560148359244871,4.855375074457948,87.24533863559365,1.0501267802746228,0.0004534460540571635
0.0,-98864.42456072102,0.045603796131406575,4.30020002888365,0.0,0.0,-0.0007293381243965338,4.178599899465724,0.0,-0.007626823541338443,-0.013560142621667508,4.855375104949551,87.24533899926139,1.0501267758973432,0.0004534454331690334
0.0,-98864.42467522583,0.045603767342324665,4.300200034218582,0.0,0.0,-0.0007293505496021093,4.178599895068541,0.0,-0.007626813014592519,-0.013560134637821747,4.85537511913655,87.24533927061448,1.0501267726312074,0.0004534451469148435
0.0,-98864.42467904053,0.045603766591091416,4.300200034218564,0.0,0.0,-0.0007293505496562226,4.1785998950685235,0.0,-0.007626813014569226,-0.01356013463778509,4.855375119136485,87.24533927061259,1.05012677263123,0.00045344513944521787
