# Time,Potential,Kinetic En.,Box-XX,Box-XY,Box-XZ,Box-YX,Box-YY,Box-YZ,Box-ZX,Box-ZY,Box-ZZ,Volume,Density,Temperature
0.0,-515033.5727195161,0.039471565962958796,3.9302,0.0,0.0,0.004013977700846048,5.749598598857404,0.0,-0.10845563187658193,-0.000765096240735902,4.816278962076636,108.83380446835893,1.5619105068788295,0.0002930455676289729
