# Time,Potential,Kinetic En.,Box-XX,Box-XY,Box-XZ,Box-YX,Box-YY,Box-YZ,Box-ZX,Box-ZY,Box-ZZ,Volume,Density,Temperature
0.0,-6427.390486281512,0.04280402454045249,4.1248,0.0,0.0,-0.004362100845853841,4.9985980966743275,0.0,-0.08856001327495469,0.006951854926834832,4.0264201911576265,83.01760696245702,0.8467369049044872,0.0003250088912112917
