# Time,Potential,Kinetic En.,Box-XX,Box-XY,Box-XZ,Box-YX,Box-YY,Box-YZ,Box-ZX,Box-ZY,Box-ZZ,Volume,Density,Temperature
0.0,-73397.94761622163,0.03010306754248978,4.238700000000001,0.0,0.0,0.0,4.516,0.0,-0.8511025427820876,0.0021019871885942483,3.9232423189652366,75.09858363376914,1.5169314851209394,0.0002762947823065853
0.0,-73398.02114736811,0.030319327633128293,4.2389318164397665,0.0,0.0,-0.0001789855111304346,4.516290799528251,0.0,-0.8510107508109758,0.0021298378893757275,3.9232183129569607,75.10706733250818,1.5167601405300164,0.0002782796808416011
0.0,-73398.02130586609,0.03031990608639965,4.238932314404912,0.0,0.0,-0.00017962800319700642,4.516291336780202,0.0,-0.8510103945712291,0.0021302971057726634,3.9232186070249444,75.10709072000112,1.5167596682281772,0.00027828499005537005
