# Time,Potential,Kinetic En.,Box-XX,Box-XY,Box-XZ,Box-YX,Box-YY,Box-YZ,Box-ZX,Box-ZY,Box-ZZ,Volume,Density,Temperature
0.0,20738.086280794414,0.020674592957096116,4.5144,0.0,0.0,0.13891544955158333,4.101147979270667,0.0,1.7061440460953137,0.5581190796197025,4.799052200897378,88.8507199371615,1.5661656677317093,0.00020465695345676607
0.0,20738.086157476802,0.02067458143383382,4.5143999955385254,0.0,0.0,0.13891545878245556,4.10114798200616,0.0,1.7061440203315767,0.5581190607050254,4.799052188850195,88.8507196855722,1.566165672166457,0.00020465683938846203
