# Time,Potential,Kinetic En.,Box-XX,Box-XY,Box-XZ,Box-YX,Box-YY,Box-YZ,Box-ZX,Box-ZY,Box-ZZ,Volume,Density,Temperature
0.0,-9072.600296335593,0.018828552728130832,3.6052,0.0,0.0,0.697760287865446,4.405485074390552,0.0,0.040892167162979325,1.5223397121280564,4.637555721664439,73.65669659747981,1.3064884650233366,0.0002016163086412428
0.0,-9072.600235307662,0.01882855237070219,3.6052000000003717,0.0,0.0,0.6977602878567161,4.405485074377178,0.0,0.04089216716935753,1.5223397121353572,4.637555721664232,73.6566965972605,1.3064884650272264,0.00020161630481389375
0.0,-9072.600551161348,0.018828559608249248,3.605200002414427,0.0,0.0,0.6977602867841686,4.40548507141589,0.0,0.04089216954626665,1.522339712833352,4.637555719564418,73.65669656371998,1.3064884656221527,0.00020161638231361146
