# Time,Potential,Kinetic En.,Box-XX,Box-XY,Box-XZ,Box-YX,Box-YY,Box-YZ,Box-ZX,Box-ZY,Box-ZZ,Volume,Density,Temperature
0.0,189.16074163833764,0.02561121044920696,3.9728000000000003,0.0,0.0,0.0,3.9384,0.0,0.0,0.0,5.6117,87.803326675584,1.5632183292038493,0.0002251696342266809
0.0,188.2609928881916,0.02553928795952294,3.973367563355767,0.0,0.0,0.00024300913711160086,3.9380912089074407,0.0,-4.8414346457132746e-05,-0.00045459565610345533,5.612065496088505,87.81470433309282,1.5630157917940126,0.00022453730328992415
0.0,188.19785822471886,0.025508599315142884,3.973397766805099,0.0,0.0,0.0002152197636954974,3.9380709110298966,0.0,-4.412262977229522e-05,-0.00046590144116540153,5.612083930733038,87.81520768904164,1.5630068326021187,0.00022426749367496373
0.0,188.1978017327001,0.025508601699470196,3.973397766916243,0.0,0.0,0.00021521825090935206,3.938070911909418,0.0,-4.4120142647159504e-05,-0.00046590128252754363,5.612083937887376,87.81520782305815,1.5630068302167832,0.00022426751463758515
0.0,188.19769991708017,0.025508588322454333,3.9733977684403423,0.0,0.0,0.00021521610177799533,3.938070913531334,0.0,-4.411412813051354e-05,-0.00046589927108283937,5.612083951337947,87.81520810337722,1.5630068252274354,0.00022426739702901782
0.0,188.19774624893853,0.02550858658374109,3.973397768487535,0.0,0.0,0.00021521596675441891,3.9380709135239287,0.0,-4.411367591564252e-05,-0.00046589909342660524,5.612083952342915,87.81520811998034,1.5630068249319196,0.00022426738174253122
