# Time,Potential,Kinetic En.,Box-XX,Box-XY,Box-XZ,Box-YX,Box-YY,Box-YZ,Box-ZX,Box-ZY,Box-ZZ,Volume,Density,Temperature
0.0,-460350.2855106531,0.04172513701792319,4.418500000000001,0.0,0.0,-0.0031166690987007046,4.464298912077207,0.0,-1.7207817815879853,-0.00463488439574146,4.607339776704288,90.88210261805354,1.5732189031413826,0.0003521670521842842
0.0,-460350.7829298535,0.04290737818428853,4.417758126392882,0.0,0.0,-0.0032409240857670914,4.464688435443483,0.0,-1.7207819152690016,-0.004531388569663059,4.607341242949588,90.87480068224944,1.5733453138003362,0.00036214536301286095
0.0,-460351.4239190478,0.04381693600802517,4.417689450943577,0.0,0.0,-0.0032160921671443633,4.465048498601865,0.0,-1.7206938179011777,-0.004584753219205568,4.607262833080805,90.87917000905408,1.573269669845271,0.0003698221813643236
