# Time,Potential,Kinetic En.,Box-XX,Box-XY,Box-XZ,Box-YX,Box-YY,Box-YZ,Box-ZX,Box-ZY,Box-ZZ,Volume,Density,Temperature
0.0,-25392.737374917822,0.02656747378807643,4.3768,0.0,0.0,0.003897180276790193,5.582298639627397,0.0,-0.4565420209962068,0.011759101412267312,3.8286583481160443,93.54409589697136,1.5161525801686764,0.00022642663265503446
0.0,-25425.921364205977,0.11190029987254232,4.3774714690544005,0.0,0.0,0.011349116543662042,5.593719450430956,0.0,-0.4561550356814889,0.012379017925024632,3.829221270444409,93.76364191724703,1.5126025339215343,0.0009536927859734923
0.0,-25425.921382172117,0.11190184397323609,4.377471451648806,0.0,0.0,0.011349187952610062,5.593719577287186,0.0,-0.45615502904553806,0.012379015159970634,3.82922139313413,93.76364667505258,1.5126024571682402,0.0009537059458818582
0.0,-25425.921564039894,0.11190171259939277,4.3774714376626775,0.0,0.0,0.011349188674978264,5.593719580859816,0.0,-0.45615502950552816,0.01237900838002536,3.8292213914551847,93.76364639424972,1.5126024616981737,0.0009537048262218863
0.0,-25425.92175714725,0.11190139430633642,4.377471428123081,0.0,0.0,0.011349180227338239,5.5937195908487105,0.0,-0.4561550423489973,0.012378996817532989,3.8292213895942577,93.76364631178507,1.5126024630285002,0.0009537021135053696
0.0,-25425.921948742012,0.11190113590425474,4.37747142640008,0.0,0.0,0.011349173111462382,5.5937195963881825,0.0,-0.4561550394015139,0.012378994171064151,3.8292213886084756,93.76364634359521,1.5126024625153365,0.0009536999112217167
