# Time,Potential,Kinetic En.,Box-XX,Box-XY,Box-XZ,Box-YX,Box-YY,Box-YZ,Box-ZX,Box-ZY,Box-ZZ,Volume,Density,Temperature
0.0,154491.85452676952,0.02079590417039828,4.3319,0.0,0.0,-0.34832729686042835,4.4062532943831,0.0,-0.8309929972943099,-1.3374462847947641,4.1545214506290025,79.29921483732956,1.5767183294282276,0.0002105363947657112
0.0,154491.77465252278,0.020786299869518635,4.331914757000287,0.0,0.0,-0.34833719515253425,4.406267438421495,0.0,-0.8309920219066492,-1.3374550271573318,4.154505278660903,79.29943084418451,1.5767140345428312,0.0002104391614420299
0.0,154491.76378319316,0.020782951417409126,4.331919792885844,0.0,0.0,-0.34833897660623525,4.4062673824023815,0.0,-0.8309911637841877,-1.3374580165436303,4.154501364987334,79.2994473196087,1.5767137069613233,0.0002104052619284812
0.0,154491.76082356786,0.02078242855940831,4.331920264494151,0.0,0.0,-0.34833939461317553,4.406267219219052,0.0,-0.8309911563918037,-1.3374583577690784,4.154500572534303,79.2994378899664,1.5767138944512558,0.00021039996854774795
0.0,154491.7604876712,0.020782413249061424,4.331920292180363,0.0,0.0,-0.3483394056378311,4.406267211852634,0.0,-0.830991125056064,-1.3374583509408777,4.154500511272101,79.29943709486425,1.5767139102603036,0.00021039981354678192
0.0,154491.76042523154,0.02078241657503913,4.331920291900928,0.0,0.0,-0.3483394041194939,4.4062672119226685,0.0,-0.830991123888434,-1.337458352436876,4.154500508332017,79.29943703489022,1.57671391145277,0.00021039984721876604
