# Time,Potential,Kinetic En.,Box-XX,Box-XY,Box-XZ,Box-YX,Box-YY,Box-YZ,Box-ZX,Box-ZY,Box-ZZ,Volume,Density,Temperature
0.0,-5721.11606034645,0.03518622199578717,3.9306,0.0,0.0,0.8197143101307635,4.578702949500748,0.0,0.7500205440887084,1.1442456776584768,5.130718371983087,92.33779411863229,1.396835457167029,0.00029388401281177026
0.0,-5721.116727664428,0.035186488779429995,3.9306000185826653,0.0,0.0,0.8197142133372634,4.578702964312689,0.0,0.750020002217147,1.1442453141658304,5.130718150614087,92.33779086989745,1.396835506312108,0.00029388624105461815
0.0,-5721.116496859563,0.035186485904566474,3.9306000188091383,0.0,0.0,0.8197142135644078,4.57870296420414,0.0,0.7500200014480921,1.1442453139009263,5.130718149646883,92.33779085562186,1.3968355065280613,0.0002938862170430483
0.0,-5721.116568937275,0.03518648789262482,3.930600018712477,0.0,0.0,0.8197142137205441,4.578702964297214,0.0,0.7500200013055641,1.1442453138867688,5.130718149543024,92.33779085335894,1.3968355065622935,0.0002938862336478023
0.0,-5721.116757640457,0.035186482108999884,3.9306000188423367,0.0,0.0,0.8197142147597984,4.578702966094596,0.0,0.7500199994087284,1.14424531474361,5.130718148946802,92.33779088192682,1.3968355061301343,0.0002938861853415391
0.0,-5721.116757640457,0.03518648064726812,3.930600018842346,0.0,0.0,0.8197142147598294,4.5787029660945855,0.0,0.7500199994086909,1.1442453147436265,5.130718148946819,92.33779088192712,1.3968355061301299,0.0002938861731327945
