# Time,Potential,Kinetic En.,Box-XX,Box-XY,Box-XZ,Box-YX,Box-YY,Box-YZ,Box-ZX,Box-ZY,Box-ZZ,Volume,Density,Temperature
0.0,-8580.169902450947,0.015992086499597748,3.8573000000000004,0.0,0.0,0.004114002324173099,4.714298204927736,0.0,-0.36492175877973065,-0.0034955798592736925,5.450997535395752,99.12346008394171,1.231417779526327,0.00017809313938459319
0.0,-8585.221539453074,0.026049595879379536,3.857988030280124,0.0,0.0,0.0058050644866276535,4.7184032616920355,0.0,-0.3657156652248001,-0.003620098510790678,5.452530071461829,99.25536728117376,1.2297812648232087,0.0002900968744744694
0.0,-8585.221829415847,0.02605732735503554,3.8579888025126445,0.0,0.0,0.005805859474973318,4.718404809422923,0.0,-0.3657154842600858,-0.003620952272143745,5.4525309858272974,99.25543635103935,1.2297804090431146,0.0002901829747323493
0.0,-8585.22183648988,0.026057326639701162,3.8579888028755795,0.0,0.0,0.005805859525928952,4.71840480983811,0.0,-0.36571548430686746,-0.0036209525079072217,5.452530985707789,99.25543636693499,1.2297804088461668,0.0002901829667661502
