# Time,Potential,Kinetic En.,Box-XX,Box-XY,Box-XZ,Box-YX,Box-YY,Box-YZ,Box-ZX,Box-ZY,Box-ZZ,Volume,Density,Temperature
0.0,-352142.690872309,0.014045275043545415,3.6369000000000002,0.0,0.0,0.0,4.1628,0.0,0.0,0.0,5.8948,89.245428813936,1.8845111786091566,0.0001396542912293348
0.0,-352142.6924325136,0.014041339430977566,3.636892044280986,0.0,0.0,-5.736285836885678e-06,4.162800629155435,0.0,-1.7406926672042913e-06,-7.070875691172025e-08,5.894799057180286,89.24523280389424,1.88451531757662,0.00013961515883911729
