# Time,Potential,Kinetic En.,Box-XX,Box-XY,Box-XZ,Box-YX,Box-YY,Box-YZ,Box-ZX,Box-ZY,Box-ZZ,Volume,Density,Temperature
0.0,-53709.02345437679,0.01618326944721511,3.6944000000000004,0.0,0.0,0.16066106040204187,4.488425527250117,0.0,0.3396501918983765,0.24604566273506304,4.279899465991305,70.96946100761579,1.517524686600274,0.00018022221562107005
0.0,-53709.02345438799,0.016183265568710935,3.6943999999998574,0.0,0.0,0.16066106040086053,4.488425527241996,0.0,0.3396501918900964,0.24604566272283587,4.279899465980217,70.96946100730078,1.51752468660701,0.00018022217242877087
