# Time,Potential,Kinetic En.,Box-XX,Box-XY,Box-XZ,Box-YX,Box-YY,Box-YZ,Box-ZX,Box-ZY,Box-ZZ,Volume,Density,Temperature
0.0,151658.95947693606,0.017325004562657845,3.8573000000000004,0.0,0.0,0.0006521073651129381,3.736299943092897,0.0,-0.35462967958261987,0.0015662636437942495,4.295084332952885,61.90088327329175,1.6079687696436087,0.0002411711921153742
0.0,151658.95947316298,0.017325003496032314,3.8573000000732254,0.0,0.0,0.0006521073148586746,3.7362999430859394,0.0,-0.354629679646329,0.0015662636376245062,4.295084332953501,61.90088327436046,1.6079687696158471,0.00024117117726750795
0.0,151658.95947127984,0.01732500313567633,3.8573000001540727,0.0,0.0,0.0006521071279536512,3.7362999429491968,0.0,-0.3546296797858008,0.0015662636031062054,4.295084333050916,61.900883274796335,1.6079687696045248,0.00024117117225120436
0.0,151658.95944042612,0.01732500163896955,3.857300002322767,0.0,0.0,0.0006521066462338508,3.7362999391482026,0.0,-0.35462968273934364,0.0015662595439295173,4.295084334774589,61.900883271467876,1.6079687696909866,0.00024117115141643016
0.0,151658.95944042536,0.01732499721403906,3.8573000023232176,0.0,0.0,0.0006521066463966363,3.7362999391468104,0.0,-0.35462968273975914,0.0015662595439036205,4.295084334774189,61.900883271446276,1.607968769691548,0.00024117108981957703
