# Time,Potential,Kinetic En.,Box-XX,Box-XY,Box-XZ,Box-YX,Box-YY,Box-YZ,Box-ZX,Box-ZY,Box-ZZ,Volume,Density,Temperature
0.0,-392290.03074949107,0.025314975313951802,4.1634,0.0,0.0,0.0006975208320193394,3.996499939129825,0.0,-0.8923819259645847,0.004506942635201885,4.905591441985342,81.62427260710486,1.407481271709461,0.00026429615441470977
0.0,-392292.10181859497,0.026398479943873506,4.161627732011312,0.0,0.0,0.0008905755367964229,3.9964376011549083,0.0,-0.8931032705461681,0.004083390803394075,4.9052062425376,81.58184778485679,1.4082132009852875,0.0002756082771178678
0.0,-392292.1183240025,0.026399127673389988,4.161627263128929,0.0,0.0,0.0008906392679770964,3.9964376816647,0.0,-0.8931035751995366,0.0040832512782742,4.905205983087462,81.5818359215962,1.4082134057612647,0.0002756150396139076
