# Time,Potential,Kinetic En.,Box-XX,Box-XY,Box-XZ,Box-YX,Box-YY,Box-YZ,Box-ZX,Box-ZY,Box-ZZ,Volume,Density,Temperature
0.0,-7705.07234398736,0.017531873944722054,3.9278,0.0,0.0,-0.8960262020927798,4.1338051581035105,0.0,-1.0105184339312652,-1.7071724178860843,4.410912273021771,71.61892351701319,1.4536394299736526,0.00020551654655398918
0.0,-7705.076047120275,0.017536201297143984,3.9277997622879277,0.0,0.0,-0.8960263914667321,4.133805133044337,0.0,-1.0105183991513513,-1.7071723953560756,4.410917143639667,71.61899783149985,1.4536379216243136,0.0002055672737339975
0.0,-7705.0764685974345,0.017536225282949177,3.9277997645496088,0.0,0.0,-0.8960264538561329,4.133805117728726,0.0,-1.0105183442777637,-1.707172359205916,4.410917146191918,71.61899764883333,1.4536379253318634,0.00020556755490644177
0.0,-7705.076689368566,0.0175362676328249,3.9277997561614684,0.0,0.0,-0.896026470002685,4.133805121352841,0.0,-1.010518326793585,-1.707172338726311,4.410917146668532,71.61899756641223,1.4536379270047495,0.00020556805135081693
