# Time,Potential,Kinetic En.,Box-XX,Box-XY,Box-XZ,Box-YX,Box-YY,Box-YZ,Box-ZX,Box-ZY,Box-ZZ,Volume,Density,Temperature
0.0,37511.995805270206,0.018089250067647982,4.1264,0.0,0.0,1.6768657505135593,3.973566114305209,0.0,0.7603966518661806,0.4910533488540629,4.388624447410591,71.95818262979856,1.3872152931678123,0.00017670863438863012
0.0,37511.99410963708,0.018089761778307303,4.126400941174566,0.0,0.0,1.6768651349719557,3.9735662444557747,0.0,0.7603978474421568,0.49105299116407325,4.388624614421168,71.95820413778051,1.3872148785354317,0.000176713633141562
0.0,37511.99172357867,0.018089744954889374,4.126400933950566,0.0,0.0,1.6768651090016677,3.9735662408364956,0.0,0.7603978760958768,0.49105297763393546,4.388624624485275,71.95820411127893,1.3872148790463308,0.0001767134687984744
0.0,37511.99143839948,0.018089695181319834,4.1264009100942305,0.0,0.0,1.676865067074158,3.9735662582309796,0.0,0.7603979465313215,0.49105292159060043,4.388624656120659,71.9582045289715,1.3872148709940266,0.0001767129825749179
