# Time,Potential,Kinetic En.,Box-XX,Box-XY,Box-XZ,Box-YX,Box-YY,Box-YZ,Box-ZX,Box-ZY,Box-ZZ,Volume,Density,Temperature
0.0,-48823.45603728694,0.008790301725628434,3.7232000000000003,0.0,0.0,-0.739718602046942,3.7984428954225073,0.0,-1.1963698009740846,-1.4271703012233832,3.461543979299294,48.954410070379645,1.5207836096531882,0.00015732593602343312
0.0,-48823.456757341715,0.008789919092752148,3.723200167463574,0.0,0.0,-0.7397189128966261,3.7984429252163996,0.0,-1.196369266061998,-1.4271704858767298,3.4615440033364067,48.95441299619651,1.5207835187618044,0.00015731908778576233
0.0,-48823.457008441816,0.008789919334046868,3.723200179598729,0.0,0.0,-0.7397189168006176,3.798442930257098,0.0,-1.196369247908575,-1.427170494319286,3.4615440045116324,48.95441323734042,1.5207835112705965,0.00015731909210437605
