# Time,Potential,Kinetic En.,Box-XX,Box-XY,Box-XZ,Box-YX,Box-YY,Box-YZ,Box-ZX,Box-ZY,Box-ZZ,Volume,Density,Temperature
0.0,39286.497750565264,0.0615193069884872,4.4242,0.0,0.0,-0.002298703239598454,4.390199398200886,0.0,0.0008163603001844758,0.0,4.6773999287591055,90.84970093461327,1.3284599034292661,0.00043269426503519243
