# Time,Potential,Kinetic En.,Box-XX,Box-XY,Box-XZ,Box-YX,Box-YY,Box-YZ,Box-ZX,Box-ZY,Box-ZZ,Volume,Density,Temperature
0.0,105119.0268420455,0.04865817465015922,4.2349,0.0,0.0,-0.0008911476582510983,5.105899922232696,0.0,-0.0006981840571303529,0.0020944302621152258,4.000299390783258,86.49837604224844,1.2364239742932142,0.00040640508730936957
0.0,105119.02674840018,0.04865805677843173,4.234900031633803,0.0,0.0,-0.0008911981088751941,5.105899950492559,0.0,-0.0006982193729844913,0.0020944304422876115,4.000299411196325,86.4983776085108,1.2364239519047673,0.00040640410281560165
0.0,105119.02670856149,0.04865803333373254,4.234900037200665,0.0,0.0,-0.0008912058798763344,5.105899956290802,0.0,-0.0006982244912029906,0.002094430316660122,4.000299416819655,86.49837794203508,1.2364239471373089,0.00040640390699968603
0.0,105119.0266783466,0.04865803086422958,4.23490003776091,0.0,0.0,-0.0008912064886902969,5.105899956697343,0.0,-0.0006982247535113406,0.002094430361655825,4.000299417205678,86.49837796871225,1.2364239467559806,0.0004064038863737877
0.0,105119.02667156338,0.04865802865810964,4.2349000379954855,0.0,0.0,-0.0008912068934744576,5.105899956898514,0.0,-0.0006982248088603311,0.0020944303017297796,4.00029941740797,86.49837798128566,1.2364239465762539,0.0004064038679477293
