# Time,Potential,Kinetic En.,Box-XX,Box-XY,Box-XZ,Box-YX,Box-YY,Box-YZ,Box-ZX,Box-ZY,Box-ZZ,Volume,Density,Temperature
0.0,43158.03795580747,0.03785611197959696,4.6924,0.0,0.0,0.005234258577891094,4.284296802572991,0.0,-1.3770301050948666,0.002456781099785391,4.218013568480909,84.79740232232619,1.4343945703231362,0.0004053635808891809
0.0,43158.03497455976,0.037855065576730317,4.6924002014484305,0.0,0.0,0.005235443998915947,4.284297624406406,0.0,-1.3770306134098822,0.002456446582563509,4.2180135601471545,84.79742206143314,1.4343942364253934,0.0004053523759980578
0.0,43158.034441294956,0.03785501478717489,4.692400214366182,0.0,0.0,0.005235464113649708,4.2842976413184894,0.0,-1.377030617549448,0.002456448358452903,4.218013569715576,84.79742282196706,1.4343942235605511,0.0004053518321430504
0.0,43158.034192190265,0.0378549913829116,4.692400217012245,0.0,0.0,0.005235500072764887,4.2842976775723915,0.0,-1.3770306205339455,0.0024564600019224324,4.218013593681043,84.79742406913704,1.4343942024639975,0.00040535158152999276
0.0,43158.034198687325,0.037854990383782566,4.692400217014993,0.0,0.0,0.005235500378467113,4.284297678102944,0.0,-1.3770306204129712,0.0024564597112077887,4.2180135942165835,84.79742409045403,1.434394202103409,0.00040535157083131026
