# Time,Potential,Kinetic En.,Box-XX,Box-XY,Box-XZ,Box-YX,Box-YY,Box-YZ,Box-ZX,Box-ZY,Box-ZZ,Volume,Density,Temperature
0.0,-213577.96534179503,0.017404970082297407,3.7951,0.0,0.0,-0.005326743146293245,3.8149962812311435,0.0,0.009393145727562457,-0.0007696481611430419,4.4848900974778685,64.93355015439843,1.7252893718002122,0.00022250603116986595
0.0,-213595.35528006183,0.06969025718067828,3.7938516209112167,0.0,0.0,-0.009491236320798953,3.8080124179825696,0.0,0.008085163415448134,-0.0057051551923403155,4.489241603803037,64.8562264633083,1.7273463175971073,0.0008909238259623116
0.0,-213595.89427048658,0.07462275501530245,3.79366062577083,0.0,0.0,-0.0095476637619892,3.807602836860298,0.0,0.008159377256499305,-0.006015835217608633,4.489839510427439,64.8546225616299,1.7273890361196824,0.0009539811315334634
0.0,-213595.8943823864,0.07463224748940545,3.7936603300572953,0.0,0.0,-0.00954789337238582,3.807602183206796,0.0,0.008159528622067102,-0.006016096218559074,4.489840499734965,64.85462066291906,1.7273890866914416,0.0009541024838097758
