# Time,Potential,Kinetic En.,Box-XX,Box-XY,Box-XZ,Box-YX,Box-YY,Box-YZ,Box-ZX,Box-ZY,Box-ZZ,Volume,Density,Temperature
0.0,-8524.126336450197,0.03889674886610692,3.9912,0.0,0.0,-0.0014365455715580307,4.115399749275497,0.0,-0.002434105876781307,0.0016218877279695946,4.6487990798279055,76.3583076044292,1.2957836674568655,0.0003248752492800113
0.0,-8524.128727874773,0.03889664816514417,3.9912001398440413,0.0,0.0,-0.0014365253006966927,4.115399680523115,0.0,-0.002433984438280807,0.0016217657097101865,4.6487990713254,76.35830886457039,1.2957836460725474,0.0003248744082007096
