# Time,Potential,Kinetic En.,Box-XX,Box-XY,Box-XZ,Box-YX,Box-YY,Box-YZ,Box-ZX,Box-ZY,Box-ZZ,Volume,Density,Temperature
0.0,-88749.44774760312,0.16998347403401617,4.976,0.0,0.0,0.0,4.7068,0.0,0.0,0.0,4.3442,101.74566806656,0.6586177979005022,0.002704274172012592
0.0,-88749.45062648307,0.16998305080869278,4.9760000185299615,0.0,0.0,-1.2292377509244438e-07,4.706799920173403,0.0,-1.457533029424658e-10,-2.332052847079453e-09,4.34419999995015,101.74566671868907,0.6586178066255105,0.002704267438903285
