# Time,Potential,Kinetic En.,Box-XX,Box-XY,Box-XZ,Box-YX,Box-YY,Box-YZ,Box-ZX,Box-ZY,Box-ZZ,Volume,Density,Temperature
0.0,44167.02408426768,0.024192466465899096,4.6371,0.0,0.0,-0.37257652840719424,4.400054132676102,0.0,-1.7578897047635957,-1.975151820080574,3.8620822522984355,78.79996054799054,1.398901441121507,0.0002486910184740051
0.0,44165.04007941585,0.03155390089618844,4.638862643889236,0.0,0.0,-0.3718821820804147,4.40291244185285,0.0,-1.7574563247475778,-1.971929751443121,3.861470072482153,78.8686188604965,1.3976836410167601,0.00032436427107430493
0.0,44165.039660272894,0.03155440476716878,4.6388626959304,0.0,0.0,-0.37188214571490374,4.40291258111283,0.0,-1.7574563329321848,-1.971929669804949,3.8614700217102613,78.86862120283493,1.3976835995066126,0.00032436945071100945
