# Time,Potential,Kinetic En.,Box-XX,Box-XY,Box-XZ,Box-YX,Box-YY,Box-YZ,Box-ZX,Box-ZY,Box-ZZ,Volume,Density,Temperature
0.0,-263896.9123838296,0.03905573347006938,4.1791,0.0,0.0,0.9137718444750482,4.212123339391271,0.0,0.9649982772984496,0.24242668185528135,4.126643144098562,72.64082324758296,1.4761155741329832,0.0004236404258988334
0.0,-263896.9123962633,0.03905573421575186,4.179100000092041,0.0,0.0,0.9137718438551169,4.212123339385737,0.0,0.9649982762336676,0.24242668053709512,4.1266431424759915,72.64082322052545,1.476115574682812,0.0004236404339873063
