# Time,Potential,Kinetic En.,Box-XX,Box-XY,Box-XZ,Box-YX,Box-YY,Box-YZ,Box-ZX,Box-ZY,Box-ZZ,Volume,Density,Temperature
0.0,-163293.32762557027,0.012492360191919806,4.2408,0.0,0.0,-0.0013627530522822937,3.903999762154721,0.0,-1.6922525772111676,0.00029892166706491785,4.808089949820823,79.60313239261697,1.4413295967669817,0.00013911903521520336
0.0,-163295.55024260154,0.020244292429060874,4.241582858525218,0.0,0.0,0.0014556361649216353,3.901787259858673,0.0,-1.6951552443151259,-9.916286570543618e-05,4.808492359675008,79.57936546649037,1.4417600597877618,0.00022544710431636854
0.0,-163295.55054412832,0.02024452246568578,4.241582889874214,0.0,0.0,0.0014557094823844695,3.9017872022352766,0.0,-1.6951552480474834,-9.91640087401808e-05,4.808492389607314,79.57936537475872,1.4417600614496877,0.0002254496660799448
0.0,-163295.55110500427,0.020244511038940274,4.2415828914567015,0.0,0.0,0.0014557170741829706,3.901787197330016,0.0,-1.6951552491609034,-9.916071384573587e-05,4.808492394525262,79.57936538579392,1.4417600612497603,0.00022544953882794552
