# Time,Potential,Kinetic En.,Box-XX,Box-XY,Box-XZ,Box-YX,Box-YY,Box-YZ,Box-ZX,Box-ZY,Box-ZZ,Volume,Density,Temperature
0.0,-388571.93305120815,0.027651671742602486,3.8339,0.0,0.0,0.0,5.7967,0.0,-0.1988970249266005,0.0,5.130746255027171,114.0255412548407,1.4907946134876116,0.00020529207909575315
0.0,-388571.9692812762,0.027665179111587744,3.8339097491675864,0.0,0.0,1.4949051995742725e-05,5.79671653522948,0.0,-0.19888567814330155,1.0497537015202205e-05,5.130717746824563,114.02552290138911,1.4907948534446498,0.00020539236076725246
0.0,-388572.01143205335,0.027683611835473423,3.8339346606155766,0.0,0.0,2.999172663442186e-05,5.796737960556488,0.0,-0.19887906472494057,2.8812677223287358e-05,5.130677638754422,114.02579388038431,1.4907913106138773,0.00020552920935438718
0.0,-388572.28737982677,0.027892510954335183,3.8341607847655546,0.0,0.0,0.00019476986239777512,5.79690925869161,0.0,-0.19883231642235188,6.6233005121496435e-06,5.130584544448997,114.03381969228032,1.4906863872615992,0.00020708012225511893
0.0,-388572.2888374561,0.02789375156230681,3.834161656883092,0.0,0.0,0.00019572314220923746,5.796909119417357,0.0,-0.1988327292530831,5.134955057468482e-06,5.1305830642362595,114.0338099910281,1.490686514079467,0.00020708933280094808
