# Time,Potential,Kinetic En.,Box-XX,Box-XY,Box-XZ,Box-YX,Box-YY,Box-YZ,Box-ZX,Box-ZY,Box-ZZ,Volume,Density,Temperature
0.0,81871.6344480555,0.021303255747549137,4.0824,0.0,0.0,0.0014879629702771713,4.262699740301468,0.0,-0.0011326139590385,-0.001132218671170449,6.48939980239055,112.92883010848504,1.4636118588818423,0.00016945719172190634
0.0,81870.76595809343,0.02133132415273081,4.084008214283515,0.0,0.0,0.0014495486424619581,4.262922029514733,0.0,-0.0006714292195427338,-0.0012506355768895036,6.489846378807086,112.98698320360694,1.46285855476452,0.0001696804624357617
0.0,81870.7499336942,0.021345674378836416,4.084026307398532,0.0,0.0,0.0014487549252342143,4.262919408654783,0.0,-0.000657532894758446,-0.0012657420410147108,6.489835816977955,112.98723041722309,1.4628553540616451,0.00016979461160832236
0.0,81870.74979991795,0.021345792760703548,4.08402680920268,0.0,0.0,0.0014486982039395363,4.262919612165444,0.0,-0.0006578083006164311,-0.0012661767832435199,6.489835385750784,112.98724218632867,1.4628552016860428,0.00016979555327935106
0.0,81864.92783287572,0.019195062947143474,4.084173864302885,0.0,0.0,0.0003330988586073885,4.264030639631584,0.0,-9.395709358579155e-05,-0.0003231182428718119,6.488773863885135,113.0022725798105,1.4626606278178687,0.00015268752816443882
0.0,81862.28031138786,0.019879942629234856,4.084387924111613,0.0,0.0,-0.000750106511718124,4.264637897456605,0.0,0.0002606580721598711,0.0005678633639976115,6.487843908596924,113.00809084463313,1.4625853221754614,0.00015813541786589678
0.0,81862.28018931755,0.019879943429529444,4.084387924111613,0.0,0.0,-0.0007501065117181908,4.264637897456605,0.0,0.00026065807215988824,0.0005678633639976451,6.487843908596924,113.00809084463313,1.4625853221754614,0.00015813542423185676
