# Time,Potential,Kinetic En.,Box-XX,Box-XY,Box-XZ,Box-YX,Box-YY,Box-YZ,Box-ZX,Box-ZY,Box-ZZ,Volume,Density,Temperature
0.0,28788.548725737262,0.013807018784696838,4.0315,0.0,0.0,-0.0009169436244645989,5.253699919981574,0.0,-0.43226651250456555,0.0024856862332859396,4.872261635373361,103.19592037332383,1.7573259393515182,0.00014193185173971333
0.0,28788.54871331866,0.013807016396185055,4.0315000006467585,0.0,0.0,-0.0009169437458345197,5.253699917450214,0.0,-0.43226651229428764,0.0024856871843406607,4.872261635728892,103.19592034768709,1.757325939788087,0.00014193182718655632
