# Time,Potential,Kinetic En.,Box-XX,Box-XY,Box-XZ,Box-YX,Box-YY,Box-YZ,Box-ZX,Box-ZY,Box-ZZ,Volume,Density,Temperature
0.0,-23582.15969984666,0.009928906241128346,3.7133000000000003,0.0,0.0,-0.010662275603740803,4.363586973566467,0.0,-0.4827686753551419,-0.15989180955330556,5.172157908004512,83.80606506821549,1.6852616687430173,0.00011282813082189409
