# Time,Potential,Kinetic En.,Box-XX,Box-XY,Box-XZ,Box-YX,Box-YY,Box-YZ,Box-ZX,Box-ZY,Box-ZZ,Volume,Density,Temperature
0.0,-292834.00046767166,0.0199519655187121,4.233700000000001,0.0,0.0,-0.0035170125293002338,4.03019846541369,0.0,0.025189538699269383,-0.014372084154960097,5.154418413394199,87.9480437483557,0.8887760079368913,0.00034008926880197977
0.0,-292834.00195712014,0.01995495710564079,4.233700436016922,0.0,0.0,-0.0035163257474228114,4.030197393932145,0.0,0.025188785970418376,-0.014371021896103947,5.154417084247495,87.94800674496318,0.8887763818820064,0.0003401402616031743
