# Time,Potential,Kinetic En.,Box-XX,Box-XY,Box-XZ,Box-YX,Box-YY,Box-YZ,Box-ZX,Box-ZY,Box-ZZ,Volume,Density,Temperature
0.0,-987.0907842566812,0.02549781225489649,4.4301,0.0,0.0,2.015240042803646,4.13918606248629,0.0,0.9338347062874051,1.8819286714553656,4.65277801177827,85.31802844039495,1.7130474242122598,0.0002555568273611402
0.0,-987.0911434251857,0.025497832374983594,4.4300999902928195,0.0,0.0,2.015240046136239,4.139186101166869,0.0,0.9338347242701034,1.8819286555958632,4.652777961694787,85.3180281323605,1.7130474303970915,0.0002555570290186618
0.0,-987.0915806015646,0.025497841853167516,4.430099978037695,0.0,0.0,2.0152400259025565,4.139186121153075,0.0,0.9338347262569269,1.8819286302878555,4.652777916370979,85.31802747720059,1.7130474435516385,0.00025555712401562026
