# Time,Potential,Kinetic En.,Box-XX,Box-XY,Box-XZ,Box-YX,Box-YY,Box-YZ,Box-ZX,Box-ZY,Box-ZZ,Volume,Density,Temperature
0.0,24729.433413778028,0.04268595156521434,3.8786000000000005,0.0,0.0,-0.0010323622473129607,5.914999909909398,0.0,-0.8431148172824366,-0.004352277078892842,3.9260898897711236,90.0720348659725,1.0960526562374215,0.00033954629113677683
0.0,24679.832747956498,0.07654946692030402,3.86726936422628,0.0,0.0,-0.0018078178389286108,5.914378950451563,0.0,-0.8428389577686732,-0.00460113600130151,3.9205945285376798,89.67378472405515,1.1009203344249616,0.0006089143296144324
0.0,24673.24147495841,0.07820730549366813,3.8654100956430573,0.0,0.0,0.0011834176353451055,5.913837040800524,0.0,-0.84192144420415,-0.0011777438047316916,3.9210814042271207,89.63358943150362,1.1014140312098255,0.0006221016410892455
0.0,24670.298879484064,0.07636814088445401,3.8653861249585546,0.0,0.0,0.0007744080110229238,5.912849650822742,0.0,-0.8421592201043224,8.487580160812915e-05,3.9208510818927405,89.6128040941761,1.1016694998608443,0.0006074719678841253
0.0,24669.72065124199,0.07527376443682271,3.865313549793446,0.0,0.0,0.000510222683605097,5.912452650672832,0.0,-0.8422748951315493,0.000676518168872706,3.9208807001258905,89.60578177083622,1.1017558366941247,0.0005987667276288404
0.0,24669.573307956634,0.07487849816865527,3.865294801033265,0.0,0.0,0.0004808917149305347,5.91238931253989,0.0,-0.8423808503773149,0.0007947947792518478,3.920886739345138,89.60452523953043,1.1017712867028877,0.0005956225738628715
0.0,24659.99003499031,0.14411991599586152,3.862768371768799,0.0,0.0,0.0031315168251442537,5.90130385454889,0.0,-0.8451554086444562,-0.0030690669056531996,3.9262920027781814,89.50127846629549,1.1030422666502615,0.0011464048746945839
0.0,24659.990031028952,0.14410677705884414,3.862768344441441,0.0,0.0,0.003131544738262454,5.901303734324991,0.0,-0.8451554391991042,-0.003069108936057807,3.9262920622208086,89.50127736477211,1.1030422802257867,0.0011463003607463142
