# Time,Potential,Kinetic En.,Box-XX,Box-XY,Box-XZ,Box-YX,Box-YY,Box-YZ,Box-ZX,Box-ZY,Box-ZZ,Volume,Density,Temperature
0.0,-182052.83320685916,0.03594917961535492,3.9935000000000005,0.0,0.0,-0.0008188735742929753,4.691799928539799,0.0,-0.0006932447753722874,0.00623907954524881,3.9719950394352344,74.4220914294565,1.3667145521620792,0.00036954636702501677
0.0,-182052.93859352134,0.0620731042171457,3.9962650344941477,0.0,0.0,-0.0044174919781950475,4.688174191357905,0.0,-0.002838927026502797,0.005568482015287981,3.9680920556906654,74.34294509561845,1.3681695718154927,0.0006380921734195456
0.0,-182052.9387056006,0.06207362149045504,3.9962650020643817,0.0,0.0,-0.00441756886167881,4.688174127038188,0.0,-0.002838943321248108,0.005568445960513514,3.96809197391595,74.34294194030656,1.3681696298842425,0.0006380974908280169
