# Time,Potential,Kinetic En.,Box-XX,Box-XY,Box-XZ,Box-YX,Box-YY,Box-YZ,Box-ZX,Box-ZY,Box-ZZ,Volume,Density,Temperature
0.0,-35204.07769303435,0.037192734205088396,3.9264000000000006,0.0,0.0,-0.003838048526536521,5.497598660268273,0.0,-0.4260109180033389,0.003439164056852304,4.260553263355892,91.96732869373854,1.4472022159817302,0.0002724937703048327
0.0,-35204.47473551448,0.051932184368096775,3.9275039472066364,0.0,0.0,-0.003625211676909757,5.4998624644810326,0.0,-0.4262262218343045,0.0046342237895593205,4.261149968578952,92.0439565158921,1.4459974008235794,0.00038048282873197147
0.0,-35204.47714534966,0.05193214001749564,3.9275038953952723,0.0,0.0,-0.0036251746893750224,5.499862729682088,0.0,-0.42622627151582604,0.004634324533987019,4.261150046222454,92.04396141713185,1.4459973238258077,0.00038048250379585754
0.0,-35204.47828801728,0.05193212773200885,3.927503891387147,0.0,0.0,-0.0036251669866417817,5.499862752588689,0.0,-0.4262262792115295,0.0046343338153290664,4.261150053174409,92.0439618567234,1.445997316919888,0.00038048241378584117
