# Time,Potential,Kinetic En.,Box-XX,Box-XY,Box-XZ,Box-YX,Box-YY,Box-YZ,Box-ZX,Box-ZY,Box-ZZ,Volume,Density,Temperature
0.0,-185794.04081446934,0.020934038539501185,4.3174,0.0,0.0,0.000771540245220741,4.420599932670412,0.0,-0.6885717740695184,0.0017635804624921052,4.657373702177946,88.88829717356802,1.6025732067458542,0.00019427362003865715
