# Time,Potential,Kinetic En.,Box-XX,Box-XY,Box-XZ,Box-YX,Box-YY,Box-YZ,Box-ZX,Box-ZY,Box-ZZ,Volume,Density,Temperature
0.0,-46028.59119330335,0.019211658686823112,5.035900000000001,0.0,0.0,0.009656059384650561,3.9517882028920988,0.0,-0.22678437533305296,-0.004244586228140118,3.921245168386255,78.03595588663728,1.3743187712305505,0.00016714637113290372
