# Time,Potential,Kinetic En.,Box-XX,Box-XY,Box-XZ,Box-YX,Box-YY,Box-YZ,Box-ZX,Box-ZY,Box-ZZ,Volume,Density,Temperature
0.0,-43944.17682719788,0.03951798578901198,4.260000000000001,0.0,0.0,-0.0007440164030550161,4.262899935072321,0.0,-0.0022210535447252247,0.0022206659315772612,4.241898837261914,77.03268658405493,1.4380638136767936,0.00030793140378292523
0.0,-43944.1770351405,0.03951797285180353,4.260000005879776,0.0,0.0,-0.0007440099309057428,4.262899945965979,0.0,-0.002221045736523982,0.0022206744308110754,4.24189883964386,77.03268693048744,1.4380638072095122,0.00030793130297382073
