# Time,Potential,Kinetic En.,Box-XX,Box-XY,Box-XZ,Box-YX,Box-YY,Box-YZ,Box-ZX,Box-ZY,Box-ZZ,Volume,Density,Temperature
0.0,46671.163227320794,0.01831797685461252,4.4115,0.0,0.0,-0.0024069311015694353,4.596899369866898,0.0,0.0,0.0006968227958410457,3.992499939190731,80.9647908857304,1.1534669782270184,0.00016999584999401196
