# Time,Potential,Kinetic En.,Box-XX,Box-XY,Box-XZ,Box-YX,Box-YY,Box-YZ,Box-ZX,Box-ZY,Box-ZZ,Volume,Density,Temperature
0.0,-55076.14502364957,0.016748443810251912,3.9821,0.0,0.0,0.0028350427934753226,4.060899010383336,0.0,-1.4483419040755692,-0.002280418316575527,4.486829567589019,72.55609894778478,1.4367378159044801,0.0001844665549780005
0.0,-55076.14709318107,0.016748945093440604,3.9821000465559084,0.0,0.0,0.002835374502736778,4.060900083380732,0.0,-1.4483417088553583,-0.0022802900128373665,4.486829670256717,72.55612062753873,1.4367373866075157,0.00018447207608694255
