# Time,Potential,Kinetic En.,Box-XX,Box-XY,Box-XZ,Box-YX,Box-YY,Box-YZ,Box-ZX,Box-ZY,Box-ZZ,Volume,Density,Temperature
0.0,46688.64037961321,0.025911698933556725,4.382000000000001,0.0,0.0,0.0,4.6103000000000005,0.0,0.0,0.0007007147845342783,4.0147999388511,81.10833171672948,1.151425639130525,0.0002404676739118025
0.0,46688.63956251889,0.02591149724635409,4.3820000612082195,0.0,0.0,-2.242683124107541e-07,4.610300053357019,0.0,-4.9503807096234125e-08,0.0007005666933722222,4.0147999456825305,81.10833392637191,1.1514256077621214,0.00024046580219923744
0.0,46688.63954561753,0.02591141063104829,4.3820001001062,0.0,0.0,-3.2951101731197486e-07,4.610300006179135,0.0,-7.285667839627339e-08,0.0007005102014441921,4.014799997460799,81.10833486239979,1.151425594474135,0.00024046499838544029
