# Time,Potential,Kinetic En.,Box-XX,Box-XY,Box-XZ,Box-YX,Box-YY,Box-YZ,Box-ZX,Box-ZY,Box-ZZ,Volume,Density,Temperature
0.0,-28421.04330808091,0.015165041366270884,4.1305000000000005,0.0,0.0,-0.0014907904036084068,4.2707997398079875,0.0,-0.0029574252706843006,0.0022170368307637307,4.236198387514856,74.728820008432,0.7938045794459572,0.00022156647709447997
0.0,-28426.03112217702,0.015406402038107015,4.124127468604746,0.0,0.0,0.00450321737260975,4.271375610792474,0.0,-0.0037444189660652757,-0.001963976577007828,4.234963970736483,74.60184416920517,0.795155672086893,0.00022509283963291848
0.0,-28426.03118540414,0.01540641383013549,4.1241274569608235,0.0,0.0,0.0045032310824127285,4.271375617827111,0.0,-0.003744418314930505,-0.0019639936368419687,4.234963963720777,74.60184395785397,0.7951556743396134,0.0002250930119185156
0.0,-28426.031185892523,0.015406415081158526,4.124127456977939,0.0,0.0,0.004503231115062988,4.2713756178088955,0.0,-0.003744418355294105,-0.001963993670990523,4.2349639637003245,74.60184395748514,0.7951556743435445,0.000225093030196393
