# Time,Potential,Kinetic En.,Box-XX,Box-XY,Box-XZ,Box-YX,Box-YY,Box-YZ,Box-ZX,Box-ZY,Box-ZZ,Volume,Density,Temperature
0.0,-230710.61715256658,0.05721145815823635,4.5433,0.0,0.0,0.029386892641316307,4.677007678050239,0.0,-0.907313014163933,0.010533068980906654,4.524205636217987,96.13506717626272,1.6430968043562706,0.000374779782577313
0.0,-230720.16988729307,0.11548902042594249,4.544593667634348,0.0,0.0,0.029362547222661402,4.6764105036413595,0.0,-0.9102610221682439,0.011906289648362081,4.526924534461967,96.2079456169487,1.6418521427825337,0.0007565433806212198
0.0,-230721.59152434443,0.1172751493003768,4.544708181082189,0.0,0.0,0.02938898443912149,4.67641281780861,0.0,-0.9103229632340825,0.011890029502411376,4.526965867266616,96.21129589277092,1.6417949701035195,0.000768243921260546
0.0,-230722.6307318453,0.11853427148518958,4.544791948843383,0.0,0.0,0.02939674925447099,4.6764408685955265,0.0,-0.9103739903479724,0.011876008702796103,4.526998602410266,96.21434210799185,1.6417429896947986,0.0007764921560347276
0.0,-230722.77367705715,0.1187194490004194,4.544804467627147,0.0,0.0,0.02939674407884878,4.676444458578936,0.0,-0.9103814033951946,0.01187364991865063,4.527003344393627,96.21478177900963,1.6417354874503634,0.0007777052135433143
0.0,-230722.7862177162,0.11872348838469021,4.54480475089184,0.0,0.0,0.029396708268717306,4.6764445431072446,0.0,-0.9103812952818636,0.011873814897721666,4.527003481265545,96.21479242392819,1.6417353058136304,0.0007777316746685416
0.0,-230722.78691428716,0.11872356242383715,4.544804754957733,0.0,0.0,0.029396707657867574,4.676444544242897,0.0,-0.910381294336003,0.011873817891906986,4.527003482049241,96.21479255002588,1.6417353036619962,0.0007777321596828425
0.0,-230722.7869523692,0.11869023308913315,4.544804737731706,0.0,0.0,0.02939671783099118,4.676444542196676,0.0,-0.9103813050252912,0.011873791420898564,4.5270034966742845,96.21479245408015,1.6417353052991404,0.0007775138264814887
