# Time,Potential,Kinetic En.,Box-XX,Box-XY,Box-XZ,Box-YX,Box-YY,Box-YZ,Box-ZX,Box-ZY,Box-ZZ,Volume,Density,Temperature
0.0,35255.842426868636,0.021094594426738583,3.9943,0.0,0.0,0.0,4.1163,0.0,1.643658129571943,0.0006852162608551292,3.565370034592586,58.6208767373355,1.2707375963220247,0.0002684758254365093
0.0,35255.842199104576,0.02109379862262851,3.994298934430274,0.0,0.0,1.3232067537666663e-07,4.116300101680257,0.0,1.6436579984968915,0.0006850605657405622,3.5653700067233207,58.620862088717985,1.2707379138633974,0.0002684656970519092
0.0,35255.84209889394,0.021093787227540246,3.994298927979357,0.0,0.0,1.3390940296929401e-07,4.116300097696269,0.0,1.6436579924724832,0.0006850690549412593,3.56537001624666,58.620862093887084,1.2707379137513457,0.000268465552023962
0.0,35255.84207768331,0.021093701361712874,3.994298905137472,0.0,0.0,1.3152894348196465e-07,4.116300148300798,0.0,1.643657999874286,0.0006851393508376893,3.5653700409808295,58.62086288599603,1.270737896580618,0.00026846445918954126
0.0,35255.84198210208,0.0210936622371457,3.9942988957753944,0.0,0.0,1.29810396488384e-07,4.116300177366861,0.0,1.6436579984673185,0.0006851688491378929,3.5653700562950537,58.62086341432358,1.2707378851279407,0.0002684639612420456
0.0,35255.84195463929,0.021093652997755445,3.9942988948915668,0.0,0.0,1.2679660493583544e-07,4.1163001788163465,0.0,1.6436579975457737,0.000685170974018398,3.5653700565209308,58.62086342570856,1.2707378848811457,0.00026846384365016994
0.0,35255.84194862375,0.02109364395593557,3.994298894871112,0.0,0.0,1.267258484026167e-07,4.116300178808006,0.0,1.6436579976631116,0.0006851709233371176,3.5653700566385766,58.620863427223895,1.2707378848482975,0.0002684637285728185
