# Time,Potential,Kinetic En.,Box-XX,Box-XY,Box-XZ,Box-YX,Box-YY,Box-YZ,Box-ZX,Box-ZY,Box-ZZ,Volume,Density,Temperature
0.0,46788.67659624715,0.030520058886097153,4.3462000000000005,0.0,0.0,0.0,4.655,0.0,0.0,0.0,4.0537,82.01267882570001,1.1387289626793722,0.0002832345183853073
0.0,46788.61717339662,0.030317124309437633,4.34639026370553,0.0,0.0,5.3662588382530336e-05,4.654956511147752,0.0,-0.00017329574832303788,-4.003451625795997e-05,4.0537772159714045,82.01706512176574,1.1386680631292416,0.0002813512298471561
