# Time,Potential,Kinetic En.,Box-XX,Box-XY,Box-XZ,Box-YX,Box-YY,Box-YZ,Box-ZX,Box-ZY,Box-ZZ,Volume,Density,Temperature
0.0,-86844.65876981018,0.02181223429859453,4.0168,0.0,0.0,1.6685257855476479,3.7581569037179126,0.0,0.43665275882431953,0.6833534677414889,5.244168633476311,79.16473548034959,1.3607211002082167,0.00021688234026419378
0.0,-86844.65896573964,0.02181223526238807,4.016799999731149,0.0,0.0,1.6685257847801727,3.7581569038928513,0.0,0.43665275879550747,0.6833534677367533,5.244168633701674,79.16473548213807,1.3607211001774755,0.00021688234984733852
