# Time,Potential,Kinetic En.,Box-XX,Box-XY,Box-XZ,Box-YX,Box-YY,Box-YZ,Box-ZX,Box-ZY,Box-ZZ,Volume,Density,Temperature
0.0,-10669.742830154848,0.028084350413221427,4.289000000000001,0.0,0.0,-0.00382049012775729,3.648297999595864,0.0,-0.5715263239780282,0.0010717448837776183,4.750644642820915,74.3359501521166,1.0651551412161775,0.0002365385829161973
0.0,-10669.742830154848,0.028084350001221187,4.289000000000001,0.0,0.0,-0.0038204901277572893,3.648297999595864,0.0,-0.5715263239780282,0.001071744883777618,4.750644642820915,74.3359501521166,1.0651551412161775,0.00023653857944615255
