# Time,Potential,Kinetic En.,Box-XX,Box-XY,Box-XZ,Box-YX,Box-YY,Box-YZ,Box-ZX,Box-ZY,Box-ZZ,Volume,Density,Temperature
0.0,-74085.43454887957,0.04605043440150636,4.0507,0.0,0.0,0.0,4.027,0.0,-0.12427159406173506,0.0,4.16264541138317,67.90177502129225,1.2857716549871154,0.0003767751153884175
0.0,-74085.4346868495,0.04605043273777453,4.050699998483428,0.0,0.0,7.913207864178933e-10,4.0269999982035305,0.0,-0.1242715954804052,-8.639850567356307e-10,4.162645410956192,67.90177495861366,1.2857716561739823,0.00037677510177610836
0.0,-74085.4347020919,0.04605042228435239,4.050699997197597,0.0,0.0,1.346057164792897e-09,4.0269999964952365,0.0,-0.12427159663846032,-8.978137227541041e-10,4.162645410533948,67.90177490136698,1.2857716572579916,0.0003767750162483737
