# Time,Potential,Kinetic En.,Box-XX,Box-XY,Box-XZ,Box-YX,Box-YY,Box-YZ,Box-ZX,Box-ZY,Box-ZZ,Volume,Density,Temperature
0.0,3830.5886999360296,0.024799190376103446,3.9850000000000003,0.0,0.0,0.001489045074391432,4.265799740112605,0.0,0.001619805139295326,0.0024291423766116538,4.640399081490581,78.88312758542756,1.3842871659085498,0.0002655499492242582
0.0,3830.588387824249,0.024799169504722926,3.9850000086839823,0.0,0.0,0.0014890756890867341,4.265799749073139,0.0,0.0016197648220646098,0.0024291203418518423,4.640399039860957,78.88312721535439,1.3842871724028099,0.0002655497257333315
