# Time,Potential,Kinetic En.,Box-XX,Box-XY,Box-XZ,Box-YX,Box-YY,Box-YZ,Box-ZX,Box-ZY,Box-ZZ,Volume,Density,Temperature
0.0,-16935.49191058229,0.004360534246832572,4.1627,0.0,0.0,0.8695346372309559,4.304655627881936,0.0,1.1900305056125937,0.06203821501077293,5.025962867510037,90.06017827374181,1.6482092281034453,6.474712631000161e-05
0.0,-16936.31943968282,0.013452910583068875,4.16636923609318,0.0,0.0,0.8795115927057381,4.310597882877943,0.0,1.1850911231305192,0.05921024759849398,5.022729617990612,90.20592558018419,1.6455461873563493,0.00019975472074134647
0.0,-16938.31141782422,0.014729323205675778,4.16639577820972,0.0,0.0,0.8795200105178482,4.311855378975067,0.0,1.1846163611612377,0.059764235316182336,5.023280448077688,90.24271106571115,1.6448754161135077,0.0002187074555718643
0.0,-16938.31318574776,0.01473236430008246,4.166395358323278,0.0,0.0,0.8795198016820691,4.311857909541537,0.0,1.1846151994624405,0.059765175689879456,5.023281041885945,90.24276560097854,1.6448744220867837,0.00021875261107633332
