# Time,Potential,Kinetic En.,Box-XX,Box-XY,Box-XZ,Box-YX,Box-YY,Box-YZ,Box-ZX,Box-ZY,Box-ZZ,Volume,Density,Temperature
0.0,-20998.613420197707,0.004204722581534975,4.0979,0.0,0.0,1.0652843457626904,4.228578218819295,0.0,0.780900902728243,0.3114506174139313,5.03468883378414,87.24255160976031,1.7014405720203178,6.243356631883237e-05
0.0,-21001.226005256387,0.004477092602708263,4.096648733707303,0.0,0.0,1.0674984257797837,4.228674945498945,0.0,0.780847515035491,0.31211073385741844,5.036284647893654,87.24555262281952,1.7013820470270933,6.647783593482599e-05
0.0,-21001.22588975844,0.004477091663246467,4.096648704124238,0.0,0.0,1.0674984469078321,4.2286749409765365,0.0,0.7808475106196348,0.31211072302623183,5.036284655687885,87.24555203451129,1.7013820584997361,6.647782198528493e-05
0.0,-21001.22613390528,0.004477091725645514,4.096648704117232,0.0,0.0,1.0674984469131659,4.228674940975806,0.0,0.7808475106179297,0.31211072302367787,5.036284655689441,87.245552034374,1.7013820585024133,6.647782291181337e-05
