# Time,Potential,Kinetic En.,Box-XX,Box-XY,Box-XZ,Box-YX,Box-YY,Box-YZ,Box-ZX,Box-ZY,Box-ZZ,Volume,Density,Temperature
0.0,-9204.57750048007,0.041221028033152377,3.8801000000000005,0.0,0.0,0.0010870783190873152,6.228499905134521,0.0,-0.9992207843933759,-0.0015185026244779079,4.745747102215421,114.69143114718938,1.2802500142271924,0.000258216152022368
