# Time,Potential,Kinetic En.,Box-XX,Box-XY,Box-XZ,Box-YX,Box-YY,Box-YZ,Box-ZX,Box-ZY,Box-ZZ,Volume,Density,Temperature
0.0,-7369.179653014308,0.026360104380489486,3.5974,0.0,0.0,0.0019608075616247807,5.617299657774517,0.0,-0.8748748563143793,-0.0021895068957330068,4.683893807704061,94.65059812782955,1.2457086643752544,0.00022581138411777415
