# Time,Potential,Kinetic En.,Box-XX,Box-XY,Box-XZ,Box-YX,Box-YY,Box-YZ,Box-ZX,Box-ZY,Box-ZZ,Volume,Density,Temperature
0.0,-271075.4089699361,0.04582039313799675,4.0124,0.0,0.0,-0.03846828430993249,5.009152291665952,0.0,-0.23190074926650384,-0.006200417533850654,4.213819127265911,84.69238195759077,1.6027351818510283,0.0004082167845696617
