# Time,Potential,Kinetic En.,Box-XX,Box-XY,Box-XZ,Box-YX,Box-YY,Box-YZ,Box-ZX,Box-ZY,Box-ZZ,Volume,Density,Temperature
0.0,40027.59368884549,0.019120636395223583,3.9720999999999997,0.0,0.0,-0.5786606692555122,4.050676371898496,0.0,-1.2571318383103367,-1.4797153959319658,4.67470785163612,75.21460773154303,1.3460569874052568,0.0001904500181506584
0.0,40026.885505889775,0.02054035194799406,3.972240443680082,0.0,0.0,-0.5790067279941105,4.050723433484952,0.0,-1.2578515273077673,-1.4808784556612713,4.674862992200974,75.2206373056558,1.3459490894844695,0.00020459101467426016
0.0,40026.885096570986,0.020540600511626636,3.972240478775254,0.0,0.0,-0.5790067320279882,4.050723429918745,0.0,-1.2578515932888599,-1.4808785596128526,4.674862963382202,75.22063744030797,1.3459490870750912,0.00020459349047827405
0.0,40026.88485471271,0.020540596785243538,3.9722404804026703,0.0,0.0,-0.5790067312194306,4.050723431219117,0.0,-1.2578516003295388,-1.4808785714821877,4.674862959620984,75.22063743475347,1.3459490871744797,0.00020459345336184582
0.0,40026.88490998783,0.020540594777099967,3.9722404806340816,0.0,0.0,-0.5790067323001488,4.050723432309704,0.0,-1.2578516026534448,-1.4808785728173914,4.674862957985544,75.22063743307251,1.3459490872045576,0.00020459343335984525
0.0,40026.88476121888,0.02054059433838773,3.9722404806369562,0.0,0.0,-0.5790067323006882,4.0507234323149,0.0,-1.2578516026597004,-1.4808785728195093,4.67486295798389,75.2206374331968,1.3459490872023339,0.00020459342899007682
