# Time,Potential,Kinetic En.,Box-XX,Box-XY,Box-XZ,Box-YX,Box-YY,Box-YZ,Box-ZX,Box-ZY,Box-ZZ,Volume,Density,Temperature
0.0,-178098.31000711696,0.014131755610553362,3.9169,0.0,0.0,-0.0021637718412921077,4.132499433525844,0.0,-0.8972893873325325,-0.000469819667499087,4.269020124648031,69.10086578546306,1.3994631826647645,0.00015737588223791759
0.0,-178098.51795379902,0.01501055793676067,3.9172312783477525,0.0,0.0,-0.0017855770304853258,4.132421992904553,0.0,-0.8971291355529103,-0.0006411869072666277,4.269293641286436,69.10984267942783,1.3992814020078956,0.00016716251421847116
0.0,-178098.51967827303,0.015017911940451628,3.917231214653654,0.0,0.0,-0.0017782835175844777,4.132422627469434,0.0,-0.8971258748547547,-0.0006420523709789816,4.269294846994069,69.10987168562504,1.399280814713616,0.00016724441082429566
0.0,-178098.5221706401,0.01501803185767538,3.9172312114142676,0.0,0.0,-0.0017782305371992473,4.1324226350597595,0.0,-0.8971258399810207,-0.0006420693349811136,4.269294856630989,69.1098719114124,1.3992808101420562,0.0001672457462619726
0.0,-178098.52217819012,0.015018034046055563,3.9172312113761865,0.0,0.0,-0.0017782302063572137,4.132422635196388,0.0,-0.897125839965494,-0.0006420695695124631,4.269294856671653,69.10987191368375,1.3992808100960676,0.00016724577063249467
0.0,-178098.52223922525,0.015018035274941034,3.917231211375151,0.0,0.0,-0.0017782302052582275,4.132422635196408,0.0,-0.8971258399656578,-0.000642069570365378,4.26929485667296,69.10987191368697,1.3992808100960024,0.0001672457843177678
