# Time,Potential,Kinetic En.,Box-XX,Box-XY,Box-XZ,Box-YX,Box-YY,Box-YZ,Box-ZX,Box-ZY,Box-ZZ,Volume,Density,Temperature
0.0,-59544.27775944655,0.02731562822347975,3.8507,0.0,0.0,-1.0719392429615224,3.8237907499494637,0.0,-0.7430409240317248,-1.012410600416739,3.9405274521791998,58.021394249719386,1.4436810058264897,0.0003476523741703137
0.0,-59544.27833680061,0.027315641520613155,3.8507000122450328,0.0,0.0,-1.0719392411628155,3.823790747354645,0.0,-0.743040940762416,-1.012410611128792,3.940527461369006,58.021394530164486,1.44368099884849,0.0003476525434060333
0.0,-59544.278339744254,0.02731563000728423,3.850700011077013,0.0,0.0,-1.0719392410980593,3.8237907459535756,0.0,-0.7430409428655393,-1.0124106152368837,3.940527464002638,58.021394530083825,1.4436809988504968,0.0003476523968732096
0.0,-59544.278392925145,0.02731560997587303,3.8507000089659744,0.0,0.0,-1.0719392420257456,3.8237907399112605,0.0,-0.7430409481537389,-1.0124106329224567,3.9405274725161625,58.021394531945845,1.4436809988041666,0.0003476521419287651
