# Time,Potential,Kinetic En.,Box-XX,Box-XY,Box-XZ,Box-YX,Box-YY,Box-YZ,Box-ZX,Box-ZY,Box-ZZ,Volume,Density,Temperature
0.0,-143971.05759604563,0.024069989758424188,3.529,0.0,0.0,0.10270968368526097,4.45741681704519,0.0,0.12132100901067511,1.2101376989498103,5.003818363245521,78.71118344572675,1.3503154750842805,0.00023513274480993938
0.0,-143971.05793505127,0.024070002553308666,3.5289999952412896,0.0,0.0,0.10270969380696833,4.457416796657304,0.0,0.12132099127268131,1.2101376869610598,5.003818359178761,78.71118291559797,1.350315484178809,0.00023513286979945274
0.0,-143971.05800331346,0.024069999437456,3.528999993548398,0.0,0.0,0.10270969613055833,4.457416789430368,0.0,0.1213209838894467,1.2101376823307417,5.0038183572185435,78.71118271938819,1.3503154875448506,0.00023513283936159226
