# Time,Potential,Kinetic En.,Box-XX,Box-XY,Box-XZ,Box-YX,Box-YY,Box-YZ,Box-ZX,Box-ZY,Box-ZZ,Volume,Density,Temperature
0.0,-286969.3289987332,0.03772255207823835,3.7664000000000004,0.0,0.0,-0.005949336794768254,4.260895846578711,0.0,0.001671850856532834,0.010869366402781674,4.789487374635068,76.86283384437291,1.3663467445967559,0.00034622864596089796
0.0,-286969.33901903464,0.03772196057940761,3.76639972126325,0.0,0.0,-0.005948929622845478,4.260896352345188,0.0,0.0016718956610273052,0.01086997770502788,4.789488609208062,76.8628570923572,1.3663463313307278,0.0003462232170111591
0.0,-286969.33914493356,0.03772183459753491,3.7663996396186623,0.0,0.0,-0.005948912108887306,4.260896423526354,0.0,0.0016718436140696353,0.010870008388380136,4.789488613329671,76.86285677638483,1.366346336947585,0.0003462220607125844
