# Time,Potential,Kinetic En.,Box-XX,Box-XY,Box-XZ,Box-YX,Box-YY,Box-YZ,Box-ZX,Box-ZY,Box-ZZ,Volume,Density,Temperature
0.0,60581.68614439419,0.015368126215499638,4.0021,0.0,0.0,0.000646539764827334,3.7043999435787613,0.0,-0.6935618120685453,-0.006178680184152301,5.109539587551053,75.75086097348594,1.428397768148479,0.0001760343554792379
0.0,60581.68419424386,0.015364751583202527,4.002081291354125,0.0,0.0,0.0006324443596381263,3.704395800417884,0.0,-0.6935072993071714,-0.006163442328707766,5.109626770483501,75.7517146502782,1.4283816709547663,0.00017599570071983063
0.0,60581.68347019722,0.015364797169639477,4.002081276768588,0.0,0.0,0.0006324376637748787,3.704395836294561,0.0,-0.6935072880480501,-0.006163424736556341,5.109626812757199,75.75171573456923,1.4283816505092701,0.0001759962228901287
0.0,60581.68348770342,0.015364801561356256,4.0020812748989405,0.0,0.0,0.0006324402456763111,3.7043958533009844,0.0,-0.6935072741294189,-0.006163414727422056,5.109626823834401,75.75171621116992,1.4283816415224415,0.00017599627319509248
0.0,60581.68330783195,0.01536480209479209,4.002081276224967,0.0,0.0,0.0006324344388149455,3.7043958552150595,0.0,-0.6935072714740714,-0.006163408943131563,5.109626823752681,75.75171627419871,1.4283816403339644,0.00017599627930533858
