# Time,Potential,Kinetic En.,Box-XX,Box-XY,Box-XZ,Box-YX,Box-YY,Box-YZ,Box-ZX,Box-ZY,Box-ZZ,Volume,Density,Temperature
0.0,-27330.6003394543,0.046150219682821306,3.7448,0.0,0.0,-0.002212361805447439,4.225299420805021,0.0,0.0010555227663714144,0.001056075581538805,6.047699815680012,95.69215710033505,1.144468705693977,0.00032391430946499114
0.0,-27330.6004679131,0.0461502146417467,3.7448000015882883,0.0,0.0,-0.0022123543130735507,4.2252994251950895,0.0,0.0010555209338384782,0.0010560758308267911,6.047699827580422,95.69215742864388,1.1444687017674362,0.00032391427408322667
