# Time,Potential,Kinetic En.,Box-XX,Box-XY,Box-XZ,Box-YX,Box-YY,Box-YZ,Box-ZX,Box-ZY,Box-ZZ,Volume,Density,Temperature
0.0,-132515.33166932283,0.03253926381470089,4.491,0.0,0.0,0.003279263958608261,4.697198855320892,0.0,-1.7979131867405715,-0.011039111068419299,3.4759294974108985,73.32515006535795,1.3603991311298536,0.00028989436224819505
0.0,-132515.33199253317,0.03253925906468322,4.491000012319316,0.0,0.0,0.0032792690347041905,4.6971988477411735,0.0,-1.7979131832302058,-0.011039102801342425,3.475929494437508,73.32515008545059,1.3603991307570755,0.0002898943199299868
