# Time,Potential,Kinetic En.,Box-XX,Box-XY,Box-XZ,Box-YX,Box-YY,Box-YZ,Box-ZX,Box-ZY,Box-ZZ,Volume,Density,Temperature
0.0,-116813.506173044,0.02138451314861881,4.2495,0.0,0.0,0.0009961466655199246,5.707499913069805,0.0,-0.6255130733497086,-0.0006952496328609769,4.566356743805345,110.75251181247843,1.8641646180056708,0.0001822538093697934
0.0,-116813.71928609007,0.0214256500987104,4.249359443430863,0.0,0.0,0.0008470551644183017,5.7074296565862435,0.0,-0.6254075845317907,-0.0004685990490385931,4.566616049239675,110.75377421037707,1.8641433698133336,0.000182604407291193
0.0,-116813.72469973427,0.021425386898583886,4.249358521575044,0.0,0.0,0.0008433270178365995,5.707429981428071,0.0,-0.6254053739698651,-0.00046359406858567366,4.566616219830524,110.75376062440155,1.8641435984846315,0.00018260216411523895
0.0,-116813.72529327153,0.0214253106153147,4.2493584937433,0.0,0.0,0.0008432165293553105,5.707429954469602,0.0,-0.6254053187201635,-0.0004634738305697075,4.566616211847149,110.75375918225065,1.8641436227580865,0.00018260151397575232
0.0,-116813.72566801228,0.02142531259204172,4.2493584824547845,0.0,0.0,0.0008432002946712396,5.707429947916384,0.0,-0.625405310912361,-0.0004634461162602969,4.566616207195182,110.75375864804059,1.8641436317496032,0.00018260153082280548
0.0,-116813.72573342017,0.02142531631545778,4.249358481525642,0.0,0.0,0.0008431994993945273,5.707429948035485,0.0,-0.6254053106294888,-0.00046344565099446904,4.56661620695368,110.75375862027781,1.8641436322168905,0.00018260156255636687
