# Time,Potential,Kinetic En.,Box-XX,Box-XY,Box-XZ,Box-YX,Box-YY,Box-YZ,Box-ZX,Box-ZY,Box-ZZ,Volume,Density,Temperature
0.0,2078.7716053728104,0.017497190068481498,4.5439,0.0,0.0,1.0962592814738283,4.517590871004422,0.0,2.130895350935889,0.9933822332004394,4.1187113266313675,84.54676915578442,2.125554401822806,0.000215838795504253
0.0,2075.525374647938,0.01976590772905193,4.544873476138166,0.0,0.0,1.0966072003817837,4.517996730813898,0.0,2.1351063169982507,0.9976207436993706,4.118905156947326,84.5764596449514,2.1248082278849743,0.00024382484842362017
0.0,2075.523089873499,0.019766712527582143,4.544872840739732,0.0,0.0,1.0966071583762322,4.517996701040647,0.0,2.13510684445721,0.9976212593385323,4.118905253385129,84.57644924356943,2.1248084891981667,0.0002438347761174216
0.0,2075.5230128092626,0.01976671171952323,4.544872840616526,0.0,0.0,1.0966071588089923,4.517996698516013,0.0,2.1351068450941653,0.9976212595290539,4.118905254744181,84.57644922192219,2.124808489742009,0.0002438347661495089
