# Time,Potential,Kinetic En.,Box-XX,Box-XY,Box-XZ,Box-YX,Box-YY,Box-YZ,Box-ZX,Box-ZY,Box-ZZ,Volume,Density,Temperature
0.0,24652.359039283125,0.028279993520725483,3.6055,0.0,0.0,-0.002036938822051254,5.835399644487105,0.0,-1.2174925823616272,0.0003828754951107641,4.465711069393179,93.95647728051567,1.2637481590063495,0.00023157008587491068
0.0,24651.742468586595,0.029286396606658174,3.6053956626632315,0.0,0.0,-0.0024718690886576813,5.834160866180359,0.0,-1.2187456374377061,-0.0016496672699182484,4.465255225851308,93.9242247675727,1.2641821157832716,0.0002398109947302614
0.0,24651.7395100025,0.02928666050433672,3.6053957030952297,0.0,0.0,-0.002471889674392539,5.834160800971424,0.0,-1.2187457656251595,-0.0016498920592236217,4.465255046852846,93.92422100593227,1.2641821664134336,0.00023981315565041995
0.0,24651.7394707479,0.029286660744132692,3.605395703279182,0.0,0.0,-0.0024718896921999177,5.834160800782635,0.0,-1.2187457656181584,-0.0016498926162076882,4.465255046545554,93.92422100122137,1.2641821664768407,0.00023981315761398384
0.0,24651.7394707479,0.029286661827770892,3.6053957032791835,0.0,0.0,-0.00247188969220087,5.8341608007826355,0.0,-1.2187457656181588,-0.001649892616209092,4.465255046545555,93.92422100122144,1.2641821664768396,0.0002398131664873307
