# Time,Potential,Kinetic En.,Box-XX,Box-XY,Box-XZ,Box-YX,Box-YY,Box-YZ,Box-ZX,Box-ZY,Box-ZZ,Volume,Density,Temperature
0.0,-11605.578831859337,0.017328726885333677,4.412400000000001,0.0,0.0,0.013059923204919152,3.7413772061108577,0.0,-1.2877042833459094,-0.003619301376868154,4.4672066651667395,73.74667030936321,1.7183296865384103,0.00023857220608874586
0.0,-11614.584476433105,0.02241971833289924,4.407052779619169,0.0,0.0,0.012381284223730813,3.741262316953834,0.0,-1.2881911633122622,-0.003939733455011836,4.465491885416151,73.62676447967975,1.7211280948100514,0.00030866212491899856
0.0,-11614.584524034217,0.022420313443272593,4.407052436503304,0.0,0.0,0.01238024150884021,3.7412617536173713,0.0,-1.2881913838958112,-0.003940053618128769,4.465491901576311,73.62674792756766,1.7211284817387957,0.00030867031806530276
