# Time,Potential,Kinetic En.,Box-XX,Box-XY,Box-XZ,Box-YX,Box-YY,Box-YZ,Box-ZX,Box-ZY,Box-ZZ,Volume,Density,Temperature
0.0,65367.825328648374,0.04229151498279092,4.2247,0.0,0.0,-0.0015296414319688114,4.382099733027204,0.0,-1.4376978992486593,-0.0005018512602004937,4.711319362836838,87.22092269444717,1.3903886335780888,0.0003718201831363303
0.0,65367.82408038159,0.042291572912058206,4.2246999886203715,0.0,0.0,-0.0015297717248391029,4.382099790930742,0.0,-1.437697988221492,-0.0005018389860549197,4.711319362728454,87.22092361000972,1.3903886189831072,0.00037182069244111115
0.0,65367.8222262672,0.04229153803022266,4.224699974111881,0.0,0.0,-0.0015297948898690193,4.382099827647315,0.0,-1.437698022777678,-0.0005018256791164601,4.7113193667202165,87.2209241151782,1.3903886109302173,0.00037182038576563534
0.0,65367.82164632599,0.042291530836150414,4.224699969682827,0.0,0.0,-0.001529799053354831,4.38209983292867,0.0,-1.4376980287357335,-0.0005018235251293982,4.711319367650559,87.2209241460814,1.3903886104375893,0.0003718203225165117
0.0,65367.82144479685,0.04229150537464632,4.224699966700312,0.0,0.0,-0.0015298015200855112,4.382099836106403,0.0,-1.4376980339807364,-0.000501822000678572,4.711319367376108,87.22092414267435,1.390388610491901,0.0003718200986630716
0.0,65367.82107205958,0.04229150293203282,4.22469996453705,0.0,0.0,-0.0015298051000466896,4.382099836879723,0.0,-1.437698042191214,-0.0005018127615115085,4.711319370546579,87.2209241721,1.3903886100228269,0.0003718200771880074
