# Time,Potential,Kinetic En.,Box-XX,Box-XY,Box-XZ,Box-YX,Box-YY,Box-YZ,Box-ZX,Box-ZY,Box-ZZ,Volume,Density,Temperature
0.0,-102294.6778372421,0.034304766958942835,3.8101000000000003,0.0,0.0,1.6497445315087866,3.8528561380820925,0.0,1.5958320386777918,-0.2341185917258703,4.289267401239725,62.965446787390114,1.42553449619434,0.00039794705935030386
0.0,-102300.50457197134,0.07970099345346361,3.810366554558396,0.0,0.0,1.652403587369638,3.8517303457126544,0.0,1.5949443103493017,-0.2289509324359656,4.289392877339354,62.95329380855131,1.4258096921295824,0.0009245588524202315
0.0,-102300.50547571098,0.07970336584210187,3.8103665696207396,0.0,0.0,1.6524035893406634,3.8517303890419052,0.0,1.594944328733308,-0.22895077982889436,4.289392852870536,62.953294406468544,1.42580967858754,0.0009245863729418944
