# Time,Potential,Kinetic En.,Box-XX,Box-XY,Box-XZ,Box-YX,Box-YY,Box-YZ,Box-ZX,Box-ZY,Box-ZZ,Volume,Density,Temperature
0.0,-136321.63205343546,0.035511038479050655,3.9531,0.0,0.0,0.0016864069021988572,4.831199705666467,0.0,-0.9217415740992801,0.003401626268172537,4.314231734563608,82.39412762725972,1.3152595435933758,0.000302649959459204
0.0,-136321.871535379,0.03561213512481159,3.9529236983474485,0.0,0.0,0.0016488129996401087,4.831167319539127,0.0,-0.9217195925927012,0.0034499712851340223,4.314216303175011,82.38960598254626,1.3153317266835995,0.00030351157593260165
0.0,-136321.87451388474,0.03561744607242396,3.9529182517093253,0.0,0.0,0.0016493158073480167,4.831168414798483,0.0,-0.921721038681451,0.0034511035313370183,4.31421409588845,82.38946898514709,1.3153339138202302,0.00030355683955057556
0.0,-136321.87890572712,0.03561743502088376,3.952918187339681,0.0,0.0,0.0016493256407169449,4.831168396360816,0.0,-0.9217210727934627,0.0034511094871009576,4.314214055971222,82.38946656677133,1.3153339524291905,0.00030355674536160405
0.0,-136321.87980970374,0.03561744897520933,3.9529181754482954,0.0,0.0,0.0016493178769799786,4.831168395195447,0.0,-0.9217210773104643,0.003451104411745882,4.314214040292633,82.38946599963155,1.3153339614834818,0.00030355686429014707
