# Time,Potential,Kinetic En.,Box-XX,Box-XY,Box-XZ,Box-YX,Box-YY,Box-YZ,Box-ZX,Box-ZY,Box-ZZ,Volume,Density,Temperature
0.0,135770.3881521184,0.01714543556079472,3.9994,0.0,0.0,-0.0024620660501206895,4.702199355432601,0.0,-0.6473396053616807,-0.0003389462557380991,5.295077107129378,99.57909353554268,1.4740831278163289,0.00013425272871940647
