# Time,Potential,Kinetic En.,Box-XX,Box-XY,Box-XZ,Box-YX,Box-YY,Box-YZ,Box-ZX,Box-ZY,Box-ZZ,Volume,Density,Temperature
0.0,-182306.24891591567,0.03047737586237722,3.7932000000000006,0.0,0.0,-0.0007829896050541682,4.486199931671267,0.0,-0.0009199630440552184,-0.0009201236219098417,5.270999839408129,89.69688669167779,1.419469804878351,0.00025974955856649957
