# Time,Potential,Kinetic En.,Box-XX,Box-XY,Box-XZ,Box-YX,Box-YY,Box-YZ,Box-ZX,Box-ZY,Box-ZZ,Volume,Density,Temperature
0.0,-342096.47191800625,0.07241798147312463,4.6844,0.0,0.0,0.0024320114817741488,4.644799363300868,0.0,-0.4707866275614702,-0.005265210931306155,4.486765225511933,97.62347809637131,1.2508460653343678,0.00047439439973928117
0.0,-342098.82419131155,0.07407139317846556,4.684443370407703,0.0,0.0,0.0024286619648541405,4.644784311077707,0.0,-0.4709650875312577,-0.0055231423922044165,4.486246249743755,97.61277357981929,1.2509832369556562,0.00048522553915412666
0.0,-342100.5073866796,0.07514007105651065,4.684539948895319,0.0,0.0,0.0021671976069701695,4.644796625404386,0.0,-0.4707593360811156,-0.00556481481846002,4.485946433555109,97.60852122495994,1.2510377365483134,0.0004922262148172284
0.0,-342100.9308111875,0.07649183366142227,4.684904157998595,0.0,0.0,0.0019526561415782993,4.644879354579424,0.0,-0.47047262321797667,-0.00565541468486019,4.4856086175235,97.61049750158652,1.2510124073398678,0.0005010813167753661
0.0,-342101.1729573424,0.07653933530074036,4.6849129190489744,0.0,0.0,0.0019571101435022116,4.6448701218811665,0.0,-0.47045429735155736,-0.005656453499106438,4.4855944774573935,97.61017831746902,1.251016498135501,0.0005013924896527723
0.0,-342101.2502976342,0.07654086218031068,4.684914267170836,0.0,0.0,0.0019590182624630217,4.6448655303247035,0.0,-0.47043844651487127,-0.005671767624747772,4.485591543712926,97.61004607513605,1.2510181930157613,0.0005014024919077716
