# Time,Potential,Kinetic En.,Box-XX,Box-XY,Box-XZ,Box-YX,Box-YY,Box-YZ,Box-ZX,Box-ZY,Box-ZZ,Volume,Density,Temperature
0.0,-442180.26441099046,0.03937977369853653,4.0244,0.0,0.0,0.0,5.6976,0.0,-1.020280658742413,-0.00798854246355231,4.461928727645194,102.30944423141965,1.373079674285068,0.00030835274243311137
0.0,-442180.26502700883,0.03937980783600268,4.024400038610451,0.0,0.0,-9.863740118609611e-09,5.697599978829743,0.0,-1.0202806596987255,-0.007988540098816619,4.461928733457701,102.3094449661174,1.3730796644247998,0.0003083530097373724
