# Time,Potential,Kinetic En.,Box-XX,Box-XY,Box-XZ,Box-YX,Box-YY,Box-YZ,Box-ZX,Box-ZY,Box-ZZ,Volume,Density,Temperature
0.0,-33796.327517150145,0.027590713882144898,4.0064,0.0,0.0,-0.0018904009810297106,5.415599670062784,0.0,-1.6633535305668532,-0.0013251425321378313,3.928142425669932,85.2291360773471,1.3704948567904502,0.0002560493932033643
0.0,-33796.80084829788,0.028355525659190826,4.007126468033684,0.0,0.0,-0.001487650746105856,5.415257156024733,0.0,-1.6632198528650064,-0.0012875916757730957,3.9278588876885547,85.23304638064643,1.3704319815233117,0.0002631470562889913
0.0,-33796.811985166365,0.02837028431871141,4.007133832325554,0.0,0.0,-0.0014839113321377378,5.415253403701796,0.0,-1.6632188004056574,-0.0012874911449087122,3.927855756147138,85.23307600896935,1.3704315051401614,0.00026328402069777327
0.0,-33796.81280762425,0.028370400470401333,4.007133835280616,0.0,0.0,-0.0014838956131318346,5.4152533688610855,0.0,-1.6632187936965679,-0.0012874868312960374,3.927855758532852,85.23307557522027,1.3704315121142545,0.0002632850986173172
0.0,-33796.813082354194,0.02837036857105139,4.007133827331071,0.0,0.0,-0.001483901989752515,5.415253360091776,0.0,-1.6632187642512746,-0.0012874832604498282,3.9278557376205785,85.2330748143178,1.3704315243485277,0.0002632848025825994
0.0,-33796.81305186775,0.028370362860386595,4.007133827340427,0.0,0.0,-0.0014839020744422144,5.4152533600435495,0.0,-1.6632187641022542,-0.0012874832424165088,3.9278557375893937,85.23307481308106,1.3704315243684126,0.00026328474958606365
0.0,-33796.813112903204,0.028370369716998828,4.0071338273405575,0.0,0.0,-0.0014839020760104894,5.415253360042334,0.0,-1.6632187640959866,-0.001287483246043697,3.9278557375893293,85.2330748130633,1.3704315243686982,0.000263284813217306
