# Time,Potential,Kinetic En.,Box-XX,Box-XY,Box-XZ,Box-YX,Box-YY,Box-YZ,Box-ZX,Box-ZY,Box-ZZ,Volume,Density,Temperature
0.0,-72214.82516569013,0.020936032227314983,3.942,0.0,0.0,0.0,4.3854999999999995,0.0,-1.141721012496091,-0.0034168657056583437,4.759268215246295,82.27652032788868,1.4908334891913333,0.0001998433254944113
0.0,-72214.82892168082,0.02093591021538113,3.942000084896275,0.0,0.0,1.1123421460081051e-07,4.385500090929622,0.0,-1.1417209862041495,-0.0034168675775349613,4.759268295668342,82.27652519606568,1.4908334009809807,0.00019984216083864719
0.0,-72214.84903262621,0.02093586365643698,3.9420000486449385,0.0,0.0,1.698188314866364e-07,4.385500170290199,0.0,-1.1417209695051689,-0.003416824144805941,4.759268275080713,82.27652557241115,1.4908333941616796,0.00019984171641373755
