# Time,Potential,Kinetic En.,Box-XX,Box-XY,Box-XZ,Box-YX,Box-YY,Box-YZ,Box-ZX,Box-ZY,Box-ZZ,Volume,Density,Temperature
0.0,84687.31134413558,0.03089263529993129,4.152900000000001,0.0,0.0,0.0044889162025189226,4.286597649608758,0.0,-0.266668253686206,0.007221129090574599,5.675734304719576,101.03835153027937,1.5694844194746869,0.00023037760422859547
0.0,84686.23495840338,0.03278606614250979,4.153123925533711,0.0,0.0,0.005852459210240702,4.286894385309127,0.0,-0.265823143421947,0.007210241378272141,5.6759514103317485,101.05465955788273,1.5692311387714735,0.00024449760587464265
0.0,84686.23465004511,0.03278709702730371,4.153124152115219,0.0,0.0,0.0058528560537685435,4.286894473910526,0.0,-0.2658229468099052,0.007210171705440423,5.675951326279444,101.05466566323726,1.5692310439642483,0.0002445052935570548
