# Time,Potential,Kinetic En.,Box-XX,Box-XY,Box-XZ,Box-YX,Box-YY,Box-YZ,Box-ZX,Box-ZY,Box-ZZ,Volume,Density,Temperature
0.0,-16897.095836284767,0.034085211942618515,3.8512000000000004,0.0,0.0,-0.7601353157088974,4.3374978111593485,0.0,-0.6628431759412444,-1.3521727299858939,4.361125803320816,72.8507381088155,1.4487633428841422,0.00036150870480327864
0.0,-16898.017222429455,0.039054357806110995,3.851826656745907,0.0,0.0,-0.7587656481806345,4.338988835350103,0.0,-0.6620325828096743,-1.3517154554005477,4.362290692473464,72.90710768523402,1.4476432027693862,0.0004142116038820319
0.0,-16898.018858416883,0.03905691596514764,3.8518263001661097,0.0,0.0,-0.7587653032186488,4.338989263627025,0.0,-0.6620323619421224,-1.35171530497607,4.362290616527288,72.90710686287088,1.4476432190982254,0.0004142387357878441
