# Time,Potential,Kinetic En.,Box-XX,Box-XY,Box-XZ,Box-YX,Box-YY,Box-YZ,Box-ZX,Box-ZY,Box-ZZ,Volume,Density,Temperature
0.0,66600.17948985321,0.03428223889966762,4.5224,0.0,0.0,0.001987423781727983,3.795699479693659,0.0,-1.07045912385156,-0.0014860821820691069,5.764450021964169,98.95065445776234,1.411064532202361,0.0002556551096602417
0.0,66600.1768932261,0.03428216778803405,4.5223999927052585,0.0,0.0,0.0019874211661982492,3.795699452775838,0.0,-1.0704591244445332,-0.001486075944208059,5.764450035432313,98.95065382761759,1.4110645411884049,0.00025565457935495644
0.0,66600.17669723682,0.03428221338455391,4.522399951174228,0.0,0.0,0.0019874218646533854,3.7956994428999566,0.0,-1.0704591247030766,-0.0014860618605302585,5.764450074142057,98.95065332593657,1.4110645483425195,0.0002556549193847695
0.0,66600.17667652888,0.03428221375326494,4.522399950963496,0.0,0.0,0.0019874211511303093,3.7956994429434205,0.0,-1.0704591243577986,-0.0014860617517834295,5.764450074876317,98.95065333506284,1.411064548212376,0.0002556549221343816
0.0,66600.17667652888,0.03428221328289468,4.522399950963503,0.0,0.0,0.001987421151132933,3.7956994429434223,0.0,-1.070459124357798,-0.0014860617517841977,5.76445007487633,98.95065333506327,1.41106454821237,0.0002556549186266597
