# Time,Potential,Kinetic En.,Box-XX,Box-XY,Box-XZ,Box-YX,Box-YY,Box-YZ,Box-ZX,Box-ZY,Box-ZZ,Volume,Density,Temperature
0.0,173695.16843915152,0.038134272123003875,3.8312,0.0,0.0,0.0,5.7156,0.0,-0.30775743434915886,0.0,5.090104686703685,111.46111059306611,1.3869094836509603,0.0002997711579133237
0.0,173695.16856122157,0.038134272538926935,3.8311999999998734,0.0,0.0,-3.377552899159402e-14,5.715599999999985,0.0,-0.3077574343491821,-1.4427249510181e-13,5.09010468670357,111.46111059305962,1.3869094836510412,0.0002997711611828692
0.0,173695.16856122157,0.03813427372718439,3.8311999999998725,0.0,0.0,-3.4656666550489374e-14,5.715599999999985,0.0,-0.30775743434918396,-1.4678341028965817e-13,5.090104686703571,111.4611105930596,1.3869094836510412,0.0002997711705236877
