# Time,Potential,Kinetic En.,Box-XX,Box-XY,Box-XZ,Box-YX,Box-YY,Box-YZ,Box-ZX,Box-ZY,Box-ZZ,Volume,Density,Temperature
0.0,102501.06477560507,0.03392864012394129,4.5122,0.0,0.0,1.638782477301416,4.253634040686839,0.0,1.382329756213112,0.0870823161603682,4.735603141659989,90.89160324673199,1.4744831034494004,0.0002951878943217265
0.0,102501.06479224474,0.03392865167410374,4.512199996226836,0.0,0.0,1.6387824795840458,4.253634039597691,0.0,1.382329749256583,0.08708231811452605,4.735603138086901,90.89160307887514,1.4744831061724473,0.00029518799481111015
0.0,102501.06473073502,0.033928651341179374,4.512199996215201,0.0,0.0,1.6387824795981871,4.253634039616295,0.0,1.3823297492574054,0.0870823181127315,4.735603138086429,90.89160307902921,1.4744831061699477,0.0002951879919145825
