# Time,Potential,Kinetic En.,Box-XX,Box-XY,Box-XZ,Box-YX,Box-YY,Box-YZ,Box-ZX,Box-ZY,Box-ZZ,Volume,Density,Temperature
0.0,-76463.24945116162,0.01344390170803504,4.1817,0.0,0.0,-0.014747304099036986,4.224774261072633,0.0,-0.2780318157293923,-0.013798330666107767,4.585157453731884,81.00477784262465,1.635547712811447,0.00014971571475817607
0.0,-76469.69742118419,0.02101107880524419,4.177981390962133,0.0,0.0,-0.01568734926239708,4.222648444774081,0.0,-0.2783341596118521,-0.014643386895649084,4.584498725654368,80.88039871022345,1.638062883467926,0.00023398628980509495
0.0,-76469.69751266406,0.021011076456482505,4.177981392453411,0.0,0.0,-0.015687357497404564,4.222648439736418,0.0,-0.2783341672594897,-0.014643400986129698,4.584498726782761,80.88039866250885,1.6380628844342848,0.00023398626364851168
0.0,-76469.69754239278,0.021011074541225742,4.17798139288441,0.0,0.0,-0.01568735716562469,4.222648438418432,0.0,-0.278334168661391,-0.01464340077280164,4.5844987270726945,80.88039865072284,1.6380628846729859,0.00023398624231958195
0.0,-76469.69894396598,0.021010981313789062,4.177981435879535,0.0,0.0,-0.015687372852820368,4.222648316097319,0.0,-0.27833423304057303,-0.014643366270425616,4.584498786718977,80.8803981924096,1.6380628939551596,0.00023398520410815933
0.0,-76469.69944175829,0.02101087802061208,4.177981464933472,0.0,0.0,-0.015687374144855257,4.222648198327833,0.0,-0.2783343106326969,-0.014643337455339063,4.584498894828812,80.8803984063953,1.638062889621328,0.0002339840538013394
0.0,-76469.69947220343,0.021010872587670877,4.177981464932633,0.0,0.0,-0.015687374220720297,4.22264819830499,0.0,-0.2783343107485259,-0.014643337378524286,4.584498894899552,80.88039840718953,1.6380628896052425,0.00023398399329831778
