# Time,Potential,Kinetic En.,Box-XX,Box-XY,Box-XZ,Box-YX,Box-YY,Box-YZ,Box-ZX,Box-ZY,Box-ZZ,Volume,Density,Temperature
0.0,2480.885996288159,0.025574205871469573,4.5688,0.0,0.0,1.347254432117036,4.019523601764393,0.0,-1.3323479722025522,-1.8594572516325671,4.339379767929837,79.69010334427979,1.2766666466939955,0.0002531580220995191
0.0,2480.715937992125,0.025573894679388223,4.568852280432718,0.0,0.0,1.3472644703022758,4.019459422025843,0.0,-1.3323319608353195,-1.8593993846499177,4.339429299356509,79.69065241634806,1.2766578504051593,0.00025315494162178294
0.0,2480.7039385325706,0.025573672464918033,4.568857102975024,0.0,0.0,1.3472662516010279,4.019455283594838,0.0,-1.332330679746974,-1.8593941834717775,4.339435254081048,79.69076383685572,1.276656065432109,0.000253152741929795
0.0,2480.7034290087813,0.02557367080647258,4.568857133171467,0.0,0.0,1.3472662542560725,4.01945526258311,0.0,-1.3323306762189584,-1.8593941549356658,4.339435288514525,79.69076457931041,1.2766560535378915,0.00025315272551291096
0.0,2480.703263611462,0.025573657151163363,4.568857131587216,0.0,0.0,1.3472662490292702,4.019455253285565,0.0,-1.332330668174396,-1.8593941623109025,4.339435304988003,79.69076466986625,1.2766560520871757,0.0002531525903395613
0.0,2480.7032920962893,0.025573656668854385,4.56885713152341,0.0,0.0,1.3472662479809339,4.019455252191781,0.0,-1.3323306661651264,-1.8593941632666806,4.339435307367375,79.69076469076325,1.276656051752403,0.00025315258556520443
0.0,2480.7031891619417,0.025573657566443787,4.568857131471986,0.0,0.0,1.3472662478627582,4.019455252091012,0.0,-1.332330665977916,-1.8593941633180933,4.3394353076042105,79.69076469221773,1.2766560517291023,0.00025315259445040533
