# Time,Potential,Kinetic En.,Box-XX,Box-XY,Box-XZ,Box-YX,Box-YY,Box-YZ,Box-ZX,Box-ZY,Box-ZZ,Volume,Density,Temperature
0.0,-221111.49497341536,0.02877348919006048,3.8649000000000004,0.0,0.0,0.0,5.456900000000001,0.0,-0.04028373205478751,-0.0007460060783921849,4.274110100875581,90.14257545845274,1.4146882906851812,0.00024234280866141416
