# Time,Potential,Kinetic En.,Box-XX,Box-XY,Box-XZ,Box-YX,Box-YY,Box-YZ,Box-ZX,Box-ZY,Box-ZZ,Volume,Density,Temperature
0.0,-23478.903006255136,0.0373631223729466,4.6422,0.0,0.0,0.6397522263889626,4.569432469008636,0.0,1.3319923080178597,1.4763863954574827,4.835302983546049,102.56750778935587,1.259406979794018,0.0002773920197249293
0.0,-23479.14693724025,0.03797677948531394,4.642336980871874,0.0,0.0,0.6403360327982552,4.569261740821008,0.0,1.331475661266064,1.4759578559186868,4.834572133993894,102.55119915266344,1.259607262297305,0.00028194794479240696
0.0,-23479.166048954972,0.03797477929547604,4.642335762895179,0.0,0.0,0.6403326576568908,4.56925942183419,0.0,1.3314721038597315,1.4759531144706688,4.834569152450224,102.55105695576616,1.2596090088638427,0.0002819330949441146
0.0,-23479.16665854433,0.037974453598826355,4.642335290146159,0.0,0.0,0.6403326454777941,4.56925918980831,0.0,1.3314716100626076,1.4759526096909812,4.834569290185607,102.55104422668124,1.2596091652120316,0.00028193067690071414
