# Time,Potential,Kinetic En.,Box-XX,Box-XY,Box-XZ,Box-YX,Box-YY,Box-YZ,Box-ZX,Box-ZY,Box-ZZ,Volume,Density,Temperature
0.0,68560.88747681868,0.02574825744261009,4.221800000000001,0.0,0.0,0.0,4.277,0.0,-0.8789243629278296,-0.0017125868404475357,4.826829960885117,87.15632418735473,1.373155913440676,0.00022401646128972178
0.0,68560.88690144826,0.025748232459352084,4.221799995891335,0.0,0.0,-1.0861464981503536e-09,4.277000000292345,0.0,-0.8789243605743887,-0.0017125881519967482,4.826829959959315,87.15632409177447,1.3731559149465515,0.00022401624392895232
0.0,68560.88689635321,0.02574822633496773,4.221799993782511,0.0,0.0,-1.5818630690215413e-09,4.277000000319767,0.0,-0.8789243595396568,-0.0017125879676659502,4.826829959387689,87.15632403847633,1.3731559157862687,0.00022401619064523346
