# Time,Potential,Kinetic En.,Box-XX,Box-XY,Box-XZ,Box-YX,Box-YY,Box-YZ,Box-ZX,Box-ZY,Box-ZZ,Volume,Density,Temperature
0.0,-9319.010603791183,0.03561114472911174,4.6012,0.0,0.0,-0.2632772908570528,4.59396205013918,0.0,-0.09403906909059838,-1.4310121744895785,3.993189354381681,84.40699109645007,1.2876326489365928,0.0003304811915383973
0.0,-9319.010745660926,0.035611114488448975,4.601200004759411,0.0,0.0,-0.26327728141990553,4.593962050332666,0.0,-0.09403907494961627,-1.4310121765166515,3.993189355055291,84.40699120155296,1.2876326473332436,0.00033048091089675155
0.0,-9319.010757065678,0.035611114337946025,4.6012000047608765,0.0,0.0,-0.2632772812978111,4.593962050399765,0.0,-0.09403907509174583,-1.4310121765812631,3.993189355051952,84.4069912027421,1.2876326473151027,0.00033048090950004295
0.0,-9319.010784204862,0.0356111114699118,4.601200004801021,0.0,0.0,-0.26327728129221034,4.593962050435375,0.0,-0.09403907513560592,-1.43101217662105,3.99318935504365,84.40699120395733,1.2876326472965645,0.00033048088288389855
0.0,-9319.010784212762,0.03561111193311941,4.601200004814981,0.0,0.0,-0.2632772812955108,4.593962050430035,0.0,-0.09403907516491597,-1.431012176642407,3.9931893550254642,84.4069912037309,1.2876326473000186,0.0003304808871825923
