# Time,Potential,Kinetic En.,Box-XX,Box-XY,Box-XZ,Box-YX,Box-YY,Box-YZ,Box-ZX,Box-ZY,Box-ZZ,Volume,Density,Temperature
0.0,8410.699717692187,0.022658886811640303,4.2677000000000005,0.0,0.0,0.29489945897063474,3.9129030538845235,0.0,1.24489643506834,-0.07938873529683647,4.68787065677607,78.28320383507895,1.2691969915669603,0.00022265013721262626
0.0,8410.69971767968,0.022658885082633487,4.2676999999886585,0.0,0.0,0.2948994589655928,3.9129030538775584,0.0,1.2448964350731344,-0.07938873530115467,4.687870656770603,78.28320383464026,1.2691969915740726,0.0002226501202231065
0.0,8410.699717678144,0.022658886087785598,4.267699999987112,0.0,0.0,0.2948994589648859,3.912903053876582,0.0,1.244896435073341,-0.07938873530082861,4.687870656770302,78.28320383458734,1.2691969915749306,0.00022265013009990483
