# Time,Potential,Kinetic En.,Box-XX,Box-XY,Box-XZ,Box-YX,Box-YY,Box-YZ,Box-ZX,Box-ZY,Box-ZZ,Volume,Density,Temperature
0.0,-4145.210978430931,0.03694392287598023,3.6321,0.0,0.0,-0.006505294718811793,6.21209659383534,0.0,-0.5582088543586361,0.0024452680244426792,4.3038504743519965,97.1075890489495,1.1931846564779713,0.00032142162968829447
0.0,-4148.298458377132,0.04370444560603805,3.632845647274747,0.0,0.0,-0.0063320175206260975,6.214449845819407,0.0,-0.556579437149956,0.0024811938873470275,4.303947693573899,97.16651308339162,1.1924610815387966,0.0003802399160065767
0.0,-4148.460242253517,0.04414043082711389,3.632868808354427,0.0,0.0,-0.006327851567371009,6.214526526048103,0.0,-0.5565238186641553,0.0024825430624608497,4.3039607348044635,97.16862593851123,1.192435152413251,0.0003840330995498793
0.0,-4148.51802285941,0.044173131184493564,3.632871165723981,0.0,0.0,-0.006322494368790286,6.214526070514608,0.0,-0.5565158049182624,0.0024968373355886953,4.303960756346531,97.16868235500402,1.1924344600810353,0.0003843176010684551
0.0,-4148.518082708861,0.04417268692612156,3.6328711920735937,0.0,0.0,-0.0063226202633183915,6.214526086971017,0.0,-0.5565156877887005,0.0024971434838299868,4.303960724453953,97.16868259706207,1.1924344571105474,0.0003843137359063711
