# Time,Potential,Kinetic En.,Box-XX,Box-XY,Box-XZ,Box-YX,Box-YY,Box-YZ,Box-ZX,Box-ZY,Box-ZZ,Volume,Density,Temperature
0.0,-102701.90206456686,0.013747555766284503,4.2377,0.0,0.0,-0.00929662663616111,3.80468864202226,0.0,-1.7185005523998818,0.056623675954316215,4.250924588924475,68.53820576432054,1.515345429407497,0.0001682387981371841
0.0,-102705.37064851822,0.021034223772825968,4.2374477531648616,0.0,0.0,-0.009159170185038892,3.804783595252043,0.0,-1.717198701073936,0.056544887706740016,4.252398017588417,68.55959192266187,1.5148727396439456,0.00025741103272827363
0.0,-102706.46913645764,0.021458749304633814,4.237463348967794,0.0,0.0,-0.00913855365133226,3.8047399220597056,0.0,-1.7170112227557397,0.05618319930614238,4.252460097749806,68.56005817440827,1.5148624375514554,0.00026260625917173065
0.0,-102706.49149249404,0.02148492562535453,4.237460424462821,0.0,0.0,-0.009146283713916169,3.8047161041509576,0.0,-1.7170202472958587,0.056172265921911685,4.252474919817743,68.55982063375929,1.5148676861271257,0.0002629265977695567
0.0,-102706.49167088437,0.02148480594681696,4.237460425544933,0.0,0.0,-0.009146304660396258,3.8047160390909114,0.0,-1.7170203018627936,0.056172216678254006,4.252474992222499,68.55982064623878,1.5148676858513843,0.0002629251331766017
