# Time,Potential,Kinetic En.,Box-XX,Box-XY,Box-XZ,Box-YX,Box-YY,Box-YZ,Box-ZX,Box-ZY,Box-ZZ,Volume,Density,Temperature
0.0,84995.45363491132,0.04526466093615347,4.2116999999999996,0.0,0.0,0.0015071615916592165,4.317699736950676,0.0,-0.8421293491514125,-0.0004882805517898063,4.402072867511387,80.05106111847127,1.2736460500617681,0.00041149564406664117
0.0,84995.45360434978,0.045264662463973364,4.211699999960931,0.0,0.0,0.0015071615373581646,4.3176997368338785,0.0,-0.842129349174012,-0.00048828047426248026,4.402072867593487,80.05106111705625,1.2736460500842817,0.0004114956579558699
