# Time,Potential,Kinetic En.,Box-XX,Box-XY,Box-XZ,Box-YX,Box-YY,Box-YZ,Box-ZX,Box-ZY,Box-ZZ,Volume,Density,Temperature
0.0,-158214.10620108177,0.05110521437430726,3.9225000000000003,0.0,0.0,-0.0025358934741066996,4.843199336104626,0.0,-0.7786484621080697,-0.00040769941863878594,4.8667036447926355,92.45495621664611,1.3347196855064363,0.0004001656567552936
0.0,-158216.19001934445,0.05464464501873954,3.923285207846023,0.0,0.0,-0.0014746119235954493,4.8442952778351955,0.0,-0.7789296836137845,0.0007573093035176415,4.867673145068121,92.51281510665164,1.3338849319711243,0.0004278802178956754
0.0,-158216.228296621,0.05450729530674939,3.923285033690638,0.0,0.0,-0.0014150502328707018,4.844351413681582,0.0,-0.7788650535724458,0.0007666270790446978,4.867655072842153,92.51353956476473,1.3338744865404832,0.00042680473786146336
0.0,-158216.2302672402,0.05450759429066556,3.9232852934514204,0.0,0.0,-0.0014146593096476898,4.844351621901948,0.0,-0.7788647050323091,0.0007666879084087153,4.867654800796549,92.51354449607685,1.3338744154400681,0.00042680707897472625
0.0,-158216.2303286938,0.05450758826364006,3.9232852928944584,0.0,0.0,-0.0014146582456814613,4.844351621662597,0.0,-0.778864705354301,0.000766688492534392,4.867654800004982,92.51354446332805,1.3338744159122453,0.00042680703178172164
0.0,-158216.23044253179,0.05450751945135966,3.9232852871065886,0.0,0.0,-0.001414652956495989,4.844351625640587,0.0,-0.7788647111953606,0.0007666975467179751,4.867654786334008,92.51354414298743,1.3338744205309654,0.0004268064929656397
