# Time,Potential,Kinetic En.,Box-XX,Box-XY,Box-XZ,Box-YX,Box-YY,Box-YZ,Box-ZX,Box-ZY,Box-ZZ,Volume,Density,Temperature
0.0,36303.296292156985,0.037224067877597695,3.9634,0.0,0.0,-0.0008062373905726951,4.6193999296425154,0.0,-0.05643048319591525,-0.0015559314341394973,4.428840234152013,81.08555288002194,1.426889095512212,0.00034544956079544476
0.0,36303.1854902639,0.03723772689306775,3.9633699701791074,0.0,0.0,-0.0008008232842205036,4.619400608676306,0.0,-0.05642941065834452,-0.001548611483155429,4.4288465731260604,81.08506648800295,1.426897654763602,0.0003455763202057957
0.0,36303.17893254535,0.03723903863642657,3.963368246008214,0.0,0.0,-0.0008006947920639274,4.619400620442939,0.0,-0.05642989691867596,-0.001548277241020151,4.4288464835809656,81.08502978096712,1.426898300717405,0.00034558849354398836
0.0,36303.174675429786,0.037238975805227226,3.9633682156293246,0.0,0.0,-0.0008006435357157752,4.619400533611246,0.0,-0.05642998352522728,-0.001548297306562273,4.428846562133562,81.08502907345857,1.426898313167826,0.0003455879104532233
0.0,36303.17445238284,0.03723897957502512,3.9633682129894976,0.0,0.0,-0.0008006372025644935,4.619400524943493,0.0,-0.056429992987605204,-0.0015482978316287118,4.428846570132553,81.08502901375361,1.426898314218487,0.0003455879454379819
0.0,36303.174546956776,0.03723897691099855,3.963368212448368,0.0,0.0,-0.0008006342161432322,4.619400523464956,0.0,-0.05642999360661357,-0.001548299100787503,4.428846569806789,81.08502897076566,1.4268983149749699,0.0003455879207150845
