# Time,Potential,Kinetic En.,Box-XX,Box-XY,Box-XZ,Box-YX,Box-YY,Box-YZ,Box-ZX,Box-ZY,Box-ZZ,Volume,Density,Temperature
0.0,-186450.3383610087,0.025719077102769883,4.1383,0.0,0.0,-0.0014870204925006589,4.259999740465961,0.0,-0.28723796499367193,-0.0001002649685893646,4.806424798268796,84.73321702155569,1.308964443165511,0.00022611798045874166
