# Time,Potential,Kinetic En.,Box-XX,Box-XY,Box-XZ,Box-YX,Box-YY,Box-YZ,Box-ZX,Box-ZY,Box-ZZ,Volume,Density,Temperature
0.0,-15579.651312941021,0.020733709565900156,3.9058,0.0,0.0,-1.2001126125975785,4.03083641532179,0.0,-0.23764853076358539,-1.9776740010087388,4.097494932463004,64.5094886872918,1.2918487312601272,0.0002340176499871161
0.0,-15579.666791172516,0.020692123423751325,3.906312523092032,0.0,0.0,-1.1998466480799,4.030789143252195,0.0,-0.2374804599525331,-1.9778115119100217,4.097982269006892,64.52487041578033,1.2915407745559224,0.00023354827468180628
0.0,-15579.666704722244,0.02069205601243939,3.9063128715765028,0.0,0.0,-1.1998464714320376,4.030788925880166,0.0,-0.23748028520673908,-1.9778115002991492,4.097982679644589,64.52487915809601,1.2915405995682694,0.0002335475138224554
0.0,-15579.6667657574,0.020692055238928697,3.9063128715765028,0.0,0.0,-1.1998464714320376,4.030788925880166,0.0,-0.23748028520673908,-1.9778115002991492,4.097982679644589,64.52487915809601,1.2915405995682694,0.00023354750509197936
