# Time,Potential,Kinetic En.,Box-XX,Box-XY,Box-XZ,Box-YX,Box-YY,Box-YZ,Box-ZX,Box-ZY,Box-ZZ,Volume,Density,Temperature
0.0,-105573.43934088356,0.023749455169879995,3.7912,0.0,0.0,0.0,5.3955,0.0,-0.9131534799937928,0.0015798371002363964,4.4328229195502455,90.67525283189732,1.4738979699015382,0.00019836131279604949
0.0,-105573.44052745082,0.023749417342471362,3.7911999177523454,0.0,0.0,1.458837286463416e-07,5.395500212068734,0.0,-0.9131534176625838,0.001580008365420836,4.432822823414159,90.6752524622191,1.4738979759105424,0.00019836099685219383
0.0,-105573.44059676553,0.023749442061464315,3.7911999131419516,0.0,0.0,1.4727073124035094e-07,5.395500301228269,0.0,-0.9131534442958232,0.0015800357936512038,4.432822826022797,90.67525390370169,1.4738979524796925,0.00019836120331132555
0.0,-105573.4410484965,0.02374945509028223,3.791199916499514,0.0,0.0,1.4895413673509494e-07,5.3955003426539445,0.0,-0.9131534544976617,0.0015800502851931015,4.432822829325221,90.67525474774617,1.473897938760013,0.0001983613121312293
0.0,-105573.44113693021,0.023749454105727937,3.791199916571267,0.0,0.0,1.4723679347927933e-07,5.395500352035487,0.0,-0.9131534549177335,0.0015800540478756405,4.432822830441778,90.67525492996552,1.4738979357980946,0.00019836130390798876
0.0,-105573.44119991727,0.02374945120899685,3.791199916753771,0.0,0.0,1.4677920310807546e-07,5.395500355721774,0.0,-0.913153454578912,0.001580054464002782,4.4328228305857,90.67525499922519,1.4738979346723002,0.00019836127971377559
