# Time,Potential,Kinetic En.,Box-XX,Box-XY,Box-XZ,Box-YX,Box-YY,Box-YZ,Box-ZX,Box-ZY,Box-ZZ,Volume,Density,Temperature
0.0,-4080.250711512966,0.01368614228346873,4.6003,0.0,0.0,0.0,3.9176,0.0,-0.8744115375462683,0.0031821538469157295,4.473440504455477,80.62094993832804,1.8752178924640428,0.00014251641245736937
0.0,-4080.251117834735,0.013686106259974596,4.600299990454396,0.0,0.0,-3.126620660190114e-08,3.9175999658064593,0.0,-0.8744115784208492,0.003182259325502971,4.473440492449284,80.62094885098806,1.8752179177552284,0.00014251603733784763
0.0,-4080.251582734417,0.013686100247261534,4.600299992307064,0.0,0.0,-3.9398223763272e-08,3.917599956056094,0.0,-0.8744115894249325,0.003182287540924977,4.473440487770766,80.62094859848503,1.8752179236283695,0.0001425159747263186
