# Time,Potential,Kinetic En.,Box-XX,Box-XY,Box-XZ,Box-YX,Box-YY,Box-YZ,Box-ZX,Box-ZY,Box-ZZ,Volume,Density,Temperature
0.0,-180520.50610096366,0.037371366089910506,4.3687,0.0,0.0,0.0008140564655835361,4.664199928960172,0.0,-1.8075649504026199,-0.003499984250137871,3.981058846611819,81.12000669164067,1.4515664335639147,0.0003715891377974048
