# Time,Potential,Kinetic En.,Box-XX,Box-XY,Box-XZ,Box-YX,Box-YY,Box-YZ,Box-ZX,Box-ZY,Box-ZZ,Volume,Density,Temperature
0.0,-38544.27086545202,0.035266333147023175,4.255400000000001,0.0,0.0,-0.0006641152303044036,3.8050999420450133,0.0,-1.8221640789806093,0.0005071116887181306,4.362437976878351,70.63756546269,1.1694042646341218,0.00034450657418078534
0.0,-38544.274504357716,0.03526206246798498,4.255403702239168,0.0,0.0,-0.0006639985858490683,3.80510108221717,0.0,-1.8221653117361278,0.000507550783722785,4.362440106099826,70.63768256100455,1.1694023260757853,0.00034446485515661745
0.0,-38544.27549823256,0.03526200841862134,4.255403740117608,0.0,0.0,-0.0006639981073026854,3.8051010911200875,0.0,-1.8221653011410979,0.0005075470052868041,4.362440127687827,70.63768370460006,1.1694023071436348,0.0003444643271640693
