# Time,Potential,Kinetic En.,Box-XX,Box-XY,Box-XZ,Box-YX,Box-YY,Box-YZ,Box-ZX,Box-ZY,Box-ZZ,Volume,Density,Temperature
0.0,15912.589277433988,0.0324162417822905,4.5947000000000005,0.0,0.0,-0.0037986037029374767,3.6273980110555706,0.0,-0.3722967522288441,-0.005060581089209794,6.679931407492064,111.33311846653395,1.7591960040421735,0.0003085452469761391
0.0,15912.588179005334,0.032416302920633376,4.594700006624628,0.0,0.0,-0.003798604564891585,3.62739801271872,0.0,-0.37229675699250764,-0.005060571196384659,6.679931388014654,111.33311835347342,1.7591960058286646,0.00030854582890495213
0.0,15912.587988134597,0.03241623574066948,4.594700054149571,0.0,0.0,-0.0037986131714090967,3.62739804635623,0.0,-0.372296752930598,-0.005060526328473341,6.6799313938521205,111.33312063474318,1.7591959697818833,0.00030854518947060026
0.0,15912.587718028797,0.032416208617126754,4.594700072641895,0.0,0.0,-0.003798622430920874,3.6273980572178766,0.0,-0.3722967520590655,-0.005060514525860168,6.679931395321839,111.33312144069068,1.7591959570469526,0.00030854493130248056
