# Time,Potential,Kinetic En.,Box-XX,Box-XY,Box-XZ,Box-YX,Box-YY,Box-YZ,Box-ZX,Box-ZY,Box-ZZ,Volume,Density,Temperature
0.0,-50684.44904826206,0.02165840778737588,4.2141,0.0,0.0,-1.7501086030476214,3.9069272936079456,0.0,-0.8646229982632128,-1.0744526139923805,4.092150234431682,67.3739074913805,1.3632881731193043,0.00022407808267212168
