# Time,Potential,Kinetic En.,Box-XX,Box-XY,Box-XZ,Box-YX,Box-YY,Box-YZ,Box-ZX,Box-ZY,Box-ZZ,Volume,Density,Temperature
0.0,-80300.05359190966,0.0341669855434023,3.7997,0.0,0.0,-0.18569451395366132,4.393877830286991,0.0,-0.24911637375954915,-1.2920472442764044,5.0620739861130675,84.51343907844903,1.2490718025196692,0.00036527500586806843
0.0,-80300.05374162052,0.034166975897360674,3.7997000254761946,0.0,0.0,-0.185694484145975,4.3938778393421565,0.0,-0.24911639969380697,-1.2920472298795482,5.062073969696777,84.51343954518747,1.2490717956214785,0.00036527490274343346
0.0,-80300.05380426558,0.034166979770963536,3.7997000294542875,0.0,0.0,-0.1856944842903934,4.393877842320131,0.0,-0.24911640092183257,-1.2920472293574745,5.062073968598292,84.51343967260853,1.2490717937382507,0.0003652749441556413
0.0,-80300.05380766305,0.034166978898014004,3.79970002965386,0.0,0.0,-0.18569448425689178,4.393877842708201,0.0,-0.2491164011408874,-1.292047229496634,5.062073968517357,84.51343968316048,1.2490717935822973,0.00036527493482304613
0.0,-80300.05380763365,0.034166978649519196,3.7997000296680445,0.0,0.0,-0.18569448427176502,4.393877842738492,0.0,-0.24911640118312087,-1.2920472295014733,5.062073968508743,84.5134396839148,1.249071793571149,0.000365274932166419
