# Time,Potential,Kinetic En.,Box-XX,Box-XY,Box-XZ,Box-YX,Box-YY,Box-YZ,Box-ZX,Box-ZY,Box-ZZ,Volume,Density,Temperature
0.0,-11500.70044749729,0.01563897009986126,4.2924,0.0,0.0,0.007579054907574549,5.428094708820648,0.0,0.0034732920370874466,-0.012508694174697466,3.9800788282159023,92.73406050025588,2.0053027399478225,0.00017811891707889113
0.0,-11500.70055499078,0.015638966667953766,4.2923999983614545,0.0,0.0,0.007579042130200002,5.428094695350112,0.0,0.003473290305242969,-0.012508687391865775,3.980078832356063,92.73406033118837,2.005302743603777,0.00017811887799142935
