# Time,Potential,Kinetic En.,Box-XX,Box-XY,Box-XZ,Box-YX,Box-YY,Box-YZ,Box-ZX,Box-ZY,Box-ZZ,Volume,Density,Temperature
0.0,-179323.50161931734,0.025736131401119026,4.023700000000001,0.0,0.0,-0.5787316287084315,4.071474359729224,0.0,-1.1873073455022722,-0.7096162961635424,4.515808940769692,73.97974947060314,1.367089588502592,0.0002866060308612628
0.0,-179323.50178411568,0.025736097266907877,4.023700017925051,0.0,0.0,-0.5787316455421463,4.071474343742682,0.0,-1.1873073403720895,-0.7096162645611878,4.515808988193708,73.97975028661227,1.367089573423363,0.00028660565073145147
