# Time,Potential,Kinetic En.,Box-XX,Box-XY,Box-XZ,Box-YX,Box-YY,Box-YZ,Box-ZX,Box-ZY,Box-ZZ,Volume,Density,Temperature
0.0,160651.20967316863,0.014625535678743464,4.264500000000001,0.0,0.0,0.0,3.7539000000000002,0.0,-0.1431410234876338,0.0019215725608367552,5.503038339404316,88.09542530125515,1.4809690610684898,0.0001375437970008516
0.0,160651.20348706568,0.014741036958932916,4.264610282566922,0.0,0.0,-2.168867380655375e-06,3.7538730506916673,0.0,-0.14296853655904418,0.0020971159139005,5.5031704474879595,88.099185940404,1.480905843796164,0.0001386300125750822
0.0,160651.20340408644,0.014741025795964006,4.264610285208867,0.0,0.0,-2.1580265511756007e-06,3.753873043217874,0.0,-0.14296853228729048,0.0020971326147347855,5.503170491405886,88.09918652265384,1.4809058340088184,0.00013862990759450826
0.0,160651.20342811648,0.01474102360193964,4.2646102851141965,0.0,0.0,-2.158167362893267e-06,3.7538730430886385,0.0,-0.14296853218238742,0.002097132800928677,5.503170492070759,88.09918652830893,1.4809058339137589,0.00013862988696111412
