# Time,Potential,Kinetic En.,Box-XX,Box-XY,Box-XZ,Box-YX,Box-YY,Box-YZ,Box-ZX,Box-ZY,Box-ZZ,Volume,Density,Temperature
0.0,-14766.029977250479,0.018830353111886203,3.7132,0.0,0.0,-0.25244881068562275,4.865755531054084,0.0,-0.41928054352834776,-1.9318221033396923,4.5259267147034965,81.77228699616855,1.3887526340494645,0.00017974372341687925
0.0,-14766.03291150937,0.018829689093686187,3.7131961096309443,0.0,0.0,-0.2524488203162838,4.865756972367114,0.0,-0.41928302655204935,-1.9318234084096821,4.525929235968062,81.77227109743494,1.388752904060409,0.00017973738508095014
0.0,-14766.034474103735,0.018829703620256377,3.71319606480744,0.0,0.0,-0.2524488231248807,4.865757005531478,0.0,-0.41928306036230045,-1.9318234359839734,4.525929268327785,81.77227125233723,1.3887529014296762,0.00017973752374323643
0.0,-14766.034901366656,0.018829670919473854,3.713196063029218,0.0,0.0,-0.25244885322346483,4.865757011303328,0.0,-0.41928309277415343,-1.9318234437141677,4.525929307193706,81.77227201238726,1.3887528885216125,0.0001797372116003693
0.0,-14766.034920420958,0.018829631464895177,3.713196047069389,0.0,0.0,-0.25244892053143736,4.865757048212831,0.0,-0.41928317010116384,-1.931823404799933,4.525929303892069,81.77227222155508,1.3887528849692787,0.00017973683498964752
0.0,-14766.034999205553,0.01882962932418142,3.7131960471296264,0.0,0.0,-0.25244892092769494,4.86575704874046,0.0,-0.419283171483791,-1.9318234041531264,4.52592930393549,81.77227223253328,1.388752884782834,0.00017973681455562488
0.0,-14766.034995318625,0.018829630021080422,3.713196047133313,0.0,0.0,-0.25244892094647475,4.865757048816591,0.0,-0.4192831715261519,-1.9318234040626423,4.525929303979807,81.77227223469461,1.388752884746128,0.00017973682120782201
