# Time,Potential,Kinetic En.,Box-XX,Box-XY,Box-XZ,Box-YX,Box-YY,Box-YZ,Box-ZX,Box-ZY,Box-ZZ,Volume,Density,Temperature
0.0,-8949.507807390219,0.02274033416745835,3.7179,0.0,0.0,0.6919983022337867,4.157503390221775,0.0,0.2268173439477652,0.002353320648624604,4.27088070125664,66.01577967822203,1.3455222566317844,0.0002713326929344032
