# Time,Potential,Kinetic En.,Box-XX,Box-XY,Box-XZ,Box-YX,Box-YY,Box-YZ,Box-ZX,Box-ZY,Box-ZZ,Volume,Density,Temperature
0.0,-40324.16716326989,0.029688305639198217,4.159000000000001,0.0,0.0,-1.476173327910308,4.272578667030745,0.0,-0.5334330368782236,-0.6449235851330748,3.8975515037656625,69.25814430454528,1.442847111413758,0.0003148749943963504
0.0,-40324.17175832258,0.029688373775939844,4.158999801165316,0.0,0.0,-1.4761734544586693,4.272578705386536,0.0,-0.5334330113153204,-0.644923595679344,3.8975518049044835,69.25814696630853,1.4428470559615463,0.00031487571705652505
0.0,-40324.174566205824,0.029688311294018242,4.158999762440963,0.0,0.0,-1.4761734522817276,4.2725787160349515,0.0,-0.5334330058388781,-0.6449235749824132,3.8975518689983084,69.25814763298251,1.4428470420728037,0.0003148750543715287
