# Time,Potential,Kinetic En.,Box-XX,Box-XY,Box-XZ,Box-YX,Box-YY,Box-YZ,Box-ZX,Box-ZY,Box-ZZ,Volume,Density,Temperature
0.0,28801.18309710551,0.012354295591322565,3.7607999999999997,0.0,0.0,0.005425215003847347,4.440596685924332,0.0,-0.07650886327619381,0.002826032461063977,5.218238385449703,87.1456038974391,2.044444622768477,0.00013819570551174972
0.0,28791.64911625409,0.015907555039090537,3.764969534922795,0.0,0.0,0.00927973191556947,4.445006569200024,0.0,-0.07852470591041728,-0.0013763819789248738,5.218503063135576,87.33328901833757,2.040050973559709,0.00017794262532767885
0.0,28791.130866955104,0.016301611209438557,3.765276806925397,0.0,0.0,0.009475386819807986,4.445345566152795,0.0,-0.07834601657604126,-0.0013526674746412299,5.218662691143648,87.34974942045608,2.039666541325045,0.00018235055535249973
0.0,28791.08999782204,0.016303041116717876,3.7652938698383243,0.0,0.0,0.009464208363559845,4.445350687748803,0.0,-0.07833600273552742,-0.001381417105306859,5.218729549079593,87.35136496878012,2.03962881804661,0.00018236655035956597
0.0,28791.06729180918,0.016299710752922456,3.7652922960842807,0.0,0.0,0.009461150427304945,4.445356617606466,0.0,-0.07834104105885219,-0.0013798001858248564,5.2187372287348195,87.35157352366649,2.039623948362651,0.000182329296760531
0.0,28791.056683970215,0.016297295805893546,3.7652899845920635,0.0,0.0,0.009459850477420382,4.44536050107301,0.0,-0.0783427237350836,-0.0013797681763079088,5.218741039270567,87.35165999038236,2.0396219294017697,0.00018230228305457207
0.0,28791.056563894435,0.016297279343228024,3.765289978043774,0.0,0.0,0.00945985750849116,4.445360503417291,0.0,-0.07834272799713608,-0.0013797655353260726,5.218741048853785,87.35166004493726,2.039621928127937,0.00018230209890245596
