# Time,Potential,Kinetic En.,Box-XX,Box-XY,Box-XZ,Box-YX,Box-YY,Box-YZ,Box-ZX,Box-ZY,Box-ZZ,Volume,Density,Temperature
0.0,107822.47045548967,0.03552182067429717,4.1747000000000005,0.0,0.0,-0.016446776676822854,4.487269859673802,0.0,-0.9755269894200005,-0.7874106475382344,4.73411859326069,88.68426956557795,1.2605890675391225,0.00032550804022118973
0.0,107822.07015077566,0.03646970646713951,4.174432479327856,0.0,0.0,-0.016327283920935895,4.487695624080491,0.0,-0.975781943272904,-0.7875276459524101,4.7337277786036305,88.6796792599908,1.2606543191174784,0.0003341940940586518
0.0,107822.06843494026,0.036469994615371586,4.174432649459386,0.0,0.0,-0.01632711091612557,4.487695629081786,0.0,-0.9757821186662117,-0.7875277085928803,4.733727517942439,88.6796780898956,1.260654335751341,0.0003341967345360974
0.0,107822.06843493304,0.036469994431004044,4.174432649458864,0.0,0.0,-0.016327110912813702,4.48769562907645,0.0,-0.9757821186671841,-0.7875277085978493,4.733727517933113,88.67967808960437,1.2606543357554811,0.0003341967328466255
