# Time,Potential,Kinetic En.,Box-XX,Box-XY,Box-XZ,Box-YX,Box-YY,Box-YZ,Box-ZX,Box-ZY,Box-ZZ,Volume,Density,Temperature
0.0,-41108.88840640783,0.026485754086595335,5.033100000000001,0.0,0.0,-0.0007126179299710598,4.082999937812354,0.0,-0.03197139160280277,-0.0014926354822899297,4.259979766637197,87.54321036605468,1.3030352455460377,0.0002370166680861106
0.0,-41108.890530539175,0.02648414037567684,5.033099521111964,0.0,0.0,-0.0007130094477098311,4.083003469879063,0.0,-0.03196880811515874,-0.001493635226564914,4.259979510550783,87.54327250459612,1.303034320646759,0.00023700222725184532
0.0,-41108.89232815696,0.026484049889510017,5.033099500787706,0.0,0.0,-0.0007131232321633912,4.083003444665995,0.0,-0.031968345920488354,-0.0014937368906498532,4.259979632347645,87.54327411344033,1.3030342966999822,0.0002370014175059835
