# Time,Potential,Kinetic En.,Box-XX,Box-XY,Box-XZ,Box-YX,Box-YY,Box-YZ,Box-ZX,Box-ZY,Box-ZZ,Volume,Density,Temperature
0.0,4916.889800501337,0.017049986266321735,4.3268,0.0,0.0,-1.4805525252628853,3.914036063954661,0.0,-1.784997623908407,-1.4813202327078203,3.75808189650143,63.64406110345603,1.5512553686260555,0.00021699915361869318
