# Time,Potential,Kinetic En.,Box-XX,Box-XY,Box-XZ,Box-YX,Box-YY,Box-YZ,Box-ZX,Box-ZY,Box-ZZ,Volume,Density,Temperature
0.0,38927.659797912595,0.022636817115799297,3.9007,0.0,0.0,0.0,3.8272,0.0,-1.6213180602748922,0.004051432278430837,4.350292644561163,64.94447064413798,1.1743674701927322,0.00025723576201707024
0.0,38927.65976329349,0.022636818084862537,3.9007000003071517,0.0,0.0,5.15420705549936e-10,3.827200000917131,0.0,-1.621318062129018,0.004051430072383406,4.350292644338989,64.94447066149806,1.1743674698788162,0.0002572357730291184
