# Time,Potential,Kinetic En.,Box-XX,Box-XY,Box-XZ,Box-YX,Box-YY,Box-YZ,Box-ZX,Box-ZY,Box-ZZ,Volume,Density,Temperature
0.0,-248986.9053233159,0.05126335506435411,6.3784,0.0,0.0,0.008514199553044152,4.434791826952644,0.0,-0.3161714570799269,-0.00334156327407872,3.7573193640789766,106.28282765436478,1.5426666474581985,0.0003358150566983293
0.0,-248986.90641803588,0.05126335570916924,6.378399984662516,0.0,0.0,0.00851421049315258,4.434791826510045,0.0,-0.31617144808702025,-0.0033415364974040494,3.7573193849436963,106.2828279783879,1.5426666427550901,0.00033581506092237256
0.0,-248986.90658174473,0.051263370002715886,6.378399985901569,0.0,0.0,0.008514212707353355,4.434791825670569,0.0,-0.31617144546409737,-0.0033415346593550286,3.7573193904926145,106.28282813587712,1.5426666404691762,0.00033581515455627874
