# Time,Potential,Kinetic En.,Box-XX,Box-XY,Box-XZ,Box-YX,Box-YY,Box-YZ,Box-ZX,Box-ZY,Box-ZZ,Volume,Density,Temperature
0.0,-92693.74242086729,0.013075933508221928,3.9479,0.0,0.0,-0.010767443955881676,3.6289840261636117,0.0,-1.3514246145994726,0.008542116991745426,4.00872332585974,57.43244206855393,1.38775709120401,0.00017620989550878944
0.0,-92693.755793334,0.013028469212985961,3.9479409085940995,0.0,0.0,-0.010660584409325023,3.62912536604976,0.0,-1.3514521849275263,0.008564851337097463,4.008860649491665,57.437241578122546,1.3876411289249182,0.00017557027169159362
0.0,-92693.75608467127,0.013028440523736133,3.947940919530378,0.0,0.0,-0.01066055079938955,3.6291254004365148,0.0,-1.3514522031905944,0.008564848239600428,4.008860657054307,57.437242389815424,1.387641109315021,0.00017556988507830048
0.0,-92693.75603891535,0.013028440967218904,3.947940919304882,0.0,0.0,-0.01066055000030426,3.6291254005199223,0.0,-1.3514522032550704,0.008564848336027633,4.008860657155718,57.43724238930779,1.387641109327285,0.00017556989105462737
0.0,-92693.75650545809,0.013028426794448787,3.947940926869773,0.0,0.0,-0.010660538147548575,3.629125383281304,0.0,-1.351452223041647,0.008564846303248245,4.008860669000654,57.43724239624478,1.3876411091596925,0.00017556970006387784
0.0,-92693.75650545466,0.013028426574459614,3.9479409268920156,0.0,0.0,-0.010660538131361101,3.6291253832644492,0.0,-1.3514522230375283,0.008564846289908728,4.008860669007914,57.437242396405644,1.3876411091558063,0.00017556969709932703
0.0,-92693.75650545466,0.013028424548886558,3.9479409268920156,0.0,0.0,-0.010660538131361101,3.6291253832644492,0.0,-1.3514522230375283,0.008564846289908699,4.008860669007914,57.437242396405644,1.3876411091558063,0.00017556966980291898
