# Time,Potential,Kinetic En.,Box-XX,Box-XY,Box-XZ,Box-YX,Box-YY,Box-YZ,Box-ZX,Box-ZY,Box-ZZ,Volume,Density,Temperature
0.0,-590.6879075707434,0.02558120477920947,5.346,0.0,0.0,-0.021082608367210275,4.026444805734264,0.0,0.0,-0.0028815080468069017,4.127398994150115,88.84380671339402,1.2718292940369766,0.0002374005975019878
0.0,-590.690164482334,0.025581202362518655,5.346000440973784,0.0,0.0,-0.021082564796143784,4.026444885371923,0.0,-1.7236552576260697e-07,-0.0028816396382344064,4.127398786773481,88.84381133517559,1.271829227874606,0.0002374005750744341
0.0,-590.6915237424535,0.025581216942913352,5.346000440256014,0.0,0.0,-0.02108256157811568,4.026444895047001,0.0,-2.0267964802644776e-07,-0.0028816608812473853,4.127398758828112,88.84381093519387,1.2718292336004795,0.00023740071038449642
