# Time,Potential,Kinetic En.,Box-XX,Box-XY,Box-XZ,Box-YX,Box-YY,Box-YZ,Box-ZX,Box-ZY,Box-ZZ,Volume,Density,Temperature
0.0,179401.27653019506,0.015706720636997323,4.6732000000000005,0.0,0.0,-0.006298890680132078,4.009995052861812,0.0,-0.18775759265168473,-0.004167888672989229,3.693628605464504,69.21678605534264,1.3449466058875477,0.00017991278866760516
0.0,179401.2764691599,0.015706720298476015,4.6732000000000005,0.0,0.0,-0.006298890680132078,4.009995052861812,0.0,-0.18775759265168473,-0.004167888672989229,3.693628605464504,69.21678605534264,1.3449466058875477,0.00017991278479000946
