# Time,Potential,Kinetic En.,Box-XX,Box-XY,Box-XZ,Box-YX,Box-YY,Box-YZ,Box-ZX,Box-ZY,Box-ZZ,Volume,Density,Temperature
0.0,109464.9079718048,0.02951211152968683,3.8651000000000004,0.0,0.0,0.0,4.847300000000001,0.0,-0.8446156299683567,-0.0007932346877113051,4.465729483342211,83.66677815064965,1.4721527504308751,0.00028170564729833515
0.0,109464.90728329547,0.029512074786027426,3.865100001432053,0.0,0.0,4.045406985819328e-09,4.847300132613122,0.0,-0.844615747438304,-0.0007931219150092993,4.465729439560012,83.66677965034387,1.4721527240431145,0.00028170529656449
