# Time,Potential,Kinetic En.,Box-XX,Box-XY,Box-XZ,Box-YX,Box-YY,Box-YZ,Box-ZX,Box-ZY,Box-ZZ,Volume,Density,Temperature
0.0,-407351.8355055317,0.02864769710682138,3.9169,0.0,0.0,-0.1626914298067227,4.015705728594595,0.0,-0.612278520118245,-1.0268542060602164,5.617284313909903,88.35492651169385,1.474925862085157,0.00022787870354418628
0.0,-407352.58789406484,0.029199279735207747,3.9167028437226037,0.0,0.0,-0.16265307108251775,4.015491484494236,0.0,-0.6114605484730112,-1.0275148713055149,5.618932485107204,88.37168714288573,1.4746461266946829,0.00023226627905454904
0.0,-407352.58823222294,0.02920032327426009,3.9167017440244765,0.0,0.0,-0.1626531628239896,4.015491282207459,0.0,-0.6114592118331287,-1.027515061617887,5.618932619144465,88.3716599868491,1.4746465798438513,0.00023227457990768424
