# Time,Potential,Kinetic En.,Box-XX,Box-XY,Box-XZ,Box-YX,Box-YY,Box-YZ,Box-ZX,Box-ZY,Box-ZZ,Volume,Density,Temperature
0.0,57534.762612252984,0.03327790671928306,4.4553,0.0,0.0,0.002105181140979406,4.020599448864854,0.0,-2.1815500599528477,-0.00205162585166417,4.021261634953773,72.0327660701627,1.372568233449053,0.000352946403176396
0.0,57531.85675715712,0.03505303908640061,4.45453059629232,0.0,0.0,0.0005597492468113324,4.018609018679786,0.0,-2.1824017570509695,-0.003729593480517738,4.019485383427057,71.952875489614,1.3740922208125428,0.0003717735063779654
0.0,57531.81216590004,0.0365756549882971,4.453748796676688,0.0,0.0,0.0002668945424404571,4.017713060766678,0.0,-2.1822221594156446,-0.003408459652160263,4.019241595433456,71.91984572944574,1.3747232835747358,0.00038792241293410256
0.0,57531.80971297896,0.03657685543097259,4.453748859928867,0.0,0.0,0.00026670837575956024,4.0177128816873235,0.0,-2.182221841097392,-0.0034083838846363664,4.019241468246253,71.91984126933446,1.3747233688282448,0.0003879351448624689
0.0,57531.809643634144,0.036576831234851524,4.453748859726403,0.0,0.0,0.00026669429935321007,4.017712862172604,0.0,-2.182221780418149,-0.003408377407006972,4.019241429334487,71.91984022045541,1.3747233888772121,0.00038793488823773666
0.0,57531.80964242583,0.0365768381884501,4.453748859517149,0.0,0.0,0.00026669112745564684,4.017712861065889,0.0,-2.18222177360895,-0.003408374950064779,4.019241423007368,71.91984008404866,1.3747233914845811,0.00038793496198779643
