# Time,Potential,Kinetic En.,Box-XX,Box-XY,Box-XZ,Box-YX,Box-YY,Box-YZ,Box-ZX,Box-ZY,Box-ZZ,Volume,Density,Temperature
0.0,-489900.9211446837,0.029482511451368237,4.558800000000001,0.0,0.0,-0.004869083429341751,3.9853970256458218,0.0,-0.6453471650846604,-0.006397896791985038,4.54581566536016,82.59123360100594,1.6538403728652773,0.00030307103289146985
