# Time,Potential,Kinetic En.,Box-XX,Box-XY,Box-XZ,Box-YX,Box-YY,Box-YZ,Box-ZX,Box-ZY,Box-ZZ,Volume,Density,Temperature
0.0,-117450.851169013,0.022315748776019745,4.0113,0.0,0.0,-1.24119483688747,3.963081350020952,0.0,-0.5348613319442003,-1.904038796141972,3.761676438554638,59.799777429840965,1.3447220474444244,0.00031064440507334797
0.0,-117450.85258626923,0.02231588006805539,4.011299899601353,0.0,0.0,-1.2411948756514937,3.963081422104238,0.0,-0.5348614263938091,-1.9040387713226727,3.7616767802355935,59.79978245253412,1.3447219344987589,0.000310646232712506
0.0,-117450.85294628546,0.022315888701640044,4.011299892884966,0.0,0.0,-1.2411948764985166,3.96308142484042,0.0,-0.5348614335735112,-1.9040387774508478,3.7616767800797275,59.799782391216375,1.3447219358776155,0.0003106463528955568
