# Time,Potential,Kinetic En.,Box-XX,Box-XY,Box-XZ,Box-YX,Box-YY,Box-YZ,Box-ZX,Box-ZY,Box-ZZ,Volume,Density,Temperature
0.0,203182.08521803934,0.010108092251591731,3.8837000000000006,0.0,0.0,0.0,5.0723,0.0,0.0015017510710879126,0.0007508755469820094,4.302199672368733,84.75028548021818,1.7783231340687493,0.00010553160243820043
0.0,203182.08490990745,0.010108088152068295,3.883699989021727,0.0,0.0,4.597866963864212e-08,5.072300047310779,0.0,0.00150175328064572,0.0007508711843272727,4.302199684624295,84.75028627256557,1.7783231174428507,0.00010553155963791064
