# Time,Potential,Kinetic En.,Box-XX,Box-XY,Box-XZ,Box-YX,Box-YY,Box-YZ,Box-ZX,Box-ZY,Box-ZZ,Volume,Density,Temperature
0.0,-72811.28435575447,0.022737723616469675,3.8790999999999998,0.0,0.0,0.0032262407128243738,3.696998592286838,0.0,-0.004510907347073241,-0.003003336504884556,4.307596591103296,61.77536004909995,1.049121036403927,0.00027130154441105334
