# Time,Potential,Kinetic En.,Box-XX,Box-XY,Box-XZ,Box-YX,Box-YY,Box-YZ,Box-ZX,Box-ZY,Box-ZZ,Volume,Density,Temperature
0.0,-170954.6897238655,0.02599007078722868,3.9950000000000006,0.0,0.0,0.9557626797306532,3.7496063726788824,0.0,0.19947292140026376,1.4781573579697975,3.9464387222795945,59.11637917087287,1.3607003872673025,0.0002819162176503563
