# Time,Potential,Kinetic En.,Box-XX,Box-XY,Box-XZ,Box-YX,Box-YY,Box-YZ,Box-ZX,Box-ZY,Box-ZZ,Volume,Density,Temperature
0.0,46577.10557440571,0.0373935900157506,4.5949,0.0,0.0,-0.0026482925786822683,3.7933990755714615,0.0,-0.15538837455350554,-0.0017444488543517849,4.684123002222701,81.64561957175609,1.3750918805515024,0.00034320933567586175
0.0,46577.10556979507,0.0373935946715294,4.594899998037655,0.0,0.0,-0.002648292864139172,3.793399074078799,0.0,-0.15538837540872025,-0.0017444501972038434,4.684123004726358,81.64561954840045,1.3750918809448627,0.00034320937840796493
0.0,46577.10553295029,0.037393592398042914,4.5948999975988105,0.0,0.0,-0.0026482927590614916,3.79339907424276,0.0,-0.15538837559965413,-0.0017444506044875826,4.684123005617742,81.64561955966877,1.3750918807550794,0.0003432093575412393
0.0,46577.10510886602,0.0373935855822849,4.594899996256178,0.0,0.0,-0.0026482931262261497,3.7933990747754183,0.0,-0.15538837515296247,-0.0017444512035950115,4.684123006924416,81.64561957005203,1.3750918805802026,0.00034320929498421335
