# Time,Potential,Kinetic En.,Box-XX,Box-XY,Box-XZ,Box-YX,Box-YY,Box-YZ,Box-ZX,Box-ZY,Box-ZZ,Volume,Density,Temperature
0.0,30293.766143723195,0.03138598549016039,4.0428,0.0,0.0,-1.185583024657238,4.490424855361082,0.0,-0.7536994220531742,-0.6479282961104791,4.452206794871066,80.82487065385011,1.2639604850551938,0.0002688651275098588
0.0,30291.46921900074,0.035315328926814785,4.042422700202659,0.0,0.0,-1.1893508658313452,4.486250913267858,0.0,-0.7534369366123931,-0.6500056471035925,4.451923377235194,80.73706632767336,1.2653350853937038,0.00030252548284448157
0.0,30291.468715944226,0.035315932520402514,4.042422430921211,0.0,0.0,-1.1893509255482373,4.486250726709225,0.0,-0.7534368353777066,-0.6500055598381909,4.451923202818321,80.73705442894578,1.2653352718740947,0.0003025306534728494
0.0,30291.464088946042,0.03531722093136806,4.042421919154101,0.0,0.0,-1.1893523296754502,4.486249969519211,0.0,-0.7534357553641302,-0.6500040779395428,4.451920655562669,80.7369843856124,1.2653363696151232,0.00030254169052563356
0.0,30291.463640294183,0.03531727644813121,4.042421916006705,0.0,0.0,-1.1893523433012967,4.486249953378908,0.0,-0.7534357405330854,-0.6500040577111439,4.451920616313916,80.73698332049312,1.2653363863080203,0.000302542166104825
0.0,30291.463560352426,0.03531729924731968,4.042421916119697,0.0,0.0,-1.1893523501944823,4.486249942274895,0.0,-0.753435732951209,-0.6500040411913234,4.451920603195663,80.73698288501234,1.2653363931330177,0.00030254236141195396
0.0,30291.463525239033,0.03531729602212199,4.04242191539157,0.0,0.0,-1.1893523516282818,4.48624994076783,0.0,-0.7534357384165835,-0.6500040380092152,4.451920600591009,80.7369827961117,1.2653363945262974,0.0003025423337835977
