# Time,Potential,Kinetic En.,Box-XX,Box-XY,Box-XZ,Box-YX,Box-YY,Box-YZ,Box-ZX,Box-ZY,Box-ZZ,Volume,Density,Temperature
0.0,-60317.59569857261,0.022507161858175716,4.3452,0.0,0.0,-0.0020019274671497266,3.8233994758966032,0.0,-0.9929762547774694,0.00032054221352817886,4.712010006854909,78.28267386559942,1.2629855572526567,0.00023871158395155303
0.0,-60317.596512930904,0.02250713670318809,4.345199997752643,0.0,0.0,-0.00200192501922913,3.8233994893577163,0.0,-0.9929762496919757,0.00032054519153733654,4.71201002290099,78.28267436730307,1.2629855491583437,0.00023871131715705543
