# Time,Potential,Kinetic En.,Box-XX,Box-XY,Box-XZ,Box-YX,Box-YY,Box-YZ,Box-ZX,Box-ZY,Box-ZZ,Volume,Density,Temperature
0.0,20599.47490774572,0.0062292542182226665,4.3290999999999995,0.0,0.0,-1.6122112259995962,3.657100744136109,0.0,-0.5674247413765807,-1.2127086884368123,4.452447322525398,70.4909448995864,1.6905596851892817,8.324523055394171e-05
0.0,20598.770165253747,0.022028563182066214,4.333007171065712,0.0,0.0,-1.611889131414231,3.6611847502433847,0.0,-0.5680421106768548,-1.212394218620573,4.458110079497473,70.72318982217237,1.6850081270058772,0.0002943807969016212
0.0,20598.769833843882,0.022033385372423667,4.333007720063408,0.0,0.0,-1.6118890112728153,3.6611855438359595,0.0,-0.5680420717509457,-1.2123940576672163,4.4581110327682305,70.72322923537634,1.6850071879711397,0.000294445238700594
0.0,20598.76660263397,0.022033623904838342,4.333007751858293,0.0,0.0,-1.611889005424942,3.6611855804816607,0.0,-0.5680420720943471,-1.2123940366622135,4.458111087920591,70.7232313371517,1.6850071378955631,0.00029444842635117924
0.0,20598.766477258225,0.022033626534881307,4.33300775197479,0.0,0.0,-1.6118890103059036,3.661185582083188,0.0,-0.5680420703031658,-1.212394035929599,4.458111093021453,70.72323145090971,1.6850071351852365,0.0002944484614980082
0.0,20598.766477092828,0.022033631748309353,4.333007754663337,0.0,0.0,-1.6118890177646124,3.6611855861196303,0.0,-0.5680420684294056,-1.2123940335073908,4.4581110947606835,70.72323160035522,1.685007131624642,0.00029444853116814923
0.0,20598.766477092828,0.022033632205001496,4.333007754663337,0.0,0.0,-1.6118890177646181,3.6611855861196347,0.0,-0.5680420684294074,-1.2123940335073886,4.458111094760684,70.72323160035533,1.685007131624639,0.00029444853727119807
