# Time,Potential,Kinetic En.,Box-XX,Box-XY,Box-XZ,Box-YX,Box-YY,Box-YZ,Box-ZX,Box-ZY,Box-ZZ,Volume,Density,Temperature
0.0,-67010.65863263443,0.024264711933776315,4.496300000000001,0.0,0.0,0.013312469994112635,5.867284897475378,0.0,-0.003313943496605042,-0.007945960946907164,3.7974902408673987,100.18186758206879,1.5962461386629518,0.00021110923384755616
0.0,-67010.66138068376,0.024265215896519757,4.496299959399763,0.0,0.0,0.013311949779934844,5.867284308701618,0.0,-0.0033141219028475738,-0.007945984360348086,3.797489254082212,100.18183059189839,1.596246728045441,0.00021111361845302547
