# Time,Potential,Kinetic En.,Box-XX,Box-XY,Box-XZ,Box-YX,Box-YY,Box-YZ,Box-ZX,Box-ZY,Box-ZZ,Volume,Density,Temperature
0.0,-2204.9428047725155,0.044105185792381776,4.151400000000001,0.0,0.0,-0.12733033082835574,4.167555306993675,0.0,-0.6756177203784827,0.05158854193479659,4.16646237931553,72.08475350863006,1.1934007382054417,0.0004295946359610251
0.0,-2205.3355910596447,0.04452891005204526,4.150461045591326,0.0,0.0,-0.12782622753736017,4.167157580108118,0.0,-0.6772721660994258,0.0515239782491378,4.1656935039270655,72.0482735714877,1.19400498840822,0.00043372180753524465
0.0,-2205.3359793386026,0.04452899274530889,4.150461008098438,0.0,0.0,-0.1278262471475333,4.167157581324238,0.0,-0.6772721969460626,0.05152396660900228,4.165693505190653,72.04827296352556,1.1940049984835457,0.0004337226129866184
0.0,-2205.3360910304264,0.04452900582561108,4.15046099145222,0.0,0.0,-0.12782624661416533,4.167157592716578,0.0,-0.6772722256979337,0.05152396670579702,4.165693515489447,72.04827304965465,1.1940049970561892,0.00043372274039176487
