# Time,Potential,Kinetic En.,Box-XX,Box-XY,Box-XZ,Box-YX,Box-YY,Box-YZ,Box-ZX,Box-ZY,Box-ZZ,Volume,Density,Temperature
0.0,-122649.90242952287,0.052412236480722206,6.0120000000000005,0.0,0.0,-0.018385803079653817,4.389261492807773,0.0,-0.014787914750067339,0.0055716077041799515,4.034669052693782,106.46781566538274,1.2907599791968174,0.0003474285226296704
