# Time,Potential,Kinetic En.,Box-XX,Box-XY,Box-XZ,Box-YX,Box-YY,Box-YZ,Box-ZX,Box-ZY,Box-ZZ,Volume,Density,Temperature
0.0,-80359.4029072848,0.0243974749129734,3.8773000000000004,0.0,0.0,-0.007359177054809503,4.2164935779048776,0.0,-0.10342989931843463,-0.0009949959972279157,4.665453549860929,76.27368312397452,1.199514096506761,0.000254717167090203
