# Time,Potential,Kinetic En.,Box-XX,Box-XY,Box-XZ,Box-YX,Box-YY,Box-YZ,Box-ZX,Box-ZY,Box-ZZ,Volume,Density,Temperature
0.0,-40002.905002782034,0.02280064047119122,3.844,0.0,0.0,0.0035760919169821478,4.097898439635443,0.0,-0.8367721114047669,-0.0015376251339237032,6.442788191403173,101.48887160428426,1.3427459838272935,0.00018136816970586365
