# Time,Potential,Kinetic En.,Box-XX,Box-XY,Box-XZ,Box-YX,Box-YY,Box-YZ,Box-ZX,Box-ZY,Box-ZZ,Volume,Density,Temperature
0.0,-9022.022704970697,0.02696536044982631,3.7787,0.0,0.0,0.0007989070077531148,4.577399930282211,0.0,-0.017653604693049236,-0.0014680568837380835,4.214462770632851,72.89596575347315,1.5102467620815199,0.0002815266845378987
0.0,-9024.95706745028,0.031360570723064675,3.777107386638841,0.0,0.0,0.0006145671971736033,4.576787078341461,0.0,-0.018811358922540534,-0.002289778387687326,4.212057119313571,72.81389999671403,1.511948903340659,0.00032741403614122873
0.0,-9025.080705868524,0.03141747015902226,3.777071386470256,0.0,0.0,0.0006363688537353257,4.576807548068141,0.0,-0.018814118432458563,-0.0022839323706580115,4.212030232460124,72.81306686335574,1.5119662031897336,0.0003280080838116472
0.0,-9025.082397753147,0.03142017332145679,3.777069600161205,0.0,0.0,0.0006368655137025684,4.576808746677366,0.0,-0.018814292217698623,-0.002283911874836247,4.2120293285673736,72.81303587081717,1.5119668467512923,0.0003280363056616528
0.0,-9025.082468472272,0.03142018208888766,3.777069598334371,0.0,0.0,0.0006368669426928042,4.576808750955833,0.0,-0.018814293571941466,-0.0022839128063690734,4.212029325783937,72.81303585554971,1.511966847068322,0.0003280363971963367
0.0,-9025.082468501958,0.03142017898977322,3.777069598296626,0.0,0.0,0.0006368668161848032,4.576808751226073,0.0,-0.01881429373101166,-0.0022839125300107,4.21202932554946,72.81303585506798,1.5119668470783252,0.00032803636484062557
0.0,-9025.082468503155,0.03142017929300431,3.777069598297149,0.0,0.0,0.0006368668144773759,4.576808751227192,0.0,-0.018814293727449603,-0.0022839125299097384,4.212029325546775,72.81303585504945,1.5119668470787102,0.00032803636800645173
