# Time,Potential,Kinetic En.,Box-XX,Box-XY,Box-XZ,Box-YX,Box-YY,Box-YZ,Box-ZX,Box-ZY,Box-ZZ,Volume,Density,Temperature
0.0,-36146.368393441015,0.04445643889025003,4.0934,0.0,0.0,-0.0007620631074290076,4.366299933497448,0.0,-0.6120706997113234,-0.00010682649073390793,3.8042764998279224,67.99388009493255,0.9248687875487472,0.0004243556033447147
0.0,-36146.37007249649,0.04445630533277869,4.093399963561505,0.0,0.0,-0.0007619347482909622,4.36630010331215,0.0,-0.6120705693951486,-0.00010682065706926664,3.80427657021533,67.99388339212862,0.924868742699511,0.0004243543284818884
0.0,-36146.37050406118,0.04445625717762325,4.093399948117025,0.0,0.0,-0.0007619120746627248,4.366300119609099,0.0,-0.612070550193793,-0.00010682136827663954,3.8042765766255484,67.99388350393929,0.9248687411786363,0.0004243538688204636
