# Time,Potential,Kinetic En.,Box-XX,Box-XY,Box-XZ,Box-YX,Box-YY,Box-YZ,Box-ZX,Box-ZY,Box-ZZ,Volume,Density,Temperature
0.0,115306.40637546507,0.026197367931602912,4.0086,0.0,0.0,0.0009115680103975495,5.2228999204506845,0.0,-1.4990596581932363,0.0002616352698502286,4.156967773837627,87.03242489040592,1.3312761999559604,0.0002279238380392557
