# Time,Potential,Kinetic En.,Box-XX,Box-XY,Box-XZ,Box-YX,Box-YY,Box-YZ,Box-ZX,Box-ZY,Box-ZZ,Volume,Density,Temperature
0.0,-477837.1581272685,0.06743290698636614,3.7054000000000005,0.0,0.0,0.03317221958714046,5.430298680905837,0.0,-0.2743196325254333,0.011920133600337729,3.903354409943589,78.54106757630973,1.6877439750753638,0.0004641892474031221
