# Time,Potential,Kinetic En.,Box-XX,Box-XY,Box-XZ,Box-YX,Box-YY,Box-YZ,Box-ZX,Box-ZY,Box-ZZ,Volume,Density,Temperature
0.0,-108130.25013369575,0.023754332376190113,3.8373,0.0,0.0,-1.8586764148898163,3.8672249061481208,0.0,-0.8261647548186508,-0.8004689537265417,4.385125254997328,65.07395259725911,1.9511852074123117,0.0003391488007303015
0.0,-108130.25016229805,0.02375440420512738,3.83729995899255,0.0,0.0,-1.8586762448418608,3.8672248298519327,0.0,-0.8261647218608803,-0.8004690707444201,4.385125107378209,65.07394842738113,1.9511853324424417,0.0003391498262568263
0.0,-108130.25018481232,0.023754401110040273,3.8372999586788357,0.0,0.0,-1.8586762448400822,3.867224829697947,0.0,-0.826164721715536,-0.8004690707308082,4.385125105935963,65.07394839806743,1.9511853333213873,0.00033914978206719964
