# Time,Potential,Kinetic En.,Box-XX,Box-XY,Box-XZ,Box-YX,Box-YY,Box-YZ,Box-ZX,Box-ZY,Box-ZZ,Volume,Density,Temperature
0.0,-3140.8813499000325,0.05669854812918928,4.1402,0.0,0.0,0.0,3.9148000000000005,0.0,-0.24775026353069557,-0.002031353768558279,5.814123497185311,94.23563318660695,1.2856740832301257,0.00041540374701516474
0.0,-3140.881667737486,0.05669854207128959,4.140200009365742,0.0,0.0,1.0425952503254475e-07,3.914800040887336,0.0,-0.24775026575900747,-0.002031380627083461,5.8141235184781355,94.23563472912205,1.2856740621853084,0.0004154037026317667
0.0,-3140.881667737508,0.05669854339397123,4.140200009365809,0.0,0.0,1.0426002591552328e-07,3.9148000408872523,0.0,-0.24775026575903095,-0.0020313806271847206,5.814123518478202,94.23563472912265,1.2856740621853004,0.00041540371232243656
