# Time,Potential,Kinetic En.,Box-XX,Box-XY,Box-XZ,Box-YX,Box-YY,Box-YZ,Box-ZX,Box-ZY,Box-ZZ,Volume,Density,Temperature
0.0,14443.954184712706,0.03830737217027765,5.4808,0.0,0.0,-0.0006638534309179337,3.80359994206786,0.0,-0.6877527422227067,-0.0009407591349238729,4.651834158752588,96.97571940224809,1.2443299811030697,0.00028567199072529
0.0,14443.954184712706,0.03830737347595132,5.4808,0.0,0.0,-0.0006638534309179337,3.80359994206786,0.0,-0.6877527422227067,-0.0009407591349238729,4.651834158752588,96.97571940224809,1.2443299811030697,0.00028567200046217283
