# Time,Potential,Kinetic En.,Box-XX,Box-XY,Box-XZ,Box-YX,Box-YY,Box-YZ,Box-ZX,Box-ZY,Box-ZZ,Volume,Density,Temperature
0.0,-191302.1249643909,0.01050652417860549,4.1267000000000005,0.0,0.0,-0.004469752490833112,4.268297659642855,0.0,-0.9433761965097383,-0.00939555348163582,4.27647302872748,75.32572729937267,1.7788982598636924,0.00010969135471130426
