# Time,Potential,Kinetic En.,Box-XX,Box-XY,Box-XZ,Box-YX,Box-YY,Box-YZ,Box-ZX,Box-ZY,Box-ZZ,Volume,Density,Temperature
0.0,15060.522081894855,0.024475167314742783,4.0742,0.0,0.0,0.002721945467133132,3.898899049861752,0.0,-0.1221799352307929,-0.0021637165662920024,4.293561397226972,68.20276986263646,1.1795199846408184,0.00027378032115037837
0.0,15060.500738863624,0.02446119335905883,4.074190792136126,0.0,0.0,0.0027402225358790517,3.898902091701169,0.0,-0.12215967724556186,-0.002138986650511047,4.293585749102971,68.20305575816127,1.1795150402951247,0.00027362400785430584
0.0,15060.500264753198,0.024461185375546667,4.074190801130332,0.0,0.0,0.002740227997975685,3.8989020913404704,0.0,-0.12215966800402282,-0.0021389773969880013,4.293585757761891,68.20305603996285,1.1795150354216013,0.00027362391855038015
0.0,15060.500386494336,0.024461175265818112,4.074190810060043,0.0,0.0,0.002740236182917625,3.89890208935333,0.0,-0.12215965614844224,-0.0021389731678506407,4.293585767843379,68.20305631483096,1.1795150306679862,0.0002736238054625024
