# Time,Potential,Kinetic En.,Box-XX,Box-XY,Box-XZ,Box-YX,Box-YY,Box-YZ,Box-ZX,Box-ZY,Box-ZZ,Volume,Density,Temperature
0.0,12824.399619448272,0.021531590042266104,4.1419,0.0,0.0,-0.0007243116359000486,4.149999936791886,0.0,-0.001988732778607546,-0.007292363252259832,3.7981924788483448,65.28669273241593,1.2209830266235966,0.00022668549038846753
0.0,12824.396526054717,0.02153157043559902,4.141899944500165,0.0,0.0,-0.0007242925350121077,4.1499999532174705,0.0,-0.0019887053240370696,-0.007292352559605906,3.798192476376486,65.28669207351427,1.2209830389462877,0.00022668528396864747
0.0,12824.393775242976,0.021531566388702614,4.141899838764554,0.0,0.0,-0.0007241575037792779,4.149999966781071,0.0,-0.0019887412979697435,-0.007292280868967466,3.798192469289212,65.28669049841348,1.2209830684036143,0.00022668524136275098
