# Time,Potential,Kinetic En.,Box-XX,Box-XY,Box-XZ,Box-YX,Box-YY,Box-YZ,Box-ZX,Box-ZY,Box-ZZ,Volume,Density,Temperature
0.0,19853.925096872386,0.03373406076843262,4.337400000000001,0.0,0.0,-1.7996198512631854,4.221191044117699,0.0,-1.0723905491115444,-1.7304798227871339,4.813809889588792,88.13601655293117,1.3203649112406457,0.00029241621144315854
