# Time,Potential,Kinetic En.,Box-XX,Box-XY,Box-XZ,Box-YX,Box-YY,Box-YZ,Box-ZX,Box-ZY,Box-ZZ,Volume,Density,Temperature
0.0,33550.23834787075,0.024702640644309253,3.8725000000000005,0.0,0.0,-0.3229980374970472,4.65410532302107,0.0,-0.6267672138065586,-0.496454070065484,6.044748379875922,108.94463825399839,1.4147898411954754,0.0001901590352064284
0.0,33550.22017499914,0.02469883442072259,3.8724967678621183,0.0,0.0,-0.3229990330566728,4.654104411703685,0.0,-0.6267657809066645,-0.49644843024760227,6.0447564265596,108.94467101765309,1.414789415716327,0.0001901297351888537
0.0,33549.735126255364,0.024656816675826834,3.8724019230510867,0.0,0.0,-0.32294635977730723,4.654117959886528,0.0,-0.6267335515553073,-0.4964135959931753,6.044950373246325,108.94581531414389,1.4147745556819245,0.00018980628580763268
