# Time,Potential,Kinetic En.,Box-XX,Box-XY,Box-XZ,Box-YX,Box-YY,Box-YZ,Box-ZX,Box-ZY,Box-ZZ,Volume,Density,Temperature
0.0,-270768.5512623704,0.04325750729306072,4.410900000000001,0.0,0.0,-0.0007803890644819005,4.471299931898208,0.0,-0.8341960849009173,0.0007650483154026061,5.1504821198250035,101.58016146594512,1.3354116929157995,0.00032115322687742653
0.0,-270768.5517369654,0.04325752168470023,4.410899994457989,0.0,0.0,-0.0007803898513924625,4.471299936571959,0.0,-0.8341960913715102,0.0007650439656964345,5.1504821097134,101.58016124507004,1.3354116958195077,0.00032115333372411645
0.0,-270768.5517245225,0.04325752489479767,4.410899994457769,0.0,0.0,-0.0007803908703541164,4.471299940791965,0.0,-0.8341960890208421,0.0007650445150656116,5.150482102405713,101.58016119681062,1.3354116964539446,0.00032115335755658435
