# Time,Potential,Kinetic En.,Box-XX,Box-XY,Box-XZ,Box-YX,Box-YY,Box-YZ,Box-ZX,Box-ZY,Box-ZZ,Volume,Density,Temperature
0.0,-66682.27818852437,1.1336542039279411,3.9739722407818916,0.0,0.0,-0.0029202576456174877,4.056784394432614,0.0,-1.4523143794945292,2.5005003513385595e-05,4.500348229247553,72.55258256113376,1.4368074498926653,0.012486012903891968
0.0,-66764.39736357608,0.44684191992371425,3.9780603097448486,0.0,0.0,-0.001431174734428026,4.054500688830039,0.0,-1.448176275938508,0.0004697404737628503,4.491657926386987,72.4461674893623,1.4389179544673145,0.0049214954250035095
0.0,-66807.91308383163,0.38101418867265235,3.98324991632238,0.0,0.0,-0.0006670863776850232,4.050732521891611,0.0,-1.4488086154874396,0.0004640049647093834,4.484788499747806,72.36242113174322,1.4405832406160457,0.0041964719575415255
0.0,-66862.54988759632,0.029415161721698377,3.98324991632238,0.0,0.0,-0.0006670863776850232,4.050732521891611,0.0,-1.4488086154874396,0.0004640049647093834,4.484788499747806,72.36242113174322,1.4405832406160457,0.0003239771771274095
