# Time,Potential,Kinetic En.,Box-XX,Box-XY,Box-XZ,Box-YX,Box-YY,Box-YZ,Box-ZX,Box-ZY,Box-ZZ,Volume,Density,Temperature
0.0,-285128.2147541669,0.07948634537652337,3.7302999999999997,0.0,0.0,0.0,4.0155,0.0,-0.6263048130636458,0.0,7.733580767738403,115.84145828481563,1.1189712710526714,0.00047420684286577204
