# Time,Potential,Kinetic En.,Box-XX,Box-XY,Box-XZ,Box-YX,Box-YY,Box-YZ,Box-ZX,Box-ZY,Box-ZZ,Volume,Density,Temperature
0.0,-272952.72511037946,0.02728608035428954,4.157500000000001,0.0,0.0,0.0,4.227600000000001,0.0,-1.3665463773994542,0.0,4.339412546464835,76.27058675156495,1.1509659559127805,0.0002604572336583701
0.0,-272952.7252168154,0.02728608491272124,4.1574999993936075,0.0,0.0,-1.4480979401416248e-09,4.2276000004968735,0.0,-1.3665463780201177,4.183627307343234e-10,4.339412545946339,76.2705867402914,1.1509659560829046,0.00026045727717053806
