# Time,Potential,Kinetic En.,Box-XX,Box-XY,Box-XZ,Box-YX,Box-YY,Box-YZ,Box-ZX,Box-ZY,Box-ZZ,Volume,Density,Temperature
0.0,-73252.25439433262,0.005980312980859721,4.083100000000001,0.0,0.0,0.0,4.0656,0.0,0.0,0.0,4.5378,75.328620621408,1.2162530761824086,5.9463155266251966e-05
0.0,-73252.2652616938,0.005979573821744548,4.083100275091468,0.0,0.0,-2.3052664828870383e-06,4.06559787372107,0.0,-4.360655572702176e-07,-3.385327475895602e-08,4.53780173237342,75.3286150580407,1.2162531660083349,5.945580569552335e-05
0.0,-73252.26636815391,0.005979559776053129,4.083100273960478,0.0,0.0,-2.3294709562572934e-06,4.065597855404448,0.0,-4.326070973331085e-07,-4.3910719553039446e-08,4.537801772057042,75.32861535655717,1.2162531611884981,5.945566603709204e-05
0.0,-73252.26675404538,0.005979545670850508,4.083100273652612,0.0,0.0,-2.3453113095213264e-06,4.06559784744243,0.0,-4.290113982500961e-07,-3.451981151148112e-08,4.537801804501122,75.32861574193434,1.2162531549662121,5.945552578693186e-05
0.0,-73252.6399197297,0.005969819033970829,4.083105255977576,0.0,0.0,3.636820715156078e-06,4.065593714696103,0.0,-6.9966720601371754e-06,7.160480375746927e-07,4.537809638439275,75.32876113268853,1.2162508074967884,5.935881236727541e-05
