# Time,Potential,Kinetic En.,Box-XX,Box-XY,Box-XZ,Box-YX,Box-YY,Box-YZ,Box-ZX,Box-ZY,Box-ZZ,Volume,Density,Temperature
0.0,68713.89738121837,0.07610875090347824,4.789000000000001,0.0,0.0,0.0,3.7296,0.0,-1.966824778377084,0.0,4.606699609390864,82.28051232778898,0.9907745862532754,0.0005811922990807321
0.0,68713.8971418751,0.07610870894901577,4.789000016654583,0.0,0.0,1.0795332356247377e-08,3.729600006422697,0.0,-1.966824780073564,-2.1555369093636254e-09,4.606699599286192,82.28051257514794,0.9907745832747212,0.0005811919787021921
0.0,68713.89713419518,0.07610869850931071,4.789000015636728,0.0,0.0,1.148506802015092e-08,3.729600008179296,0.0,-1.966824781431995,-6.049163618698868e-10,4.606699596174684,82.28051254083839,0.9907745836878571,0.0005811918989810547
0.0,68713.89712347073,0.0761086870672474,4.789000015764224,0.0,0.0,1.0906147318055641e-08,3.729600010738303,0.0,-1.9668247828734473,1.8541861101042781e-09,4.606699594588433,82.28051257115231,0.9907745833228342,0.0005811918116055689
0.0,68713.89710616446,0.07610863967593832,4.789000014985959,0.0,0.0,1.31773852445888e-08,3.729600018530184,0.0,-1.966824791565938,8.406990055924754e-09,4.606699593780628,82.28051271525304,0.9907745815876563,0.0005811914497094197
0.0,68713.8971064772,0.07610862037734441,4.78900001494175,0.0,0.0,1.4469861201489667e-08,3.7296000186090357,0.0,-1.9668247914561745,1.0661781741642292e-08,4.606699593992563,82.28051272001842,0.9907745815302743,0.0005811913023387951
