# Time,Potential,Kinetic En.,Box-XX,Box-XY,Box-XZ,Box-YX,Box-YY,Box-YZ,Box-ZX,Box-ZY,Box-ZZ,Volume,Density,Temperature
0.0,38467.68230399133,0.09394731244637296,3.8208,0.0,0.0,0.0,4.7648,0.0,-0.07424878262181334,0.0,3.8320807609286085,69.7643632036772,1.0075928216637537,0.0007133374064305608
0.0,38200.45773080472,1.4624944317803406,3.8516458891188523,0.0,0.0,-0.00595337287087431,4.760127482642441,0.0,-0.08452759720108365,-0.0046541791795945905,3.8265213253097525,70.15668732036511,1.0019582488405647,0.011104649592619633
0.0,38087.95639924395,1.5607000950206387,3.8617267761259546,0.0,0.0,-0.00446499896302886,4.760524866953188,0.0,-0.08083870120947274,-0.004851823466820072,3.8281143439508933,70.37546589842447,0.9988434275295047,0.011850320450980967
