# Time,Potential,Kinetic En.,Box-XX,Box-XY,Box-XZ,Box-YX,Box-YY,Box-YZ,Box-ZX,Box-ZY,Box-ZZ,Volume,Density,Temperature
0.0,-505421.4633235085,0.043868518062626,3.8822000000000005,0.0,0.0,0.0,5.7728,0.0,-0.0975494109670997,0.0,4.776403968721654,107.04477343749652,1.5880145965462047,0.0003256895049152095
0.0,-505421.86897522135,0.043778765707954234,3.882222719144376,0.0,0.0,-4.842690761668016e-06,5.772796031285634,0.0,-0.09751662786683962,6.61587683666532e-05,4.776431619666715,107.04594597851725,1.5879972020317374,0.00032502316373823404
0.0,-505421.9642592886,0.04375556318005376,3.882229903240937,0.0,0.0,4.167877001051219e-06,5.772802742985152,0.0,-0.09751451744421481,8.428979241907913e-05,4.776432690803383,107.04629253027804,1.5879920610482108,0.00032485090307937393
0.0,-505448.34423175856,0.05529582028168648,3.882773817893775,0.0,0.0,-0.00034515242231507857,5.773446265972943,0.0,-0.09895992437205907,0.0017516507828914498,4.776966539280936,107.0851920360912,1.5874152109232265,0.00041052830427764004
