# Time,Potential,Kinetic En.,Box-XX,Box-XY,Box-XZ,Box-YX,Box-YY,Box-YZ,Box-ZX,Box-ZY,Box-ZZ,Volume,Density,Temperature
0.0,-52578.82356972111,0.03732659042492252,4.2679,0.0,0.0,0.0,4.5224,0.0,-0.8579717801184181,0.0,3.948254878363407,76.20586343584856,1.4948902993265327,0.0003425943937821047
