# Time,Potential,Kinetic En.,Box-XX,Box-XY,Box-XZ,Box-YX,Box-YY,Box-YZ,Box-ZX,Box-ZY,Box-ZZ,Volume,Density,Temperature
0.0,19974.623074241463,0.028971870155456166,4.5276000000000005,0.0,0.0,0.13620147282006684,4.105741487088737,0.0,1.7075425794091825,0.558866554635141,4.802952270595126,89.28282496948434,1.5585858441014708,0.00028679136243529076
0.0,19974.62204995277,0.028971600847000505,4.527600012561125,0.0,0.0,0.13620150040644,4.105741404152413,0.0,1.7075427166249608,0.558866688673347,4.802952440109993,89.2828265648032,1.5585858162524266,0.00028678869656185903
