# Time,Potential,Kinetic En.,Box-XX,Box-XY,Box-XZ,Box-YX,Box-YY,Box-YZ,Box-ZX,Box-ZY,Box-ZZ,Volume,Density,Temperature
0.0,-6581.23807931358,0.044842898723621294,3.604,0.0,0.0,0.6977148238276839,4.400227387830214,0.0,0.04174064595098423,1.5245752362435074,4.636392639489094,73.52585947034365,1.3088133232246764,0.00048017815495302583
0.0,-6581.238585271881,0.04484287874615835,3.6039999990527622,0.0,0.0,0.6977149418191367,4.400227414207104,0.0,0.04174062495422167,1.5245752965745405,4.636392591298595,73.52585912753992,1.3088133293268298,0.0004801779410341765
0.0,-6581.23886340828,0.044842872128622584,3.6039999979974304,0.0,0.0,0.6977149562846837,4.4002274186755095,0.0,0.041740624328263344,1.5245753075353665,4.636392591354257,73.52585918155769,1.3088133283652745,0.0004801778701735451
0.0,-6581.23886340828,0.04484287183126641,3.6039999979974304,0.0,0.0,0.6977149562846837,4.4002274186755095,0.0,0.041740624328263316,1.5245753075353665,4.636392591354257,73.52585918155769,1.3088133283652745,0.0004801778669894526
