# Time,Potential,Kinetic En.,Box-XX,Box-XY,Box-XZ,Box-YX,Box-YY,Box-YZ,Box-ZX,Box-ZY,Box-ZZ,Volume,Density,Temperature
0.0,-114015.45910312506,0.037975997197249194,4.086200000000001,0.0,0.0,0.0,4.0975,0.0,-0.05198651444375163,0.0,4.8040187231437805,80.43466790342522,1.5549578952919747,0.00037760107622429926
0.0,-114015.46037150706,0.0379760132473412,4.0861998824949355,0.0,0.0,-9.379150153511297e-09,4.097499968229298,0.0,-0.05198602518523069,-2.7103874219329535e-10,4.804018706909841,80.43466469492787,1.5549579573184444,0.0003776012358127884
