# Time,Potential,Kinetic En.,Box-XX,Box-XY,Box-XZ,Box-YX,Box-YY,Box-YZ,Box-ZX,Box-ZY,Box-ZZ,Volume,Density,Temperature
0.0,-450353.4097973707,0.08246648993438244,4.4345,0.0,0.0,0.0,4.4575000000000005,0.0,-1.7362373677099616,0.0,4.668601589659112,92.28323803769791,1.5493327373011136,0.0006960308039659957
