# Time,Potential,Kinetic En.,Box-XX,Box-XY,Box-XZ,Box-YX,Box-YY,Box-YZ,Box-ZX,Box-ZY,Box-ZZ,Volume,Density,Temperature
0.0,-45920.31186793653,0.029418883264546083,4.3674,0.0,0.0,0.0,5.5292,0.0,-0.4607920616702768,0.0,3.813360707552022,92.08590411727641,1.5401610454203138,0.0002507283427546767
