# Time,Potential,Kinetic En.,Box-XX,Box-XY,Box-XZ,Box-YX,Box-YY,Box-YZ,Box-ZX,Box-ZY,Box-ZZ,Volume,Density,Temperature
0.0,11777.681020026444,0.02897860907156799,3.9608,0.0,0.0,0.0,3.9474,0.0,0.0,0.0,5.6225000000000005,87.9070111452,1.561374546082958,0.00025477526015350784
