# Time,Potential,Kinetic En.,Box-XX,Box-XY,Box-XZ,Box-YX,Box-YY,Box-YZ,Box-ZX,Box-ZY,Box-ZZ,Volume,Density,Temperature
0.0,176968.12358945174,0.0372418905154972,4.3384,0.0,0.0,-0.3448591093621694,4.381850448690591,0.0,-0.8352585933822259,-1.333934730704847,4.14442076247098,78.78635041160277,1.586982071006947,0.00037703450156079213
0.0,176952.56141083935,0.036454622985931544,4.338676516249991,0.0,0.0,-0.34509604850405845,4.381114699699401,0.0,-0.8329859131053489,-1.331520751302265,4.145965379071095,78.80750272896383,1.5865561172937872,0.00036906425578389564
0.0,176949.8610508897,0.03648635098916643,4.338814832626825,0.0,0.0,-0.34507963570352884,4.381091319516119,0.0,-0.8323912460089538,-1.3312025592510455,4.146058176966414,78.81135849592849,1.5864784966210645,0.0003693854680456686
0.0,176947.80643546718,0.036483334034384515,4.338903817450533,0.0,0.0,-0.34514655816373296,4.381102449368131,0.0,-0.8318759635397454,-1.3308924179828296,4.146094442883715,78.81386444356161,1.5864280533131303,0.00036935492458971925
0.0,176946.83577243832,0.03649564199345008,4.338947642419475,0.0,0.0,-0.34518769860886794,4.381104910461947,0.0,-0.8317956881365427,-1.3308660646636754,4.146119972893032,78.81519008473333,1.5864013702036792,0.00036947952957478537
0.0,176946.4001118414,0.03644869162885722,4.338931805779875,0.0,0.0,-0.3451955940774842,4.3811204655447575,0.0,-0.8317709652185626,-1.330875874859849,4.146141820293537,78.8155975560928,1.5863931686148693,0.0003690042071067973
