# Time,Potential,Kinetic En.,Box-XX,Box-XY,Box-XZ,Box-YX,Box-YY,Box-YZ,Box-ZX,Box-ZY,Box-ZZ,Volume,Density,Temperature
0.0,42941.37869327265,0.05016449333575393,3.8912999999999998,0.0,0.0,0.0,4.5289,0.0,-0.5641080593529479,0.0,5.534324809529439,97.53311384494377,1.247043840444064,0.0004107708165179917
0.0,42939.41575567313,0.050080291065960195,3.8918936798335055,0.0,0.0,-0.0007551175817898884,4.529852177507792,0.0,-0.5613644041156206,-0.002385545887096053,5.533128852907382,97.54741867070733,1.2468609678975613,0.00041008132814053825
0.0,42939.41527330148,0.050080322727722164,3.8918937216651184,0.0,0.0,-0.0007551381820904582,4.529852205336095,0.0,-0.5613642770769344,-0.0023855959359240036,5.533128846463536,97.5474202048469,1.2468609482880346,0.00041008158740215845
0.0,42939.41526488074,0.05008032403880359,3.891893721761307,0.0,0.0,-0.0007551381497746346,4.529852205424154,0.0,-0.5613642767960104,-0.0023855960653295116,5.5331288464567,97.54742020903358,1.24686094823452,0.00041008159813791893
