# Time,Potential,Kinetic En.,Box-XX,Box-XY,Box-XZ,Box-YX,Box-YY,Box-YZ,Box-ZX,Box-ZY,Box-ZZ,Volume,Density,Temperature
0.0,-14502.50353409251,0.033160169016597345,3.9281,0.0,0.0,0.8229814129745223,4.578523255799676,0.0,0.7487210734661819,1.144622954446861,5.121302147530547,92.10609265914391,1.4003493269311982,0.00027696191814173614
