# Time,Potential,Kinetic En.,Box-XX,Box-XY,Box-XZ,Box-YX,Box-YY,Box-YZ,Box-ZX,Box-ZY,Box-ZZ,Volume,Density,Temperature
0.0,-16027.466401873886,0.006837565400726181,3.8397,0.0,0.0,0.0,4.646800000000001,0.0,-0.35918604249141056,0.0,5.422115951072918,96.74311681503083,1.2617165451565167,7.614537902814803e-05
0.0,-16088.08514370161,0.14721834635925016,3.8397232784192328,0.0,0.0,0.006032320163464314,4.659383490849177,0.0,-0.36186180402165563,-0.0005205956541773568,5.425064570972039,97.05843736964235,1.2576175181006193,0.001639471965011366
0.0,-16088.085782710632,0.14721855227131528,3.8397232665088166,0.0,0.0,0.0060323272472370204,4.659383519915881,0.0,-0.3618618205929322,-0.0005205951214089504,5.4250645926500995,97.05843806189507,1.2576175091308772,0.0016394742581159034
