# Time,Potential,Kinetic En.,Box-XX,Box-XY,Box-XZ,Box-YX,Box-YY,Box-YZ,Box-ZX,Box-ZY,Box-ZZ,Volume,Density,Temperature
0.0,-70450.6454581305,0.0169359502249381,3.7061,0.0,0.0,0.15717677012946948,4.4785427488114555,0.0,0.33556670914423087,0.23998093181083954,4.247512258496886,70.49989959325954,1.5276320916075385,0.00018860431652219367
0.0,-70456.07807128257,0.026558434727091976,3.7060745738675003,0.0,0.0,0.15744512216753126,4.478391276912455,0.0,0.33622331934833766,0.24139102243094765,4.248563650023884,70.514481721004,1.5273161830769406,0.0002957634713773955
