# Time,Potential,Kinetic En.,Box-XX,Box-XY,Box-XZ,Box-YX,Box-YY,Box-YZ,Box-ZX,Box-ZY,Box-ZZ,Volume,Density,Temperature
0.0,-342309.71593848575,0.02340928613765661,3.6376,0.0,0.0,0.0,4.1629,0.0,0.0,0.0,5.8924,89.22840720169599,1.884870676436701,0.00023276206792700074
0.0,-342309.71757144184,0.02340925923476551,3.637599952007162,0.0,0.0,-1.732043412695957e-08,4.162899983493408,0.0,-7.3154353630751665e-09,1.6808184869971159e-09,5.892399991967011,89.22840554900826,1.884870711348259,0.00023276180042749097
0.0,-342309.722260298,0.023409243900335,3.637599848044183,0.0,0.0,2.8400695349362937e-08,4.162899942189333,0.0,-2.873462390468802e-08,1.4829300082912108e-08,5.892399972129781,89.22840181313731,1.8848707902652133,0.00023276164795493223
