# Time,Potential,Kinetic En.,Box-XX,Box-XY,Box-XZ,Box-YX,Box-YY,Box-YZ,Box-ZX,Box-ZY,Box-ZZ,Volume,Density,Temperature
0.0,160987.12582609174,0.021575649382574585,3.8796,0.0,0.0,0.0,3.7072000000000003,0.0,-0.3554926414115514,0.0,4.2872869022147615,61.66170288309384,1.6142059408498364,0.0003003419169928685
0.0,160987.12542702214,0.021575649030584544,3.879599971491357,0.0,0.0,-2.6145077474158328e-09,3.7071999941165155,0.0,-0.3554926632455834,-7.998010993336915e-09,4.287286889053607,61.661702142832866,1.614205960228699,0.0003003419120930223
