# Time,Potential,Kinetic En.,Box-XX,Box-XY,Box-XZ,Box-YX,Box-YY,Box-YZ,Box-ZX,Box-ZY,Box-ZZ,Volume,Density,Temperature
0.0,-399105.82878762914,0.19009960456787892,4.222,0.0,0.0,0.0,4.012,0.0,-0.9015555634219411,0.0,4.941327956740268,83.69949397302993,1.3725845827506002,0.001984698535943556
0.0,-399114.0621061508,0.1921277158807218,4.2208887992261435,0.0,0.0,-0.00155169944214783,4.011684146912694,0.0,-0.8994740659640296,0.0022163102964004038,4.942123905930122,83.68435487648291,1.3728328930894667,0.0020058726439196326
0.0,-399114.0720802081,0.1921447548414456,4.220888785333223,0.0,0.0,-0.001560414373147021,4.011677859742154,0.0,-0.8994557832495725,0.002231383438067703,4.942123849220166,83.68422248942326,1.3728350648884593,0.0020060505359277697
0.0,-399114.07248704694,0.19214482319790305,4.220888788585849,0.0,0.0,-0.001560418448544193,4.011677854766319,0.0,-0.8994557651181603,0.002231395630018638,4.9421238563258525,83.6842225704333,1.3728350635594941,0.00200605124959028
