# Time,Potential,Kinetic En.,Box-XX,Box-XY,Box-XZ,Box-YX,Box-YY,Box-YZ,Box-ZX,Box-ZY,Box-ZZ,Volume,Density,Temperature
0.0,-26307.90477774461,0.04945180836976872,3.9282,0.0,0.0,-0.89695828287419,4.13810530059149,0.0,-1.012807662532234,-1.7081724581803297,4.41767583032415,71.81066908116838,1.449757988453264,0.0005796964379876877
0.0,-26307.9050656236,0.04945178561510756,3.928200000488854,0.0,0.0,-0.8969582980449138,4.13810530113405,0.0,-1.0128076606886023,-1.7081724577281236,4.4176758294532235,71.81066908536319,1.4497579883685767,0.0005796961712472699
0.0,-26307.905134101686,0.04945175412038587,3.92820000101799,0.0,0.0,-0.8969582979138041,4.138105303533253,0.0,-1.0128076557226635,-1.7081724557064168,4.417675825772665,71.81066907684223,1.4497579885406031,0.0005796958020519143
0.0,-26307.905212945345,0.04945173761448076,3.928200000747958,0.0,0.0,-0.8969582979514448,4.138105305349473,0.0,-1.0128076558647843,-1.7081724557473477,4.417675823578192,71.81066906775179,1.4497579887241265,0.0005796956085622379
