# Time,Potential,Kinetic En.,Box-XX,Box-XY,Box-XZ,Box-YX,Box-YY,Box-YZ,Box-ZX,Box-ZY,Box-ZZ,Volume,Density,Temperature
0.0,46954.098686295954,0.025767856787794998,4.1238,0.0,0.0,1.6858859655456526,3.994940765665519,0.0,0.7575839179159026,0.49085568999671975,4.390766454608244,72.33496507359598,1.3799894879475965,0.0002517187150967997
0.0,46953.351825535385,0.02800011933983914,4.1230784017665325,0.0,0.0,1.6863219097523365,3.994408694710699,0.0,0.7578887468552279,0.49101433708486564,4.391209886286346,72.31997828466947,1.3802754616393371,0.0002735250401624296
0.0,46953.351663230744,0.02800026257446587,4.1230783841378935,0.0,0.0,1.6863219594558962,3.99440869751838,0.0,0.7578887737235005,0.4910143446048734,4.391209889242983,72.31997807498563,1.3802754656412943,0.0002735264393799312
0.0,46953.351613984756,0.02800026282818391,4.123078382945296,0.0,0.0,1.686321963556908,3.994408698091957,0.0,0.7578887730710578,0.49101434522710113,4.391209890128205,72.31997807903086,1.3802754655640885,0.00027352644185842914
0.0,46953.35155505289,0.028000258199096385,4.123078383314455,0.0,0.0,1.6863219640931433,3.994408697815106,0.0,0.757888773057947,0.49101434531843346,4.391209890410393,72.31997808514099,1.3802754654474725,0.0002735263966382165
