# Time,Potential,Kinetic En.,Box-XX,Box-XY,Box-XZ,Box-YX,Box-YY,Box-YZ,Box-ZX,Box-ZY,Box-ZZ,Volume,Density,Temperature
0.0,75713.27930018399,0.006257790492653831,4.372800000000001,0.0,0.0,0.0,5.1435,0.0,0.0,0.0,4.0568,91.24350421824002,1.1721236135370412,5.226661110524008e-05
0.0,75713.26753963476,0.006257849305608974,4.37279849961328,0.0,0.0,-1.0894183265347261e-07,5.143500056303795,0.0,-1.4796429943378366e-08,1.6846402591180543e-07,4.0568001211081235,91.24347663365155,1.1721239678916613,5.2267102325561056e-05
0.0,75713.25631247298,0.006257965135014021,4.372796489380618,0.0,0.0,-2.537231769888009e-07,5.143500131811108,0.0,-3.20699123529719e-08,3.9556266995371116e-07,4.05680011091205,91.24343579797383,1.172124492471607,5.2268069761347735e-05
