# Time,Potential,Kinetic En.,Box-XX,Box-XY,Box-XZ,Box-YX,Box-YY,Box-YZ,Box-ZX,Box-ZY,Box-ZZ,Volume,Density,Temperature
0.0,63590.30587127537,0.12627893935732892,4.4218,0.0,0.0,0.0,4.395600000000001,0.0,0.0,0.0,4.6744,90.85380769555204,1.3283998545729936,0.0008881792648423122
0.0,63586.192628044184,0.14293679581830657,4.4203491266382,0.0,0.0,-0.0011874635258945462,4.395752152785362,0.0,0.00031831081442794623,0.0007824618591792809,4.6754043599424415,90.84665623149938,1.3285044264328902,0.0010053418161011117
0.0,63586.130480541804,0.14314266474168477,4.420334942783978,0.0,0.0,-0.0011924286524852867,4.395756797938448,0.0,0.00030093089446950436,0.0007753967651768413,4.675417730047,90.84672051749958,1.3285034863413236,0.0010067897892148431
0.0,63586.119513845006,0.14314406668620247,4.420334811503378,0.0,0.0,-0.0011923744340514263,4.3957568210616,0.0,0.0003008231945682844,0.0007753720535202894,4.675417863520988,90.84672089080017,1.3285034808823357,0.001006799649751029
