# Time,Potential,Kinetic En.,Box-XX,Box-XY,Box-XZ,Box-YX,Box-YY,Box-YZ,Box-ZX,Box-ZY,Box-ZZ,Volume,Density,Temperature
0.0,-52629.20056835346,0.04493549845186305,3.725,0.0,0.0,-0.7658373547795226,3.7408116373354465,0.0,-1.1696669088339138,-1.4199413442278712,3.4940903453304215,48.688483500782674,1.5290898196506275,0.0008042408071167172
0.0,-52631.00118890272,0.07647825585221302,3.731209739127788,0.0,0.0,-0.7654800502531478,3.741166646165026,0.0,-1.1694182332862075,-1.420287758266882,3.4930762019942816,48.76012115810555,1.5268433032369204,0.001368782729301459
0.0,-52631.0038766177,0.07647952041049995,3.731209950953139,0.0,0.0,-0.765480013469741,3.7411666020538674,0.0,-1.169418233403694,-1.420287672957138,3.493076498961431,48.76012749674662,1.5268431047527866,0.0013688053619507533
0.0,-52631.003884572914,0.07647955568302761,3.7312099529357856,0.0,0.0,-0.7654800086978496,3.741166598590517,0.0,-1.1694182342332409,-1.4202876790651318,3.4930765032775914,48.76012753776658,1.5268431034683143,0.00136880599324688
0.0,-52631.0039037063,0.07647955163277237,3.731209952957213,0.0,0.0,-0.7654800085249774,3.741166598447332,0.0,-1.1694182342097639,-1.4202876790503698,3.4930765032836226,48.7601275362646,1.5268431035153462,0.0013688059207567407
