# Time,Potential,Kinetic En.,Box-XX,Box-XY,Box-XZ,Box-YX,Box-YY,Box-YZ,Box-ZX,Box-ZY,Box-ZZ,Volume,Density,Temperature
0.0,-214460.3498134647,0.018987655790756203,3.8476,0.0,0.0,0.0,3.8476,0.0,0.0,0.0,4.4548000000000005,65.94897395564801,1.6987248964628547,0.00024273916652794468
0.0,-214460.3499584232,0.01898765881404928,3.8475999999999897,0.0,0.0,1.35930755615788e-15,3.8476000000000083,0.0,4.035321437620609e-15,5.170653005539232e-15,4.454800000000014,65.94897395564817,1.6987248964628505,0.0002427392051778786
