# Time,Potential,Kinetic En.,Box-XX,Box-XY,Box-XZ,Box-YX,Box-YY,Box-YZ,Box-ZX,Box-ZY,Box-ZZ,Volume,Density,Temperature
0.0,12272.225379024747,0.23459271059123182,4.0104,0.0,0.0,0.0,4.149,0.0,0.0,0.0,4.6354999999999995,77.1307779708,1.2828062995283762,0.0019593762346294522
0.0,12271.677491665629,0.23786220024492444,4.01056996650638,0.0,0.0,-0.00194976095991573,4.14790847525919,0.0,0.0001791631921670437,0.00011397309115479836,4.635981377827699,77.12176230042921,1.2829562618529022,0.001986683819382052
0.0,12271.675793229724,0.2378622347394172,4.010570124421979,0.0,0.0,-0.0019499690150043443,4.147908491600564,0.0,0.0001790666199647494,0.00011394768961684585,4.6359813583960765,77.12176531766684,1.2829562116597577,0.0019866841074885717
