# Time,Potential,Kinetic En.,Box-XX,Box-XY,Box-XZ,Box-YX,Box-YY,Box-YZ,Box-ZX,Box-ZY,Box-ZZ,Volume,Density,Temperature
0.0,43934.4239247229,0.038974422316846155,4.6368,0.0,0.0,-0.37234028259000596,4.397264116920974,0.0,-1.7572685781429735,-1.9775720823604872,3.866458820851423,78.83413464469506,1.3982950262309974,0.00040064491952793727
0.0,43934.256036616134,0.039610952123346185,4.636359742678715,0.0,0.0,-0.37224702551760214,4.397354464404428,0.0,-1.7576973138481284,-1.9777856432135903,3.8658665977960935,78.81619497925487,1.398613297684775,0.00040718824763756546
0.0,43934.2559368324,0.03961100047661429,4.636359565855268,0.0,0.0,-0.3722469760684065,4.397354455845788,0.0,-1.757697374355132,-1.9777857217040309,3.8658666598589004,78.81619308524724,1.39861333129442,0.00040718874469409784
