# Time,Potential,Kinetic En.,Box-XX,Box-XY,Box-XZ,Box-YX,Box-YY,Box-YZ,Box-ZX,Box-ZY,Box-ZZ,Volume,Density,Temperature
0.0,-97836.02540751784,0.028775438860088588,4.976,0.0,0.0,0.0,4.7068,0.0,0.0,0.0,4.3442,101.74566806656,0.6586177979005022,0.00045778965596439554
0.0,-97836.96783078313,0.0288211605188336,4.975983121568327,0.0,0.0,-0.00023983554163819356,4.706799250746981,0.0,2.899345789279613e-05,1.8599078994013898e-05,4.344196530140241,101.7452254847555,0.6586206628236676,0.0004585170437386975
0.0,-97836.9699263754,0.028820005983275374,4.975983089226366,0.0,0.0,-0.00024003669113113236,4.706798681489032,0.0,2.8934994796913476e-05,1.8616830379263278e-05,4.3441963188355075,101.74520756904427,0.658620778796281,0.00045849867618438946
0.0,-97836.98439227024,0.02881933700170993,4.975983216054905,0.0,0.0,-0.00024012586597992402,4.706798372980146,0.0,2.895217024780374e-05,1.8785344652898096e-05,4.344196288801913,101.74520278999678,0.6586208097321864,0.00045848803332878684
0.0,-97836.98443498471,0.02881933556365646,4.9759832157545825,0.0,0.0,-0.00024012633802155818,4.706798370020762,0.0,2.8953631998751956e-05,1.878743332430043e-05,4.34419628892392,101.74520272274154,0.6586208101675456,0.00045848801045073425
