# Time,Potential,Kinetic En.,Box-XX,Box-XY,Box-XZ,Box-YX,Box-YY,Box-YZ,Box-ZX,Box-ZY,Box-ZZ,Volume,Density,Temperature
0.0,-163665.03043214275,0.04830895005094809,4.2558,0.0,0.0,0.0,3.9414000000000002,0.0,-1.6977903474840006,0.0,4.831901301350243,81.04939494742986,1.4156102064334735,0.0005379843696545322
0.0,-163665.09308245455,0.0483094862996281,4.2557893084027505,0.0,0.0,8.280837429643386e-06,3.941399274939432,0.0,-1.69778858342215,5.308578218644735e-07,4.831903834178534,81.04921890702295,1.415613281165101,0.0005379903414963501
0.0,-163665.1465816316,0.048315158871828655,4.255782503316706,0.0,0.0,1.4343193052690616e-05,3.9413967811910204,0.0,-1.6977990537776448,6.169213953777393e-06,4.831903525301932,81.04903284653184,1.4156165309226005,0.0005380535131276196
0.0,-163665.1549129821,0.048318233535979346,4.255778002602819,0.0,0.0,1.8810817109633873e-05,3.941394914758503,0.0,-1.6978078441272368,1.4121545236283605e-05,4.831910429384153,81.0490245595306,1.415616675664823,0.0005380877535996908
0.0,-163665.30806881058,0.04833149057611078,4.25575679791256,0.0,0.0,1.7842959011771813e-05,3.9413773960244853,0.0,-1.6978335633523551,2.9680398849156753e-05,4.831932528855526,81.04863116859046,1.4156235467342893,0.0005382353883624227
