# Time,Potential,Kinetic En.,Box-XX,Box-XY,Box-XZ,Box-YX,Box-YY,Box-YZ,Box-ZX,Box-ZY,Box-ZZ,Volume,Density,Temperature
0.0,-272775.8733598354,0.027040143209896384,4.18,0.0,0.0,0.9113837665965548,4.218881613648844,0.0,0.964122743010149,0.24367808281066786,4.129345600499952,72.82070056286715,1.4724693622114846,0.00029330643078524674
