# Time,Potential,Kinetic En.,Box-XX,Box-XY,Box-XZ,Box-YX,Box-YY,Box-YZ,Box-ZX,Box-ZY,Box-ZZ,Volume,Density,Temperature
0.0,116864.43489043726,0.017480552321717652,4.0102,0.0,0.0,0.0,4.2223999999999995,0.0,0.0,0.0,6.537000000000001,110.68885385376001,1.4932305214290285,0.0001390494176706729
0.0,116864.43412121998,0.017480568349504358,4.010200008246987,0.0,0.0,-1.1004622310819991e-08,4.222399996168567,0.0,-6.338621592948277e-09,-5.478721401301012e-09,6.537000000597881,110.68885399107587,1.49323051957659,0.00013904954516403623
0.0,116864.43411868591,0.01748056785202986,4.0102000088278205,0.0,0.0,-1.160127833879945e-08,4.222399995854512,0.0,-6.97937366593431e-09,-5.841569634663757e-09,6.537000000653569,110.68885399981801,1.493230519458656,0.00013904954120686494
0.0,116864.43411868591,0.017480567537692556,4.0102000088278205,0.0,0.0,-1.1601278339534474e-08,4.222399995854512,0.0,-6.979373666745461e-09,-5.84156963439653e-09,6.537000000653569,110.68885399981801,1.493230519458656,0.00013904953870646234
