# Time,Potential,Kinetic En.,Box-XX,Box-XY,Box-XZ,Box-YX,Box-YY,Box-YZ,Box-ZX,Box-ZY,Box-ZZ,Volume,Density,Temperature
0.0,-26624.042972052528,0.019515660562259805,3.7001,0.0,0.0,-0.0098888874307326,4.358388781408261,0.0,-0.479006551987902,-0.1585621358179596,5.1318548627409095,82.75872570973219,1.7065892189183127,0.00022176818367700664
0.0,-26659.787859894408,0.06391478326641653,3.6964244641956996,0.0,0.0,-0.00517660954845588,4.3609350072607915,0.0,-0.4998462502896613,-0.15155956674032756,5.138208228295628,82.8272324754003,1.705177691523058,0.0007263021074732932
0.0,-26659.787882851615,0.06391478053804191,3.6964244632059122,0.0,0.0,-0.005176608971111277,4.360935008981686,0.0,-0.49984625500360197,-0.15155956620911587,5.1382082278765395,82.82723247915104,1.7051776914458407,0.0007263020764691321
