# Time,Potential,Kinetic En.,Box-XX,Box-XY,Box-XZ,Box-YX,Box-YY,Box-YZ,Box-ZX,Box-ZY,Box-ZZ,Volume,Density,Temperature
0.0,14063.216102787039,0.06135750827161325,3.9247,0.0,0.0,0.0,5.174,0.0,-0.42932109667493734,0.0,4.8973178992127755,99.44688541447493,1.8235751371344573,0.0006307360700325186
0.0,14063.213055223792,0.06135466505179179,3.9246992995363414,0.0,0.0,-2.675379733604389e-07,5.174000318636509,0.0,-0.42932071563289786,-1.0877066256296517e-07,4.897317867558671,99.44687314719273,1.8235753620818096,0.0006307068426185161
0.0,14063.211669733884,0.06135349916737287,3.924699083981221,0.0,0.0,-4.7404419473157637e-07,5.174000482566068,0.0,-0.4293206294798625,-1.9151219921799598e-07,4.8973178778879545,99.44687104585942,1.8235754006143405,0.0006306948576899032
