# Time,Potential,Kinetic En.,Box-XX,Box-XY,Box-XZ,Box-YX,Box-YY,Box-YZ,Box-ZX,Box-ZY,Box-ZZ,Volume,Density,Temperature
0.0,-287007.6151245066,0.007237153825637226,4.3988000000000005,0.0,0.0,0.0,4.023,0.0,0.0,0.0,5.1321,90.81955279404,0.8606749188226819,0.00012336019478682874
0.0,-287050.6144243991,0.06378071804688208,4.398752270244029,0.0,0.0,-0.0009501296357490342,4.034844346247227,0.0,-0.00021881630614066513,-0.0014541348433278769,5.132561713692641,91.09414614910118,0.858080508275272,0.0010871679656766732
