# Time,Potential,Kinetic En.,Box-XX,Box-XY,Box-XZ,Box-YX,Box-YY,Box-YZ,Box-ZX,Box-ZY,Box-ZZ,Volume,Density,Temperature
0.0,-169098.7562498329,0.021781108007665993,4.0354,0.0,0.0,0.0,4.724,0.0,0.0,0.0,3.9653,75.59142433288001,1.3455726791317055,0.00022390300474546733
0.0,-169100.3789871872,0.02217943078163558,4.035416643813811,0.0,0.0,-0.00036832803928857897,4.723942595797681,0.0,2.6516176872145458e-05,0.00011852933421152169,3.9658003045693437,75.60035488915842,1.3454137286538235,0.00022799763877046506
0.0,-169100.44310700597,0.02219599765110925,4.035424900725457,0.0,0.0,-0.00036372551706009284,4.723936004134315,0.0,4.473404321549529e-05,0.00013327039818125162,3.9658183048154356,75.60074722526025,1.345406746522072,0.00022816794102749785
0.0,-169100.44699203462,0.022196577872286342,4.03542573567026,0.0,0.0,-0.0003636331706670197,4.7239358171043,0.0,4.494060297463557e-05,0.00013451125740472647,3.965818812928821,75.60076956037105,1.3454063490418755,0.00022817390552043928
0.0,-169100.44734752912,0.022196558700250592,4.035425739041236,0.0,0.0,-0.0003636347222502326,4.72393581771953,0.0,4.4943015443110054e-05,0.00013451471418642467,3.965818813081965,75.60076963628923,1.3454063476908202,0.00022817370843788453
