# Time,Potential,Kinetic En.,Box-XX,Box-XY,Box-XZ,Box-YX,Box-YY,Box-YZ,Box-ZX,Box-ZY,Box-ZZ,Volume,Density,Temperature
0.0,-28290.028588607707,0.06998244772726434,3.8908000000000005,0.0,0.0,0.0,5.4741,0.0,-0.42287460870087945,0.0,4.266796029260841,90.87690257380666,1.4645671024648286,0.0005127286671425776
0.0,-28290.0284665377,0.06998245183406789,3.890800000001036,0.0,0.0,1.6320924193108215e-12,5.474099999999578,0.0,-0.4228746087024358,2.397839839744942e-12,4.266796029260599,90.87690257381868,1.464567102464635,0.0005127286972312066
