# Time,Potential,Kinetic En.,Box-XX,Box-XY,Box-XZ,Box-YX,Box-YY,Box-YZ,Box-ZX,Box-ZY,Box-ZZ,Volume,Density,Temperature
0.0,-15569.87763114905,0.21677117606837093,4.2607,0.0,0.0,0.0,4.2607,0.0,0.0,0.0,4.2479000000000005,77.114526597071,1.436537627023996,0.0016891208196387682
0.0,-15569.878683303039,0.21679244162017663,4.260691153602893,0.0,0.0,1.3488594029876824e-05,4.260710159993414,0.0,-1.363773930756563e-05,-3.3274968552977114e-06,4.247896553613107,77.1144878072789,1.4365383496248652,0.0016892865247244149
0.0,-15569.879117141625,0.21679244058006167,4.260691123653319,0.0,0.0,1.3532171287513695e-05,4.260710199411143,0.0,-1.366318607747731e-05,-3.314993229639821e-06,4.247896517798848,77.11448732848375,1.4365383585441696,0.0016892865166196478
0.0,-15569.87914624772,0.21679244381030416,4.260691123102086,0.0,0.0,1.3532323753156547e-05,4.260710199585699,0.0,-1.3663474282730783e-05,-3.3149480011163973e-06,4.247896517363786,77.11448731376831,1.4365383588182983,0.0016892865417902907
