# Time,Potential,Kinetic En.,Box-XX,Box-XY,Box-XZ,Box-YX,Box-YY,Box-YZ,Box-ZX,Box-ZY,Box-ZZ,Volume,Density,Temperature
0.0,-193518.8653469319,0.05016930311031863,4.3415,0.0,0.0,0.0,4.4228000000000005,0.0,-0.6921998225401319,0.0,4.687568022511824,90.00874145262434,1.5826241001114456,0.0004655848947477147
