# Time,Potential,Kinetic En.,Box-XX,Box-XY,Box-XZ,Box-YX,Box-YY,Box-YZ,Box-ZX,Box-ZY,Box-ZZ,Volume,Density,Temperature
0.0,-66660.59247024306,0.023357809795585504,3.9723,0.0,0.0,0.0,4.0607999999999995,0.0,-1.4506543511966068,0.0,4.510144481427879,72.75185902725727,1.4328718540887524,0.0002572617942083447
0.0,-66660.59448665343,0.0233599898448762,3.972299900955002,0.0,0.0,-2.9571742313534135e-08,4.0607997701369545,0.0,-1.4506547473245581,-2.559156240035442e-07,4.510143224505759,72.75183282007151,1.4328723702481039,0.0002572858051664309
0.0,-66660.59891525513,0.02336018443746074,3.9722998543543646,0.0,0.0,-2.0967040588217456e-08,4.060799635731814,0.0,-1.4506548409619267,-2.990907164021287e-07,4.510143176461198,72.75182878364335,1.4328724497469492,0.00025728794839980235
0.0,-66660.6042044269,0.0233602284225901,3.972299973033597,0.0,0.0,-3.108722949203352e-07,4.060799420172396,0.0,-1.4506551976965254,-3.563672987232693e-07,4.510143135109687,72.75182642831363,1.4328724961359847,0.0002572884328499026
0.0,-66660.60427588508,0.02336022367259602,3.972299956512271,0.0,0.0,-3.385222796608114e-07,4.060799414697211,0.0,-1.4506552315578545,-3.4183891889807144e-07,4.510143132180479,72.75182598038742,1.4328725049580469,0.0002572883805336962
