# Time,Potential,Kinetic En.,Box-XX,Box-XY,Box-XZ,Box-YX,Box-YY,Box-YZ,Box-ZX,Box-ZY,Box-ZZ,Volume,Density,Temperature
0.0,24937.667222966895,0.03992803513226449,4.0174,0.0,0.0,0.0,4.1229000000000005,0.0,1.6481232828212766,0.0,3.567398784469549,59.08803348896174,1.2606909995305096,0.0005081734198503867
0.0,24937.66740415783,0.03992803531984828,4.017400000003982,0.0,0.0,-1.743625549856986e-11,4.122899999972504,0.0,1.648123282772891,-3.0060033848833975e-11,3.5673987844820068,59.08803348883258,1.2606909995332654,0.0005081734222378093
0.0,24937.66739652899,0.03992803517818509,4.017400000015677,0.0,0.0,2.1399747574843846e-11,4.122899999936081,0.0,1.648123282630321,-7.516203836667699e-11,3.5673987845185953,59.08803348908861,1.2606909995278028,0.0005081734204348289
0.0,24937.667213422996,0.0399280354378425,4.017400000014835,0.0,0.0,2.424745677553945e-11,4.122899999934407,0.0,1.6481232826238443,-7.945029925171498e-11,3.567398784520718,59.088033489087394,1.2606909995278288,0.0005081734237395492
