# Time,Potential,Kinetic En.,Box-XX,Box-XY,Box-XZ,Box-YX,Box-YY,Box-YZ,Box-ZX,Box-ZY,Box-ZZ,Volume,Density,Temperature
0.0,31628.684476279108,0.020836150244602284,4.3722,0.0,0.0,0.0,4.6000000000000005,0.0,0.0,0.0,4.0128,80.70591513600003,1.1571668883051651,0.0001933651898103695
0.0,31601.343636929872,0.047767440088764955,4.379805241359343,0.0,0.0,0.002443325557538177,4.6086845118094315,0.0,0.005987363263314615,-0.0006582364957237829,4.019541202895373,81.13500424993532,1.1510471164586193,0.0004432949470554077
