# Time,Potential,Kinetic En.,Box-XX,Box-XY,Box-XZ,Box-YX,Box-YY,Box-YZ,Box-ZX,Box-ZY,Box-ZZ,Volume,Density,Temperature
0.0,-27782.323140795335,0.012559425672441265,4.2658000000000005,0.0,0.0,0.0,4.2658000000000005,0.0,0.0,0.0,4.2658000000000005,77.62497435431202,0.7641880726237019,0.000183497534451966
0.0,-27782.323235352927,0.012559406680864702,4.265800003193182,0.0,0.0,-4.706180736253366e-09,4.265799998410603,0.0,-9.015078091682558e-10,4.018589528525485e-09,4.26579999944963,77.62497437348105,0.7641880724349901,0.00018349725697849184
