# Time,Potential,Kinetic En.,Box-XX,Box-XY,Box-XZ,Box-YX,Box-YY,Box-YZ,Box-ZX,Box-ZY,Box-ZZ,Volume,Density,Temperature
0.0,-192453.77049154273,0.0781127299795461,4.386,0.0,0.0,0.0,4.616,0.0,-0.9039114910874432,0.0,4.43890121722483,89.86899973006125,1.7576608412061276,0.0005116994549812941
0.0,-192453.77577054332,0.07811303348122065,4.386000059902974,0.0,0.0,6.758228978482679e-08,4.615999992142295,0.0,-0.9039115088546239,1.0220921529982203e-08,4.4389012067928295,89.86900059328549,1.7576608243231595,0.0005117014431545597
0.0,-192453.77781184137,0.0781130058056822,4.386000090329787,0.0,0.0,9.322084651297556e-08,4.615999984235109,0.0,-0.9039115330206217,-1.8716587709350675e-09,4.438901191782856,89.86900075889619,1.7576608210841402,0.0005117012618581444
0.0,-192453.77838579682,0.07811307271421981,4.386000103522539,0.0,0.0,9.684393751198752e-08,4.615999967311929,0.0,-0.9039115448711698,5.951862086686354e-09,4.4389011786132455,89.86900043310851,1.7576608274559062,0.0005117017001613792
