# Time,Potential,Kinetic En.,Box-XX,Box-XY,Box-XZ,Box-YX,Box-YY,Box-YZ,Box-ZX,Box-ZY,Box-ZZ,Volume,Density,Temperature
0.0,-66660.59813343403,0.023342441587860044,3.9723,0.0,0.0,0.0,4.0607999999999995,0.0,-1.4506543511966068,0.0,4.510144481427879,72.75185902725727,1.4328718540887524,0.0002570925295072525
0.0,-66660.59813343403,0.023342440463517848,3.9723,0.0,0.0,0.0,4.0607999999999995,0.0,-1.4506543511966068,0.0,4.510144481427879,72.75185902725727,1.4328718540887524,0.0002570925171238016
0.0,-66660.59813343403,0.023342442375965194,3.9723,0.0,0.0,0.0,4.0607999999999995,0.0,-1.4506543511966068,0.0,4.510144481427879,72.75185902725727,1.4328718540887524,0.00025709253818740474
0.0,-66660.59814106343,0.023342442801248444,3.9723,0.0,0.0,0.0,4.0607999999999995,0.0,-1.4506543511966068,0.0,4.510144481427879,72.75185902725727,1.4328718540887524,0.000257092542871454
0.0,-66660.59814106343,0.02334244277768627,3.9723,0.0,0.0,0.0,4.0607999999999995,0.0,-1.4506543511966068,0.0,4.510144481427879,72.75185902725727,1.4328718540887524,0.0002570925426119414
0.0,-66665.59026473919,0.023560218660521718,3.972466786352909,0.0,0.0,8.128219456276812e-05,4.060684681458529,0.0,-1.450966441884798,-2.9959433248015123e-05,4.509249855703573,72.73841644262019,1.433136659154833,0.0002594911157163487
0.0,-66666.41796464831,0.023381331204049175,3.9725460120336664,0.0,0.0,0.00013711342040843334,4.0607179046964035,0.0,-1.4509731547119062,-3.321744724859438e-05,4.509030634946717,72.73692591502783,1.4331660270406381,0.00025752085787041865
0.0,-66666.61140029978,0.023303105490160198,3.9725816964219978,0.0,0.0,0.00012400934415886524,4.0606999959541525,0.0,-1.4509611638555595,-3.347946011024785e-05,4.508989156159835,72.73658938895412,1.4331726577850832,0.000256659283618191
0.0,-66666.83129452055,0.023266589689612843,3.972604232385046,0.0,0.0,0.00010655936146289498,4.060676773452357,0.0,-1.4509594844442815,-3.983292121676598e-05,4.508941770088994,72.73582163658796,1.4331877854302293,0.00025625710034638693
