# Time,Potential,Kinetic En.,Box-XX,Box-XY,Box-XZ,Box-YX,Box-YY,Box-YZ,Box-ZX,Box-ZY,Box-ZZ,Volume,Density,Temperature
0.0,31496.965866279126,0.0397605332792976,4.3458,0.0,0.0,0.0,4.655,0.0,0.0,0.0,4.0536,82.00310786640001,1.1388618689659642,0.0003689886554981331
0.0,31495.734671256447,0.039110081499812,4.34606296510348,0.0,0.0,0.0001225196692130975,4.655469372930511,0.0,5.739572408788264e-06,-0.00011109167333284705,4.05363382600398,82.01702332599521,1.138668643393035,0.00036295228455982567
0.0,31495.733078004778,0.03890997090110508,4.346068109952506,0.0,0.0,6.627202332968427e-05,4.6555718381305065,0.0,7.378407754653764e-05,-3.554305439320684e-05,4.0536457612526675,82.01916707561767,1.1386388818072812,0.0003610952033117167
0.0,31495.73078482222,0.038909564704487795,4.3460679608929444,0.0,0.0,6.614815297642301e-05,4.655572097750256,0.0,7.384503441947552e-05,-3.547526023460534e-05,4.05364579429388,82.01916950492713,1.1386388480821628,0.000361091433695685
0.0,31495.730680951678,0.03890948357377843,4.346067946899036,0.0,0.0,6.613954979922646e-05,4.655572127313292,0.0,7.382847530809957e-05,-3.544878640310071e-05,4.05364580238028,82.01916992527359,1.1386388422466636,0.0003610906807804472
