# Time,Potential,Kinetic En.,Box-XX,Box-XY,Box-XZ,Box-YX,Box-YY,Box-YZ,Box-ZX,Box-ZY,Box-ZZ,Volume,Density,Temperature
0.0,-82408.6540895468,0.033884565487999126,4.0224,0.0,0.0,1.6694014709536256,3.7530622814946564,0.0,0.4368749320927311,0.6836082686159217,5.246849022869719,79.20809988380095,1.3599761403005712,0.0003369193527481095
0.0,-82408.77928806287,0.0338496252611235,4.022437153669899,0.0,0.0,1.6693892072767094,3.7530639668520314,0.0,0.4368386984134776,0.6836129311064475,5.246886941063343,79.20943950493658,1.3599531398502098,0.0003365719367947316
0.0,-82408.79086848928,0.03384806762927954,4.022439208453563,0.0,0.0,1.6693875207402329,3.7530644880100135,0.0,0.436836255316219,0.6836135408111038,5.246889050581354,79.20952281300615,1.3599517095288702,0.0003365564490260343
0.0,-82408.79220793849,0.03384797985710944,4.022439260809716,0.0,0.0,1.6693874697499662,3.7530644695129167,0.0,0.43683621352961716,0.683613551128316,5.246889087037125,79.20952400396594,1.3599516890812304,0.00033655557629408943
0.0,-82408.7922504988,0.033847968899657625,4.022439301747547,0.0,0.0,1.6693874293488447,3.7530644475122386,0.0,0.43683616570381933,0.683613563957867,5.246889112941835,79.20952473684915,1.3599516764983277,0.00033655546734249103
0.0,-82408.7922687069,0.033847972694258543,4.022439308645675,0.0,0.0,1.6693874253514909,3.7530644468375844,0.0,0.43683615974524154,0.6836135624933249,5.246889112203515,79.20952484730168,1.3599516746019633,0.00033655550507278106
0.0,-82408.79214663665,0.03384797395339923,4.022439308645588,0.0,0.0,1.6693874253509486,3.7530644468374006,0.0,0.4368361597445489,0.6836135624922789,5.246889112203795,79.20952484730032,1.3599516746019868,0.0003365555175926071
