# Time,Potential,Kinetic En.,Box-XX,Box-XY,Box-XZ,Box-YX,Box-YY,Box-YZ,Box-ZX,Box-ZY,Box-ZZ,Volume,Density,Temperature
0.0,25576.05029131312,0.04870896060716523,4.3495,0.0,0.0,0.0,3.6849,0.0,-0.5688008233476004,0.0,4.770107004392993,76.45275907347143,1.0356633356505136,0.00041024799747248837
0.0,25576.050161165083,0.048708904361449985,4.34950002983279,0.0,0.0,1.3522480856651068e-07,3.6849000880532925,0.0,-0.5688008161067568,3.752535762929611e-09,4.770106987001713,76.45276114600786,1.0356633075750072,0.0004102475237466737
0.0,25576.050156529145,0.04870890280590351,4.3495000300387705,0.0,0.0,1.3541949079836623e-07,3.6849000881851484,0.0,-0.5688008161064485,3.7216694904817496e-09,4.770106986928983,76.45276115119846,1.035663307504693,0.0004102475106451864
