# Time,Potential,Kinetic En.,Box-XX,Box-XY,Box-XZ,Box-YX,Box-YY,Box-YZ,Box-ZX,Box-ZY,Box-ZZ,Volume,Density,Temperature
0.0,-47146.03304512218,0.05158741193798642,4.0802000000000005,0.0,0.0,0.0,4.026,0.0,-0.12156948939476579,0.0,4.169728181698216,68.49564615596134,1.2746237541419447,0.00042207751866264395
0.0,-47163.803295972364,0.07598445993997853,4.07907468988879,0.0,0.0,-0.0003008704139891137,4.022306940496328,0.0,-0.12250901868353964,-0.0014831716601612407,4.167932414194685,68.38447763707157,1.2766958330666636,0.0006216891118116253
0.0,-47165.26616753082,0.07758558624716336,4.078857911395962,0.0,0.0,-0.00040900789773073,4.022145407600684,0.0,-0.1225320048673267,-0.0014671740650110444,4.167941427250405,68.37824515144294,1.2768122003178866,0.0006347891955997873
