# Time,Potential,Kinetic En.,Box-XX,Box-XY,Box-XZ,Box-YX,Box-YY,Box-YZ,Box-ZX,Box-ZY,Box-ZZ,Volume,Density,Temperature
0.0,-21039.936746488936,0.01926755248534203,4.0948,0.0,0.0,0.8380596835203826,4.178893678577826,0.0,1.179039095252697,0.04609720253579778,4.968102409349478,85.0128460940116,1.74606572695228,0.00028609307571869326
0.0,-21160.764594803346,0.1067183328734792,4.115683214071173,0.0,0.0,0.8156863047418758,4.1853470594097795,0.0,1.2027309792847747,0.05897534248674054,4.976324748285362,85.71999365600638,1.7316615480759736,0.001584600644558878
0.0,-21179.064217319,0.1442783872668661,4.118618947245751,0.0,0.0,0.8093530505725463,4.1924777723300375,0.0,1.1976283964922974,0.06354426058011885,4.983576641187955,86.05250622183685,1.724970293517782,0.0021423088170805485
0.0,-21179.064255509515,0.1442784732217478,4.118618958096227,0.0,0.0,0.8093530326432729,4.192477792225561,0.0,1.1976283819236473,0.0635442700844897,4.983576678091978,86.05250749413611,1.7249702680138368,0.0021423100933763576
