# Time,Potential,Kinetic En.,Box-XX,Box-XY,Box-XZ,Box-YX,Box-YY,Box-YZ,Box-ZX,Box-ZY,Box-ZZ,Volume,Density,Temperature
0.0,-50266.858550952915,0.02399555741886788,4.135000000000001,0.0,0.0,0.0,5.082000000000001,0.0,0.0,0.0,3.912,82.20704184000002,1.1454225153421755,0.0002672224260490923
0.0,-50266.865097621645,0.023995530032745616,4.134999766316494,0.0,0.0,2.063806737283573e-08,5.082000020644034,0.0,-4.093559498615843e-09,-3.32010819615583e-08,3.9119999784449293,82.20703707516931,1.1454225817324089,0.0002672221210682201
