# Time,Potential,Kinetic En.,Box-XX,Box-XY,Box-XZ,Box-YX,Box-YY,Box-YZ,Box-ZX,Box-ZY,Box-ZZ,Volume,Density,Temperature
0.0,3080.79131888553,0.08981787580836842,3.8494,0.0,0.0,0.0,6.1879,0.0,-0.9990859108782509,0.0,4.782354514534088,113.91426063796881,1.2889844127995425,0.0005626358046045604
0.0,3080.7877123951075,0.08981410221129492,3.849400713395225,0.0,0.0,-5.029959724077615e-07,6.187899731019223,0.0,-0.9990856889304675,-4.613557801476441e-07,4.782354226353976,113.9142699331961,1.288984307620419,0.0005626121660937786
