# Time,Potential,Kinetic En.,Box-XX,Box-XY,Box-XZ,Box-YX,Box-YY,Box-YZ,Box-ZX,Box-ZY,Box-ZZ,Volume,Density,Temperature
0.0,-5572.700730737688,0.07193494670263996,3.5975,0.0,0.0,0.0,5.624700000000001,0.0,-0.8781653526900647,0.0,4.692435063305057,94.95075835330762,1.2417707053735205,0.0006162240348860034
0.0,-5572.702935216554,0.07170744039987577,3.5973575121780312,0.0,0.0,6.365714305177208e-05,5.624590011265656,0.0,-0.8782209918062636,-0.00014333277910762981,4.692528876173896,94.94703912299846,1.2418193475564376,0.0006142751232891008
0.0,-5572.703122255065,0.07170680117496521,3.5973573359608673,0.0,0.0,6.370168218870247e-05,5.624589708087588,0.0,-0.8782212385221643,-0.00014354883283579102,4.6925290509854705,94.94703289122056,1.2418194290623272,0.0006142696474283176
