# Time,Potential,Kinetic En.,Box-XX,Box-XY,Box-XZ,Box-YX,Box-YY,Box-YZ,Box-ZX,Box-ZY,Box-ZZ,Volume,Density,Temperature
0.0,-251824.48129537603,0.0644647438513415,4.2104,0.0,0.0,0.0,5.1147,0.0,-0.19443813367619087,0.0,4.348855487616543,93.65231103064193,1.4493978707453747,0.0005743204859427359
