# Time,Potential,Kinetic En.,Box-XX,Box-XY,Box-XZ,Box-YX,Box-YY,Box-YZ,Box-ZX,Box-ZY,Box-ZZ,Volume,Density,Temperature
0.0,39976.26011709787,0.039699351024683235,3.9698,0.0,0.0,-0.5759196954216746,4.046622698550658,0.0,-1.2557012165650292,-1.4772417603450285,4.665913471787688,74.9545534784323,1.3507271218835426,0.00039542314214546684
0.0,39976.259606675405,0.039699379439442115,3.9697999616966473,0.0,0.0,-0.5759197009090652,4.046622681972309,0.0,-1.2557012246829165,-1.4772417927189903,4.665913426521057,74.9545517209669,1.3507271535541499,0.0003954234251690667
0.0,39976.25960716115,0.039699379956790334,3.9697999603511898,0.0,0.0,-0.5759197005270614,4.04662268125233,0.0,-1.2557012273553025,-1.4772417977006704,4.6659134186055145,74.95455155506957,1.350727156543722,0.0003954234303220844
