# Time,Potential,Kinetic En.,Box-XX,Box-XY,Box-XZ,Box-YX,Box-YY,Box-YZ,Box-ZX,Box-ZY,Box-ZZ,Volume,Density,Temperature
0.0,-179849.04872850035,0.02818050323102763,3.9182000000000006,0.0,0.0,0.0,4.169,0.0,-0.9030617159394005,0.0,4.274242096232335,69.81964120529646,1.385056065708899,0.00031382736017452256
0.0,-179849.05017936003,0.028180578769192395,3.9182000031375157,0.0,0.0,4.135318483272446e-09,4.16900000090572,0.0,-0.9030617234623992,6.0179335107154325e-09,4.274242103367787,69.81964139293069,1.3850560619866812,0.00031382820139239033
0.0,-179849.05045830886,0.02818056885274149,3.9182000099814265,0.0,0.0,1.2767240709055143e-08,4.168999999941075,0.0,-0.9030617560455457,-4.706857976348622e-09,4.274242107023195,69.81964155844025,1.3850560587033642,0.00031382809095952885
0.0,-179849.05058261228,0.028180560204122032,3.9182000170489273,0.0,0.0,1.6737986991613705e-08,4.168999998711179,0.0,-0.9030617577437595,-8.782985498837138e-09,4.274242108728393,69.81964169163516,1.3850560560610932,0.0003138279946456557
0.0,-179849.05068981228,0.028180555277478675,3.9182000229426714,0.0,0.0,2.0517616683531986e-08,4.168999990728713,0.0,-0.9030617596836893,-1.0353200368735084e-08,4.274242108754383,69.81964166339716,1.385056056621268,0.00031382793978093355
0.0,-179849.05105467228,0.028180554147011413,3.918200021039852,0.0,0.0,3.848723947281859e-08,4.168999980189622,0.0,-0.9030617592072704,-1.5504232466285026e-08,4.2742421109808255,69.81964148935742,1.3850560600738038,0.00031382792719167807
