# Time,Potential,Kinetic En.,Box-XX,Box-XY,Box-XZ,Box-YX,Box-YY,Box-YZ,Box-ZX,Box-ZY,Box-ZZ,Volume,Density,Temperature
0.0,-50518.38110889608,0.03284500009495917,3.8680000000000003,0.0,0.0,-1.0695625067237173,3.802542051603227,0.0,-0.7470327177956626,-1.0271385097048935,3.984476452487082,58.60460667394486,1.429314000449237,0.00041802598019040213
0.0,-50520.16793079998,0.032345362361481673,3.86767800698399,0.0,0.0,-1.0699528340193405,3.8027817410620437,0.0,-0.7469184896914765,-1.026660986546907,3.983300430925763,58.58612503949411,1.4297648931965186,0.00041166697417203724
0.0,-50520.20771946028,0.032327297802277874,3.8676787380676654,0.0,0.0,-1.0699626757063578,3.8028072631398877,0.0,-0.7469417912526739,-1.0266774015082893,3.983265435180045,58.58601459131449,1.4297675886338317,0.000411437062311905
0.0,-50520.217649587474,0.03232761438184733,3.86767894557161,0.0,0.0,-1.069963315935282,3.802808439062903,0.0,-0.7469427359081439,-1.0266769908213713,3.983265141051173,58.58603152469988,1.4297671753816457,0.0004114410914939554
0.0,-50520.22153307586,0.03232765668517977,3.867678972059932,0.0,0.0,-1.069963347160504,3.8028086021733176,0.0,-0.746942778974696,-1.0266769561997318,3.983265115613207,58.58603406466908,1.4297671133947805,0.00041144162989833837
