# Time,Potential,Kinetic En.,Box-XX,Box-XY,Box-XZ,Box-YX,Box-YY,Box-YZ,Box-ZX,Box-ZY,Box-ZZ,Volume,Density,Temperature
0.0,-135369.52362249646,0.05980466614588153,3.5775,0.0,0.0,0.10717512348454428,4.448909252042132,0.0,0.13065656592266464,1.2064914048958701,4.9823379403342045,79.29875538380222,1.3403101795803536,0.0005842144281927519
