# Time,Potential,Kinetic En.,Box-XX,Box-XY,Box-XZ,Box-YX,Box-YY,Box-YZ,Box-ZX,Box-ZY,Box-ZZ,Volume,Density,Temperature
0.0,-66402.38062828915,0.04420645438143623,4.6098,0.0,0.0,1.2953242600452923,4.073510195315352,0.0,1.593640697931081,0.6632412212635046,4.361869026955604,81.90747013482493,1.144766665783448,0.00040741872617196706
