# Time,Potential,Kinetic En.,Box-XX,Box-XY,Box-XZ,Box-YX,Box-YY,Box-YZ,Box-ZX,Box-ZY,Box-ZZ,Volume,Density,Temperature
0.0,50699.385934241094,0.051361410790753494,4.8005,0.0,0.0,0.0,4.4586,0.0,0.0,0.0,4.1862,89.59937063166001,1.254078807945569,0.0004468574822135999
0.0,50699.385726054,0.051361351994686534,4.800500072499689,0.0,0.0,-1.9529389400186735e-08,4.458599984831688,0.0,-9.594270103858888e-09,-8.45458442568646e-08,4.186199952476935,89.59937066285651,1.2540788075089266,0.00044685697067269704
