# Time,Potential,Kinetic En.,Box-XX,Box-XY,Box-XZ,Box-YX,Box-YY,Box-YZ,Box-ZX,Box-ZY,Box-ZZ,Volume,Density,Temperature
0.0,-297520.75077986246,0.6202302835372814,3.8597,0.0,0.0,0.0,4.312,0.0,0.0,0.0,4.8184000000000005,80.19275840576002,1.309610554513572,0.005692655438785604
