# Time,Potential,Kinetic En.,Box-XX,Box-XY,Box-XZ,Box-YX,Box-YY,Box-YZ,Box-ZX,Box-ZY,Box-ZZ,Volume,Density,Temperature
0.0,43383.30244494759,0.17132859271418455,4.0061,0.0,0.0,0.0,3.6965000000000003,0.0,-0.6853913342590461,0.0,5.07593564960418,75.16724001143285,1.4394882761878125,0.001962485079227715
