# Time,Potential,Kinetic En.,Box-XX,Box-XY,Box-XZ,Box-YX,Box-YY,Box-YZ,Box-ZX,Box-ZY,Box-ZZ,Volume,Density,Temperature
0.0,-113069.38614548648,0.041165106762244615,4.5448,0.0,0.0,0.0,4.6992,0.0,-1.8128504210929623,0.0,3.536529960390986,75.5294021536381,1.3206972065788323,0.0003667425433985487
0.0,-113069.38629460987,0.04116511047545583,4.544800001229656,0.0,0.0,-4.791349803929003e-10,4.699199999638355,0.0,-1.8128504214376109,5.957826354822405e-10,3.536529961097798,75.52940218335625,1.3206972060591846,0.00036674257647978256
