# Time,Potential,Kinetic En.,Box-XX,Box-XY,Box-XZ,Box-YX,Box-YY,Box-YZ,Box-ZX,Box-ZY,Box-ZZ,Volume,Density,Temperature
0.0,16632.13552198106,0.06959977515495773,3.7615000000000003,0.0,0.0,0.0,4.2236,0.0,0.0,0.0,6.0764000000000005,96.53620065496003,1.1344622891584477,0.0004884995838195015
0.0,16629.186653891793,0.10673053272875456,3.7541259304769814,0.0,0.0,-0.0036185714424191483,4.224103118560841,0.0,0.00024252679924640613,0.00040063037313876334,6.072279269230763,96.29308158582697,1.1373265594794773,0.000749109040981096
0.0,16629.00433972237,0.10887470774189478,3.753929880559509,0.0,0.0,-0.003703108649906655,4.224134951408335,0.0,0.0002530347290218187,0.00037584637785464134,6.072204273073563,96.2875893232899,1.1373914328042634,0.0007641583511149745
