# Time,Potential,Kinetic En.,Box-XX,Box-XY,Box-XZ,Box-YX,Box-YY,Box-YZ,Box-ZX,Box-ZY,Box-ZZ,Volume,Density,Temperature
0.0,-124242.38692358775,0.03985709569552765,4.253900000000001,0.0,0.0,0.0,5.6896,0.0,-0.6242552391997599,0.0,4.563097276667642,110.44059520087971,1.8694295652839152,0.000339690105191639
