# Time,Potential,Kinetic En.,Box-XX,Box-XY,Box-XZ,Box-YX,Box-YY,Box-YZ,Box-ZX,Box-ZY,Box-ZZ,Volume,Density,Temperature
0.0,23917.36961452202,0.034162470616082116,3.6351,0.0,0.0,0.0,4.487,0.0,-0.2486077137412406,0.0,4.605294583918422,75.11554935656233,1.8704316607630682,0.00040580748593324693
0.0,23917.369511872945,0.03416246827904757,3.6350999972764617,0.0,0.0,1.1073892152430384e-09,4.487000001441269,0.0,-0.24860771532024525,1.0219159272417229e-10,4.605294584547525,75.11554933467222,1.8704316613081473,0.00040580745817219517
