# Time,Potential,Kinetic En.,Box-XX,Box-XY,Box-XZ,Box-YX,Box-YY,Box-YZ,Box-ZX,Box-ZY,Box-ZZ,Volume,Density,Temperature
0.0,37601.987561425674,0.059193102497709864,3.6081000000000003,0.0,0.0,0.0,5.836,0.0,-1.2194127102271703,0.0,4.472754033270378,94.18220737695648,1.2607192854881528,0.00048470137797419907
0.0,37601.9870980259,0.05918627413700721,3.6081048975660277,0.0,0.0,4.837979309245001e-06,5.83600308234197,0.0,-1.2194091667549338,4.363260363315275e-06,4.4727552800400785,94.18241121455053,1.2607165569321237,0.0004846454640973751
