# Time,Potential,Kinetic En.,Box-XX,Box-XY,Box-XZ,Box-YX,Box-YY,Box-YZ,Box-ZX,Box-ZY,Box-ZZ,Volume,Density,Temperature
0.0,1989.1877755581104,0.025839051753173903,4.438300000000001,0.0,0.0,1.105568831796396,4.49091778572714,0.0,2.1377503563550615,0.9842311638068588,4.0896888243600165,81.51584290489616,2.2045868745863166,0.00031874088271026716
0.0,1988.3168730227549,0.027560081753391624,4.437818564557057,0.0,0.0,1.1076705697522007,4.492388180965704,0.0,2.1355522053389624,0.9841571513903641,4.086816242280963,81.47641832585698,2.2056536238528133,0.00033997086540004854
0.0,1988.2712726068526,0.027528999272160376,4.437840995144908,0.0,0.0,1.1077511277245369,4.492388679179587,0.0,2.1355894410602794,0.9841875395415903,4.086819509445504,81.47690431346604,2.2056404677278953,0.0003395874435315097
0.0,1988.267521489678,0.027526641595303627,4.437842627987063,0.0,0.0,1.1077558654150028,4.4923889060126685,0.0,2.1355916253954046,0.9841895409732371,4.086819715699166,81.4769425177391,2.2056394335102616,0.00033955836011120296
0.0,1988.2673499961584,0.027526306182551488,4.437842895096942,0.0,0.0,1.1077566442338673,4.492388914875414,0.0,2.135591971259499,0.9841899014073096,4.086819743593071,81.47694813861315,2.205639281349169,0.0003395542225848839
0.0,1988.2646527711731,0.02752610107118301,4.437843015234724,0.0,0.0,1.107756949456208,4.492388909973379,0.0,2.1355921620094276,0.9841900535313931,4.08681969886313,81.47694936362706,2.2056392481871665,0.00033955169240772155
