# Time,Potential,Kinetic En.,Box-XX,Box-XY,Box-XZ,Box-YX,Box-YY,Box-YZ,Box-ZX,Box-ZY,Box-ZZ,Volume,Density,Temperature
0.0,5949.636898874207,0.024265715818076395,4.4514000000000005,0.0,0.0,0.0,3.6857,0.0,-1.2912412819512793,0.0,4.514987480800453,74.07525488813992,1.7107074834544875,0.00033407678436785457
