# Time,Potential,Kinetic En.,Box-XX,Box-XY,Box-XZ,Box-YX,Box-YY,Box-YZ,Box-ZX,Box-ZY,Box-ZZ,Volume,Density,Temperature
0.0,57133.05140004238,0.03731411032889472,4.2170000000000005,0.0,0.0,0.0,4.359000000000001,0.0,-1.4377608592303859,0.0,4.708581734627223,86.55269271348938,1.4011231276881144,0.0003280596436827689
0.0,57110.991765545565,0.10169496173724149,4.2154073042817,0.0,0.0,0.0011788711394029722,4.364157066853585,0.0,-1.4376573558757837,0.0011471138687143571,4.7126979424719995,86.69808824314077,1.3987733983759096,0.0008940857122893239
0.0,57110.98485195512,0.10179513532464347,4.2154042220321655,0.0,0.0,0.0011704827695404297,4.3641626159003275,0.0,-1.4376574377850615,0.0011465638640768602,4.712704463222253,86.69825504796094,1.3987707071782025,0.0008949664223236744
