# Time,Potential,Kinetic En.,Box-XX,Box-XY,Box-XZ,Box-YX,Box-YY,Box-YZ,Box-ZX,Box-ZY,Box-ZZ,Volume,Density,Temperature
0.0,-102226.43841605318,0.017714440154497066,3.7918000000000003,0.0,0.0,1.6361087660374243,3.8619246167805374,0.0,1.5871732594588372,-0.22183754976555028,4.250622593923486,62.24461153297994,1.4420431625017884,0.00020549357982685128
0.0,-102226.44660295048,0.01771417151895072,3.791800016362568,0.0,0.0,1.6361085118938912,3.8619244733468294,0.0,1.5871728879446354,-0.22183788529989543,4.250622443432425,62.244607286048975,1.4420432608919627,0.0002054904635624023
