# Time,Potential,Kinetic En.,Box-XX,Box-XY,Box-XZ,Box-YX,Box-YY,Box-YZ,Box-ZX,Box-ZY,Box-ZZ,Volume,Density,Temperature
0.0,-140083.47051131693,0.06873516154189449,3.9511000000000003,0.0,0.0,0.0,4.8340000000000005,0.0,-0.919899368334488,0.0,4.316671184157744,82.44676805901786,1.3144197795628538,0.0005858092228518894
