# Time,Potential,Kinetic En.,Box-XX,Box-XY,Box-XZ,Box-YX,Box-YY,Box-YZ,Box-ZX,Box-ZY,Box-ZZ,Volume,Density,Temperature
0.0,115166.83472096027,0.0465459472801817,3.9985,0.0,0.0,0.0,4.697500000000001,0.0,-0.6445606988169656,0.0,5.272346352957152,99.03023770157539,1.4822529468860641,0.0003644655401746109
0.0,115166.83249139725,0.04654626151099745,3.9984999973213173,0.0,0.0,3.629558605596659e-09,4.697499986884346,0.0,-0.6445606939816972,8.227171627820068e-09,5.272346379699083,99.03023786102793,1.4822529444994295,0.0003644680006746263
0.0,115166.83150302114,0.04654629177785808,3.998499997954159,0.0,0.0,6.2805496253386685e-09,4.697499977398904,0.0,-0.6445606904079352,1.3573203663411507e-08,5.272346398725418,99.03023803410505,1.4822529419088666,0.0003644682376711502
0.0,115166.83032170459,0.04654627842683755,3.9985000007182845,0.0,0.0,2.0283620804833484e-08,4.697499968628242,0.0,-0.6445606806512371,3.0068702939318994e-08,5.272346444580975,99.03023877896804,1.4822529307599952,0.0003644681331295694
0.0,115166.83026193317,0.04654627699858036,3.998500000515126,0.0,0.0,2.332811541747395e-08,4.697499968050794,0.0,-0.6445606853853029,2.8190736771239234e-08,5.272346447960661,99.03023882524347,1.4822529300673597,0.00036446812194598506
0.0,115166.83020317594,0.04654627958555855,3.998500000277299,0.0,0.0,2.66167497978082e-08,4.697499966484668,0.0,-0.6445606857755658,2.776420255638787e-08,5.272346447632528,99.03023878017369,1.4822529307419494,0.000364468142202623
0.0,115166.83020317314,0.04654628009843433,3.9985000002788103,0.0,0.0,2.6620828621191258e-08,4.697499966480867,0.0,-0.6445606857811182,2.7771931773968064e-08,5.272346447629853,99.03023878008074,1.4822529307433407,0.0003644681462185591
