# Time,Potential,Kinetic En.,Box-XX,Box-XY,Box-XZ,Box-YX,Box-YY,Box-YZ,Box-ZX,Box-ZY,Box-ZZ,Volume,Density,Temperature
0.0,-283245.56562003546,0.03925754754603588,3.5533,0.0,0.0,0.0,5.2149,0.0,-1.00933739714619,0.0,4.56791611445768,84.64396144072246,2.224468660228081,0.00044160098172124255
0.0,-283245.56626909354,0.039257584916557446,3.553299937159855,0.0,0.0,-1.6341143992419668e-07,5.214899927595397,0.0,-1.0093373194500752,-1.7386795222338285e-09,4.567916048906959,84.64395755391965,2.224468762374428,0.00044160140209541373
0.0,-283245.5663610527,0.039257584017802515,3.5532999381171866,0.0,0.0,-1.6508053225487186e-07,5.214899925591568,0.0,-1.0093373193119564,-2.409763377856556e-09,4.567916047491262,84.64395751796697,2.2244687633192752,0.00044160139198548364
