# Time,Potential,Kinetic En.,Box-XX,Box-XY,Box-XZ,Box-YX,Box-YY,Box-YZ,Box-ZX,Box-ZY,Box-ZZ,Volume,Density,Temperature
0.0,-160370.77204604226,0.10863562899190296,3.787,0.0,0.0,0.0,4.512,0.0,0.0,0.0,5.272,90.082368768,1.4133955844160715,0.0009258689725342981
0.0,-160370.77226262377,0.10863544763452851,3.7870000069895124,0.0,0.0,-7.244495732287754e-08,4.511999968859336,0.0,1.5749304288854262e-06,1.5531097527286949e-09,5.272000028482139,90.08236879920874,1.4133955839264052,0.0009258674268796404
0.0,-160370.77264953437,0.10863543693259153,3.787000006789316,0.0,0.0,-7.793931107327249e-08,4.51199996328973,0.0,1.5750328601135004e-06,7.490830395086713e-10,5.272000029980052,90.08236870884383,1.4133955853442337,0.0009258673356702326
0.0,-160370.77268794546,0.10863541759906206,3.7870000083498936,0.0,0.0,-7.875572918026585e-08,4.511999961930307,0.0,1.575060017274544e-06,-5.812474148147993e-10,5.272000030106467,90.08236872098477,1.4133955851537419,0.0009258671708963437
