# Time,Potential,Kinetic En.,Box-XX,Box-XY,Box-XZ,Box-YX,Box-YY,Box-YZ,Box-ZX,Box-ZY,Box-ZZ,Volume,Density,Temperature
0.0,-311884.6210558666,0.09744013185953657,4.7084,0.0,0.0,0.0,4.6363,0.0,-0.4654266996633533,0.0,4.598003940542078,100.37237954243972,1.2165891056659688,0.0006383090487156985
0.0,-311888.87500674446,0.10700320069830242,4.7104671004694,0.0,0.0,-0.0015541766808790983,4.635088431510997,0.0,-0.46233718412174624,0.001201075063710636,4.597223579974005,100.37316641960321,1.2165795681947627,0.0007009546266391231
0.0,-311889.2024940169,0.10720621625718246,4.71047227674625,0.0,0.0,-0.0015803427924268672,4.6350731019076035,0.0,-0.4622972890347984,0.0012020902562014377,4.597193018384904,100.37227749159786,1.2165903426005638,0.0007022845372805619
0.0,-311889.2554626503,0.1072066979300579,4.710475704893547,0.0,0.0,-0.0015820547129581993,4.635070797428944,0.0,-0.462296668976562,0.0012009423294595287,4.597188243807291,100.37219639106253,1.2165913256031442,0.0007022876926144993
0.0,-311889.25609331107,0.10720676880268161,4.710475838283074,0.0,0.0,-0.001582217476289192,4.63507057821149,0.0,-0.4622966341431291,0.0012006773223048747,4.597188251740213,100.3721946594265,1.2165913465919589,0.0007022881568855974
