# Time,Potential,Kinetic En.,Box-XX,Box-XY,Box-XZ,Box-YX,Box-YY,Box-YZ,Box-ZX,Box-ZY,Box-ZZ,Volume,Density,Temperature
0.0,-45734.58780951131,0.02358894345196244,4.0195,0.0,0.0,0.0,5.422000000000001,0.0,-1.6659120695363845,0.0,3.9495340518310513,86.07507480187789,1.3570257465538593,0.00021891186589021716
0.0,-45734.662746988026,0.023386162496510036,4.019632046010704,0.0,0.0,6.883790544849035e-05,5.4221444831902605,0.0,-1.6658958146047869,-2.5072779594739123e-05,3.9494402859249016,86.07815262212615,1.3569772245864038,0.00021703000299900767
0.0,-45734.682175721915,0.023382965372302274,4.019628851466235,0.0,0.0,7.459162668551615e-05,5.4221545820767885,0.0,-1.665894540031779,-2.400382269428335e-05,3.9494346957026005,86.0781226962825,1.3569776963519,0.00021700033280936017
