# Time,Potential,Kinetic En.,Box-XX,Box-XY,Box-XZ,Box-YX,Box-YY,Box-YZ,Box-ZX,Box-ZY,Box-ZZ,Volume,Density,Temperature
0.0,84560.05977754654,0.0238687576893001,4.164000000000001,0.0,0.0,0.0,4.2454,0.0,-0.2707846666614603,0.0,5.5966530984420535,98.93676935102023,1.6028228891682992,0.00017799799722447292
0.0,84551.8841486512,0.0772337781114153,4.169493540874149,0.0,0.0,0.0031399176862248563,4.246033036497332,0.0,-0.26033073065902634,0.004369387146038943,5.598077859207588,99.1072917818469,1.6000650975837283,0.0005759603411648849
0.0,84549.17991329372,0.07797507708252117,4.169445249488105,0.0,0.0,0.003001857852234662,4.246146509180942,0.0,-0.2602535204340637,0.004619905784756484,5.5982464921928905,99.11177795705954,1.599992672564953,0.0005814884768944022
