# Time,Potential,Kinetic En.,Box-XX,Box-XY,Box-XZ,Box-YX,Box-YY,Box-YZ,Box-ZX,Box-ZY,Box-ZZ,Volume,Density,Temperature
0.0,-157901.5278310347,0.07527376694415788,4.154800000000001,0.0,0.0,0.5975401140144381,4.880657560426014,0.0,0.4176299876242991,1.0661582731099817,4.826022350768392,97.86283424308084,1.4064925363805119,0.0005388900728161411
