# Time,Potential,Kinetic En.,Box-XX,Box-XY,Box-XZ,Box-YX,Box-YY,Box-YZ,Box-ZX,Box-ZY,Box-ZZ,Volume,Density,Temperature
0.0,-15935.44996298462,0.01580435001533843,3.8127000000000004,0.0,0.0,-0.7644779900490444,4.331149617910997,0.0,-0.6760157211730815,-1.3603209548344442,4.359638578433441,71.99234299663856,1.466037560119869,0.00016762137533194853
0.0,-15935.80268744926,0.01584673214398328,3.812724243088145,0.0,0.0,-0.764485496452314,4.331136557078613,0.0,-0.6760044815175924,-1.3603046262306937,4.3596709245734475,71.99311780785581,1.4660217821902406,0.00016807088136579687
0.0,-15935.810362803122,0.015847825761625217,3.8127244347293408,0.0,0.0,-0.7644858694157248,4.331135685865564,0.0,-0.6760040220260335,-1.3603037973653522,4.359672150417608,71.99312718787768,1.4660215911815024,0.00016808248030488962
0.0,-15935.814095975413,0.015847879971019982,3.8127244428935185,0.0,0.0,-0.7644859414952498,4.3311356460936565,0.0,-0.6760039633681855,-1.3603036992147044,4.3596722621384885,71.99312852583323,1.4660215639362393,0.00016808305525123653
0.0,-15935.814234891295,0.015847903702694833,3.812724442900514,0.0,0.0,-0.7644859433863259,4.33113564337906,0.0,-0.6760039481254027,-1.3603036744090202,4.3596722828693535,71.99312882318029,1.4660215578812559,0.0001680833069500393
0.0,-15935.81484273783,0.01584788168023994,3.8127244441421704,0.0,0.0,-0.7644859437335795,4.331135646780939,0.0,-0.6760039746869042,-1.3603036439990672,4.3596722965295704,71.99312912874946,1.4660215516588428,0.00016808307337927086
