# Time,Potential,Kinetic En.,Box-XX,Box-XY,Box-XZ,Box-YX,Box-YY,Box-YZ,Box-ZX,Box-ZY,Box-ZZ,Volume,Density,Temperature
0.0,50977.08090877055,0.11134200823476412,4.5208,0.0,0.0,0.0,3.8219000000000003,0.0,-1.0787869477765348,0.0,5.792398701859791,100.08132844072239,1.3951229576879511,0.0008303178041655306
