# Time,Potential,Kinetic En.,Box-XX,Box-XY,Box-XZ,Box-YX,Box-YY,Box-YZ,Box-ZX,Box-ZY,Box-ZZ,Volume,Density,Temperature
0.0,162319.0237063822,0.0458771097679099,3.8055000000000003,0.0,0.0,0.0,5.714,0.0,-0.30821003397274715,0.0,5.082864095660882,110.5249838518382,1.3986563576161146,0.0003606371264274625
0.0,162318.9989647744,0.0458508675080685,3.805499485618304,0.0,0.0,-7.348931972726411e-07,5.7140043425250635,0.0,-0.3082062733366191,9.17552813488002e-05,5.0828605734969585,110.52497632096546,1.398656452916773,0.00036043083764362137
