# Time,Potential,Kinetic En.,Box-XX,Box-XY,Box-XZ,Box-YX,Box-YY,Box-YZ,Box-ZX,Box-ZY,Box-ZZ,Volume,Density,Temperature
0.0,126066.74470174305,0.03885983572337099,4.5118,0.0,0.0,1.6341591228763888,4.243841387365917,0.0,1.3821896741543145,0.08822518996658542,4.735101928207729,90.66471816758714,1.4781729424781336,0.0003380905641654575
0.0,126065.03367147746,0.03850277498561561,4.511681730943476,0.0,0.0,1.6343305263784234,4.2438850828136685,0.0,1.382318916482591,0.08917544056128207,4.735794705802496,90.67653967946222,1.4779802328858322,0.0003349840439236221
0.0,126064.8912542552,0.0385176772985698,4.511674840912739,0.0,0.0,1.6343575692075785,4.24389060667298,0.0,1.3823269204311408,0.08923290776281652,4.735846422902862,90.6775094574004,1.4779644261810438,0.0003351136978786701
0.0,126064.65652927503,0.038531912413663036,4.511683523820969,0.0,0.0,1.6343688989070928,4.243905151957802,0.0,1.3823242136524772,0.08926426797163749,4.73587368353942,90.67851671764133,1.4779480088987826,0.00033523754704074826
0.0,126064.56132905776,0.03854173833338936,4.511685928063433,0.0,0.0,1.6343771171181483,4.243915089361395,0.0,1.3823222484628452,0.089283280676419,4.7358835491198015,90.67896626816803,1.4779406818158527,0.0003353230350692454
0.0,126064.44358838923,0.038533776948732085,4.511682852091214,0.0,0.0,1.6343774209130508,4.243928475390862,0.0,1.3823308197183795,0.08928759583928611,4.735889758019857,90.67930934525863,1.477935090158915,0.0003352537689753413
