# Time,Potential,Kinetic En.,Box-XX,Box-XY,Box-XZ,Box-YX,Box-YY,Box-YZ,Box-ZX,Box-ZY,Box-ZZ,Volume,Density,Temperature
0.0,-71924.52486797202,0.029226343322018015,4.2604999999999995,0.0,0.0,0.0,4.2594,0.0,-0.27046962832271276,0.0,4.593143519437965,83.35257327627006,1.5894791716649062,0.0003254741796876256
0.0,-71924.52546147615,0.029226260092759096,4.260500091377855,0.0,0.0,6.496014368123015e-08,4.259400006516518,0.0,-0.2704696107592065,1.0888748248883313e-07,4.593143560280543,83.35257593268938,1.5894791210087251,0.0003254732528192016
0.0,-71924.5259624841,0.029226252436423898,4.260500104394156,0.0,0.0,8.178890793023784e-08,4.259400007978249,0.0,-0.27046960618136684,1.1628524436767971e-07,4.593143561830014,83.352576244064,1.5894791150710148,0.00032547316755573264
0.0,-71924.52616514995,0.029226238431616224,4.260500103702263,0.0,0.0,8.664969786845147e-08,4.259400010615468,0.0,-0.2704696054542565,1.1798651091633907e-07,4.593143564864376,83.35257633720086,1.5894791132949557,0.00032547301159358444
0.0,-71924.52616516637,0.029226239401414087,4.2605001036822285,0.0,0.0,8.668841822542392e-08,4.259400010590069,0.0,-0.27046960539217796,1.17996345930189e-07,4.593143564916661,83.35257633726069,1.5894791132938149,0.0003254730223935727
