# Time,Potential,Kinetic En.,Box-XX,Box-XY,Box-XZ,Box-YX,Box-YY,Box-YZ,Box-ZX,Box-ZY,Box-ZZ,Volume,Density,Temperature
0.0,-228929.89516940582,0.05410328798498362,3.8788,0.0,0.0,0.0,5.453600000000001,0.0,-0.03806628022713841,0.0,4.276430581490792,90.4611479283835,1.4097062541615846,0.00045568136285075665
