# Time,Potential,Kinetic En.,Box-XX,Box-XY,Box-XZ,Box-YX,Box-YY,Box-YZ,Box-ZX,Box-ZY,Box-ZZ,Volume,Density,Temperature
0.0,-21913.22289534023,0.058500281891348545,4.6446,0.0,0.0,0.6359021915096053,4.570979479590045,0.0,1.3347264024639376,1.4790720181876014,4.837837884383904,102.70909453067141,1.2576708596278934,0.00043431893047752034
0.0,-21913.499199404374,0.05956783449343416,4.64463352259965,0.0,0.0,0.6364531678315477,4.571328721530777,0.0,1.3332282287341999,1.4780317433348893,4.838024319824101,102.72164172339258,1.2575172382644613,0.0004422446752667072
0.0,-21913.502181586013,0.05957082692035847,4.64463245258319,0.0,0.0,0.6364534085909278,4.571329315106156,0.0,1.333224582699085,1.4780292138617106,4.838024009972913,102.72162481803007,1.2575174452197622,0.00044226689170087267
