# Time,Potential,Kinetic En.,Box-XX,Box-XY,Box-XZ,Box-YX,Box-YY,Box-YZ,Box-ZX,Box-ZY,Box-ZZ,Volume,Density,Temperature
0.0,44566.46026872669,0.03782728552186699,4.0778,0.0,0.0,0.6864100215128661,4.14626682358561,0.0,0.7194648671381587,0.9841721951243425,4.503923999724907,76.15075644107914,1.3622075111250542,0.00036107751703083786
0.0,44566.459810914166,0.037826915760201314,4.077800196400029,0.0,0.0,0.6864096477254739,4.146266612154252,0.0,0.7194645864256449,0.9841717883067648,4.503923612357861,76.15074967611062,1.3622076321388454,0.00036107398749858903
