# Time,Potential,Kinetic En.,Box-XX,Box-XY,Box-XZ,Box-YX,Box-YY,Box-YZ,Box-ZX,Box-ZY,Box-ZZ,Volume,Density,Temperature
0.0,1347.8159251478828,0.04324134092669212,4.281000000000001,0.0,0.0,0.2990343133152078,3.931142929156876,0.0,1.2539843646619162,-0.07491471954900875,4.708915794318087,79.2473934244156,1.2537548871240747,0.0004248968879459702
0.0,1347.815480674646,0.04324140538141963,4.281000008064262,0.0,0.0,0.2990343077181248,3.93114292269987,0.0,1.2539843644743764,-0.07491471205633074,4.708915809712496,79.24739370260654,1.2537548827228795,0.00042489752128926033
