# Time,Potential,Kinetic En.,Box-XX,Box-XY,Box-XZ,Box-YX,Box-YY,Box-YZ,Box-ZX,Box-ZY,Box-ZZ,Volume,Density,Temperature
0.0,5989.767057845461,0.04746660907979513,3.6331000000000007,0.0,0.0,0.0,6.2257,0.0,-0.5657326730010569,0.0,4.302969502878109,97.32710585109334,1.1904934834705474,0.00041297170572333647
