# Time,Potential,Kinetic En.,Box-XX,Box-XY,Box-XZ,Box-YX,Box-YY,Box-YZ,Box-ZX,Box-ZY,Box-ZZ,Volume,Density,Temperature
0.0,-115898.24041028148,0.06985699110429484,4.2056,0.0,0.0,0.0,3.8110999999999997,0.0,-1.6965051328149177,0.0,4.157158925796876,66.63078595577858,1.5587247749663755,0.000854890601985379
0.0,-115898.24086782163,0.0698575143567615,4.205599991775,0.0,0.0,-1.453661118249767e-09,3.811100001024758,0.0,-1.6965051068587709,9.737241956112267e-10,4.1571589507967355,66.63078624408004,1.558724768222006,0.0008548970054048384
0.0,-115898.2414079212,0.06985754249686735,4.2056000019816695,0.0,0.0,-7.626938644270373e-10,3.811099992609884,0.0,-1.6965051071702737,-1.0482444485808472e-09,4.15715897279218,66.63078661120984,1.5587247596335692,0.0008548973497756973
