# Time,Potential,Kinetic En.,Box-XX,Box-XY,Box-XZ,Box-YX,Box-YY,Box-YZ,Box-ZX,Box-ZY,Box-ZZ,Volume,Density,Temperature
0.0,64666.953662141,0.03833845554028994,4.2336,0.0,0.0,0.0,4.3872,0.0,-0.8439173521330494,0.0,4.432374928045769,82.32538022770731,1.2384603328255228,0.0003485303353387392
0.0,64666.95364425376,0.03833845259404604,4.233600000748855,0.0,0.0,-3.554686208481283e-09,4.387199995392251,0.0,-0.8439173516768761,8.916107951878185e-10,4.432374929962376,82.32538019140377,1.2384603333716546,0.0003485303085547866
