# Time,Potential,Kinetic En.,Box-XX,Box-XY,Box-XZ,Box-YX,Box-YY,Box-YZ,Box-ZX,Box-ZY,Box-ZZ,Volume,Density,Temperature
0.0,-143890.73451834355,0.05308487911906877,3.9009,0.0,0.0,0.0,4.841,0.0,-0.7775605996292234,0.0,4.849053568883751,91.57077331666261,1.347607381869064,0.0004156668898964085
0.0,-143898.1752261749,0.06727217937697022,3.90003560506548,0.0,0.0,-0.0007215559896823222,4.83989011565205,0.0,-0.7738807892071865,-0.00024247681622195703,4.8508733252942315,91.56384197637698,1.347709395121605,0.0005267567345393826
0.0,-143898.4693065656,0.06774688108905812,3.9000431206250314,0.0,0.0,-0.0007150529253059262,4.839886774524053,0.0,-0.7737846913318144,-0.00018723915315725144,4.850982737801241,91.56602045987087,1.3476773312330896,0.0005304737588138373
0.0,-143899.04055605005,0.06809157012684787,3.9000928011769385,0.0,0.0,-0.0007037561672084434,4.839888058615852,0.0,-0.7736849215587438,-0.00015043846161539277,4.851057332491374,91.56861921456716,1.34763908360171,0.0005331727537573519
0.0,-143899.14177818934,0.06807858962757987,3.9000980675513848,0.0,0.0,-0.0007015783499742772,4.8398940975084495,0.0,-0.7736776694760968,-0.00015733323558674941,4.851071231622671,91.56911947581884,1.3476317211675335,0.0005330711134437717
0.0,-143899.73690678977,0.06812549945483225,3.9001331702435724,0.0,0.0,-0.0006809609505221269,4.8399805087666845,0.0,-0.773598213862175,-0.00021419127449762713,4.851184787735679,91.57372207591135,1.3475639876546444,0.0005334384282483479
0.0,-143899.73693526787,0.06812547666722629,3.9001330675385106,0.0,0.0,-0.0006804932581895674,4.839980434756681,0.0,-0.7735981406124934,-0.0002142540881231895,4.851184762566478,91.57371778903641,1.3475640507386648,0.0005334382498161192
0.0,-143899.73691944111,0.06812547712160942,3.9001330675294743,0.0,0.0,-0.0006804932175672512,4.839980434749762,0.0,-0.77359814060612,-0.0002142540936267244,4.8511847625637365,91.57371778864157,1.347564050744475,0.0005334382533740442
