# Time,Potential,Kinetic En.,Box-XX,Box-XY,Box-XZ,Box-YX,Box-YY,Box-YZ,Box-ZX,Box-ZY,Box-ZZ,Volume,Density,Temperature
0.0,-353354.13157654,0.08477333833332337,3.9631000000000003,0.0,0.0,-0.929054304027563,4.611749934695924,0.0,-0.40926710717563786,-0.6815203601879474,4.637557274431592,84.75982814055195,1.4695884620477442,0.0008429141076539853
0.0,-353354.13175015064,0.08477332655521232,3.963100000710735,0.0,0.0,-0.9290543031170292,4.611749935495439,0.0,-0.40926710717453285,-0.6815203597157032,4.637557286165522,84.75982838490597,1.4695884578110694,0.0008429139905424481
