# Time,Potential,Kinetic En.,Box-XX,Box-XY,Box-XZ,Box-YX,Box-YY,Box-YZ,Box-ZX,Box-ZY,Box-ZZ,Volume,Density,Temperature
0.0,23713.750541477504,0.03537639420240081,3.972,0.0,0.0,0.0,4.6215,0.0,-0.05564242460348554,0.0,4.427650383734497,81.27659817875991,1.4235351109751313,0.0003283026422563723
0.0,23710.70263725167,0.0356379610169567,3.971383425951777,0.0,0.0,0.00021023169111212775,4.6216800182689335,0.0,-0.05538356122566616,0.00020407970378248901,4.427982888495324,81.27324997166752,1.4235937562287233,0.0003307300540455437
0.0,23710.702065324054,0.03563786005650152,3.971383442906736,0.0,0.0,0.00021027219577311753,4.621680044919723,0.0,-0.05538354703144299,0.00020406983268066,4.42798292503693,81.27325145800754,1.4235937301937815,0.0003307291171048253
0.0,23710.70060804312,0.03563787015413588,3.9713834501282137,0.0,0.0,0.00021036926893428686,4.621680125894414,0.0,-0.05538353929443607,0.00020397528376247861,4.427983004364203,81.27325448576022,1.4235936771592408,0.000330729210813642
0.0,23710.700478961062,0.035637874336553396,3.9713834504290286,0.0,0.0,0.0002103712688037522,4.621680128666434,0.0,-0.0553835385555246,0.00020397278222609276,4.427983006189372,81.27325457416292,1.4235936756107668,0.0003307292496276238
