# Time,Potential,Kinetic En.,Box-XX,Box-XY,Box-XZ,Box-YX,Box-YY,Box-YZ,Box-ZX,Box-ZY,Box-ZZ,Volume,Density,Temperature
0.0,-179066.6268257448,0.02410886653203272,4.151800000000001,0.0,0.0,0.0,4.2599,0.0,-0.286491298833399,0.0,4.822197136751333,85.2865977084642,1.3004712488986485,0.00021196126865631102
0.0,-179068.189166933,0.025588084205640405,4.151746006360605,0.0,0.0,-3.940936437168041e-06,4.260016507434036,0.0,-0.2878465240662076,-0.0005128509924955304,4.821418436244862,85.27404861682452,1.3006626287280563,0.00022496631202075686
0.0,-179068.18912073615,0.025588096390707256,4.15174600510621,0.0,0.0,-3.931959089941856e-06,4.2600164942305,0.0,-0.2878465354179279,-0.0005128874253520001,4.821418450808315,85.27404858433749,1.3006626292235723,0.00022496641914990063
0.0,-179068.18922070132,0.025588100274938103,4.151746004945305,0.0,0.0,-3.931271361102823e-06,4.260016494179077,0.0,-0.2878465356077136,-0.0005128881190548547,4.821418451056108,85.27404858438584,1.3006626292228347,0.00022496645329943217
