# Time,Potential,Kinetic En.,Box-XX,Box-XY,Box-XZ,Box-YX,Box-YY,Box-YZ,Box-ZX,Box-ZY,Box-ZZ,Volume,Density,Temperature
0.0,-4887.265543427303,0.04071747566067632,3.9322000000000004,0.0,0.0,-1.2034235826159612,4.034232230648573,0.0,-0.2350292572606476,-1.9712653605096015,4.07861218267764,64.70068903523115,1.288031122350778,0.00045957082292646576
0.0,-4887.269353670131,0.04071743783661196,3.9322000736674987,0.0,0.0,-1.2034234575278628,4.0342323273690655,0.0,-0.23502922667645929,-1.9712654644077872,4.078612067103091,64.70068996515036,1.2880311038383805,0.0004595703960130557
0.0,-4887.269273409772,0.04071742870508469,3.9322000725001316,0.0,0.0,-1.2034234513774589,4.034232332070633,0.0,-0.23502922481461547,-1.9712654705987591,4.078612061013166,64.70068992473881,1.2880311046428747,0.0004595702929471501
