# Time,Potential,Kinetic En.,Box-XX,Box-XY,Box-XZ,Box-YX,Box-YY,Box-YZ,Box-ZX,Box-ZY,Box-ZZ,Volume,Density,Temperature
0.0,-114542.83671708722,0.08940147187008848,3.791,0.0,0.0,0.0,5.4028,0.0,-0.9132525846380544,0.0,4.4099299276351225,90.3242500447855,1.479625582310137,0.0007467031643126089
0.0,-114542.8610048566,0.08938869493751386,3.791021700120718,0.0,0.0,-2.0015785830018498e-07,5.402805332321752,0.0,-0.913243909324076,1.565857035035001e-05,4.409935044764261,90.32496102751797,1.4796139356044251,0.0007465964482174025
0.0,-114542.86216407549,0.0893885595523005,3.7910217784722153,0.0,0.0,-1.7204737918088622e-07,5.402805433834854,0.0,-0.913243888411036,1.565700161118085e-05,4.409935045342665,90.32496460328157,1.4796138770298142,0.000746595317446677
