# Time,Potential,Kinetic En.,Box-XX,Box-XY,Box-XZ,Box-YX,Box-YY,Box-YZ,Box-ZX,Box-ZY,Box-ZZ,Volume,Density,Temperature
0.0,60098.67532954431,0.029455846515856025,4.093500000000001,0.0,0.0,0.8795834854372407,4.195693566282705,0.0,0.7272634897333239,0.8554259284708131,5.993334635860136,102.93595157503678,1.2481720874561586,0.00022797451932040418
0.0,60097.745538300565,0.041092397251931784,4.096071436125327,0.0,0.0,0.8778029492011924,4.192512110076368,0.0,0.7309506340011448,0.8552125276641972,5.992341431297148,102.90545530667768,1.2485419861250286,0.0003180359969009704
0.0,60097.745657630265,0.04109244140933784,4.0960714415292685,0.0,0.0,0.8778029470653732,4.1925121043675615,0.0,0.7309506378709609,0.8552125245160066,5.992341426960447,102.90545522784427,1.2485419870815067,0.0003180363386587065
0.0,60097.74564134141,0.041092444928107486,4.096071441654612,0.0,0.0,0.8778029469438791,4.19251210390842,0.0,0.7309506380312252,0.8552125242422884,5.992341426854474,102.90545521790376,1.2485419872021142,0.00031803636589234306
0.0,60097.74547615393,0.041092426080378185,4.096071446666865,0.0,0.0,0.8778029403084061,4.192512100065813,0.0,0.7309506326931727,0.8552125249991156,5.992341429418165,102.90545529353523,1.2485419862844849,0.0003180362200197053
0.0,60097.745344340976,0.04109247399560511,4.096071449756916,0.0,0.0,0.8778029325191522,4.192512102332601,0.0,0.7309506316419142,0.8552125202120777,5.992341432787492,102.9054554846658,1.248541983965516,0.000318036590861223
0.0,60097.74546641129,0.041092473628401266,4.096071449756916,0.0,0.0,0.8778029325191505,4.192512102332601,0.0,0.730950631641914,0.8552125202120769,5.992341432787492,102.9054554846658,1.248541983965516,0.00031803658801923644
