# Time,Potential,Kinetic En.,Box-XX,Box-XY,Box-XZ,Box-YX,Box-YY,Box-YZ,Box-ZX,Box-ZY,Box-ZZ,Volume,Density,Temperature
0.0,33169.3935563172,0.016103848679286673,4.6610000000000005,0.0,0.0,0.0,3.8354,0.0,-0.8791641394216093,0.0,4.448252118074589,79.52051079544455,1.9011679668493942,0.00016769245072809536
0.0,33169.392754530054,0.016104256481838386,4.661000279990192,0.0,0.0,-4.3303789455526984e-08,3.8354000585028616,0.0,-0.8791639784961602,-8.745799837875284e-08,4.448251998858426,79.5205146540626,1.901167874597966,0.00016769669725392108
