# Time,Potential,Kinetic En.,Box-XX,Box-XY,Box-XZ,Box-YX,Box-YY,Box-YZ,Box-ZX,Box-ZY,Box-ZZ,Volume,Density,Temperature
0.0,-198289.0348789145,0.0334259330330784,4.446000000000001,0.0,0.0,0.0,4.6768,0.0,-1.831999726540959,0.0,4.029270832539537,83.78084116649455,1.405465463996278,0.00033235910097460233
0.0,-198290.54398227742,0.03702271001932196,4.446313366685574,0.0,0.0,-0.000710682534402317,4.675480426371317,0.0,-1.8318037102009435,-0.0005365322514995731,4.029166829773282,83.76094351010674,1.4057993364157566,0.00036812239782471737
0.0,-198290.54499532838,0.037023499947219714,4.446313370986945,0.0,0.0,-0.0007108208268690066,4.675480335995368,0.0,-1.8318036977684797,-0.0005365155787030336,4.029166822180427,83.76094181421244,1.4057993648787495,0.00036813025219711957
