# Time,Potential,Kinetic En.,Box-XX,Box-XY,Box-XZ,Box-YX,Box-YY,Box-YZ,Box-ZX,Box-ZY,Box-ZZ,Volume,Density,Temperature
0.0,3883.5677943217083,0.0768297891722497,4.5202,0.0,0.0,0.0,3.5645000000000007,0.0,-0.3711641620491317,0.0,6.680597276801707,107.63947284688042,1.8195627676706585,0.0007312836088305321
0.0,3883.027397594303,0.07431863792484651,4.521006617568992,0.0,0.0,0.0004238936962613145,3.564149359954713,0.0,-0.3704819915344716,0.0008232232108039543,6.681244077111629,107.6585126767992,1.8192409708636843,0.0007073818935413853
0.0,3883.025946187097,0.07431773388758722,4.521007143873666,0.0,0.0,0.000423715466753972,3.5641490851067084,0.0,-0.37048167463135084,0.0008237386842976204,6.6812440863189915,107.65851705598457,1.8192408968630973,0.0007073732887067682
0.0,3883.0258010826105,0.07431759296019012,4.521007260091949,0.0,0.0,0.000423694536422193,3.5641490642047597,0.0,-0.370481671933154,0.0008238255104033755,6.681244092001355,107.65851928368447,1.819240859218861,0.0007073719473273809
