# Time,Potential,Kinetic En.,Box-XX,Box-XY,Box-XZ,Box-YX,Box-YY,Box-YZ,Box-ZX,Box-ZY,Box-ZZ,Volume,Density,Temperature
0.0,-43051.908785421045,0.033960823634911944,4.243200000000001,0.0,0.0,-1.7540740441710883,3.915779710040554,0.0,-0.8579520942550355,-1.0802139224092158,4.095836385379267,68.05410923494253,1.3496620893639224,0.0003513589881945403
0.0,-43056.30981107388,0.048636281858187774,4.2366307687463145,0.0,0.0,-1.7533930585591635,3.919543322190877,0.0,-0.8583707440926276,-1.0801179229540405,4.094819121037015,67.99716523337428,1.3507923594254694,0.0005031914115790155
0.0,-43056.309874207065,0.04863632781670663,4.236630854868695,0.0,0.0,-1.7533928493961448,3.919543539159201,0.0,-0.8583709904431159,-1.0801180661702419,4.094818942525259,67.9971674153356,1.3507923160798891,0.0005031918870662669
0.0,-43056.309935242985,0.048636327923708776,4.23663085486856,0.0,0.0,-1.7533928493962951,3.919543539158967,0.0,-0.8583709904439555,-1.080118066171161,4.0948189425239425,67.99716741530752,1.350792316080447,0.0005031918881733121
