# Time,Potential,Kinetic En.,Box-XX,Box-XY,Box-XZ,Box-YX,Box-YY,Box-YZ,Box-ZX,Box-ZY,Box-ZZ,Volume,Density,Temperature
0.0,-87520.39458170829,0.0695302964699611,3.8203000000000005,0.0,0.0,-0.17601670239414513,4.4404127432569025,0.0,-0.24643334804178338,-1.2805826648452514,4.987427658971182,84.60527048313604,1.247716047523257,0.000743339778067659
0.0,-87564.20817133505,0.08576435475611946,3.819608629291179,0.0,0.0,-0.1784304528171124,4.439986545862114,0.0,-0.25034185996034514,-1.2847532846093692,4.989699349550263,84.62036577905167,1.2474934693911177,0.0009168960822434053
0.0,-87571.49024743757,0.11865060303970798,3.8193050652116516,0.0,0.0,-0.17960025386132306,4.439722621603977,0.0,-0.2525601197612573,-1.2870498904786878,4.990622663219352,84.62426721861789,1.2474359560968813,0.0012684788848733607
0.0,-87571.50023533513,0.11865178276589233,3.8193049792628555,0.0,0.0,-0.17960027422714372,4.4397227330263025,0.0,-0.2525601707671154,-1.2870499659232764,4.990622659898521,84.62426738173053,1.2474359536924577,0.0012684914971797163
