# Time,Potential,Kinetic En.,Box-XX,Box-XY,Box-XZ,Box-YX,Box-YY,Box-YZ,Box-ZX,Box-ZY,Box-ZZ,Volume,Density,Temperature
0.0,-25031.67568984948,0.05061521390424375,4.2656,0.0,0.0,0.0,5.2428,0.0,0.0,0.0,3.9339,87.976510964352,2.1137444934932805,0.0005764783122400311
0.0,-25031.681806171477,0.05061539298492818,4.265599930604977,0.0,0.0,2.1395879558681167e-06,5.2427997923213105,0.0,2.1197936684550784e-07,-9.203187943442805e-09,3.9339010509952166,87.97652955229081,2.1137440468951536,0.0005764803518665141
