# Time,Potential,Kinetic En.,Box-XX,Box-XY,Box-XZ,Box-YX,Box-YY,Box-YZ,Box-ZX,Box-ZY,Box-ZZ,Volume,Density,Temperature
0.0,-189125.4749878943,0.06649193424031645,4.037100000000001,0.0,0.0,-0.5841967929097722,4.09453417462279,0.0,-1.1804956235086765,-0.708757857930947,4.512606384529676,74.59358171356571,1.3558397778732587,0.0007404760668915679
