# Time,Potential,Kinetic En.,Box-XX,Box-XY,Box-XZ,Box-YX,Box-YY,Box-YZ,Box-ZX,Box-ZY,Box-ZZ,Volume,Density,Temperature
0.0,171221.73220499026,0.027837869102401377,4.253900000000001,0.0,0.0,0.0,3.7448,0.0,-0.14104564795849597,0.0,5.4962905431929245,87.55593429555466,1.4900943076276794,0.0002617973317942726
0.0,171126.82535280017,0.17540982562117238,4.2634165177812795,0.0,0.0,-0.006313547141094934,3.750669677360197,0.0,-0.15161720606721477,-0.0003302311639064033,5.498480044875328,87.92436370725618,1.4838503662900213,0.0016496170791377206
0.0,171126.80529826216,0.17659510932295988,4.263463619231443,0.0,0.0,-0.006353058614731069,3.7507008036988583,0.0,-0.1516453808835041,-0.0003188079088383831,5.49849100662552,87.92624005008312,1.4838187009761232,0.001660763913308316
0.0,171126.80527080662,0.1765951454175667,4.263463628999192,0.0,0.0,-0.00635306619627577,3.7507008012482097,0.0,-0.1516453819522074,-0.00031881177487443323,5.498491012339841,87.92624028545328,1.4838186970040825,0.0016607642527549785
