# Time,Potential,Kinetic En.,Box-XX,Box-XY,Box-XZ,Box-YX,Box-YY,Box-YZ,Box-ZX,Box-ZY,Box-ZZ,Volume,Density,Temperature
0.0,-8176.2881897823945,0.029051092852474553,3.7566000000000006,0.0,0.0,-0.253827038291525,4.892319801958183,0.0,-0.4224591540281856,-1.9387806840831345,4.519378205262747,83.05934068005296,1.367233089359811,0.0002773050280898429
0.0,-8176.28837888126,0.029051077475430623,3.756600008493189,0.0,0.0,-0.2538270416413662,4.892319804470755,0.0,-0.4224591533679971,-1.9387806841817758,4.519378174908168,83.05934035262531,1.3672330947495712,0.0002773048813094233
0.0,-8176.288195776891,0.029051076913757027,3.7566000084937836,0.0,0.0,-0.2538270416391799,4.892319804469751,0.0,-0.4224591533702287,-1.9387806841813888,4.519378174907121,83.05934035260219,1.3672330947499518,0.0002773048759480101
0.0,-8176.2883788824665,0.029051077586616743,3.756600008493935,0.0,0.0,-0.2538270416387266,4.8923198044696115,0.0,-0.4224591533706547,-1.9387806841812045,4.519378174906927,83.05934035259959,1.3672330947499944,0.00027730488237074204
0.0,-8176.28831784731,0.0290510775246469,3.7566000084939364,0.0,0.0,-0.25382704163871833,4.892319804469605,0.0,-0.4224591533706616,-1.9387806841811985,4.519378174906922,83.05934035259943,1.367233094749997,0.0002773048817792136
0.0,-8176.2881708034565,0.02905107555526664,3.7566000083676974,0.0,0.0,-0.253827041362465,4.8923198043458775,0.0,-0.42245915364277536,-1.9387806839659316,4.519378174719884,83.05934034427018,1.3672330948871043,0.000277304862980642
0.0,-8176.288380707179,0.02905107831393409,3.756600008324515,0.0,0.0,-0.25382704124371946,4.892319804313755,0.0,-0.42245915368740383,-1.9387806839152495,4.51937817466057,83.05934034167996,1.3672330949297418,0.00027730488931329523
