# Time,Potential,Kinetic En.,Box-XX,Box-XY,Box-XZ,Box-YX,Box-YY,Box-YZ,Box-ZX,Box-ZY,Box-ZZ,Volume,Density,Temperature
0.0,-14825.61328200484,0.03955367915952132,3.7157,0.0,0.0,0.6985490719542335,4.169893666998223,0.0,0.2264472287765462,0.006035194481763382,4.278006688752017,66.28375177365258,1.340082576334427,0.0004719458475317482
0.0,-14835.565287834765,0.05393572347205677,3.7180655546514885,0.0,0.0,0.6966048496504117,4.163140496837343,0.0,0.22458880608212986,0.005217842112767509,4.27254389000933,66.13397746675085,1.3431174752887882,0.0006435492542576889
0.0,-14835.602422062271,0.053994594134381096,3.7180674856362153,0.0,0.0,0.6965913722068838,4.163118634054439,0.0,0.22457410653934276,0.005218052612160753,4.272537708570479,66.13356882901283,1.3431257743795029,0.000644251686122835
