# Time,Potential,Kinetic En.,Box-XX,Box-XY,Box-XZ,Box-YX,Box-YY,Box-YZ,Box-ZX,Box-ZY,Box-ZZ,Volume,Density,Temperature
0.0,22510.37502743987,0.02631305789571541,3.7342,0.0,0.0,0.0,4.4074,0.0,-0.0781502564491363,0.0,5.206213477895133,85.68445013781819,2.079307984114557,0.0002943390477579325
0.0,22510.375027437753,0.026313059311033074,3.734200000000095,0.0,0.0,-7.354961979013752e-13,4.40739999999685,0.0,-0.07815025645053436,-2.405410022747892e-12,5.206213477895477,85.68445013776477,2.0793079841158533,0.00029433906358973945
0.0,22510.373965408475,0.026313053629827825,3.734200023209764,0.0,0.0,8.703392954786049e-10,4.4073999152647385,0.0,-0.0781502630731877,-4.404452495085397e-08,5.206213507790834,85.6844495150713,2.0793079992267813,0.0002943390000395223
0.0,22510.373904366486,0.026313053807499757,3.734200023208309,0.0,0.0,8.686811987817331e-10,4.407399915259852,0.0,-0.07815026307206535,-4.40406715244786e-08,5.20621350778841,85.68444951490302,2.0793079992308647,0.0002943390020269685
0.0,22510.3739653943,0.026313053512073054,3.7342000232080843,0.0,0.0,8.649648995697926e-10,4.407399915253379,0.0,-0.0781502630715703,-4.403451608543871e-08,5.206213507785454,85.68444951472335,2.079307999235225,0.00029433899872231215
