# Time,Potential,Kinetic En.,Box-XX,Box-XY,Box-XZ,Box-YX,Box-YY,Box-YZ,Box-ZX,Box-ZY,Box-ZZ,Volume,Density,Temperature
0.0,102454.78203692434,0.03892280905984883,4.203,0.0,0.0,-0.01878206147423501,4.4838606628849185,0.0,-0.9742913121743565,-0.787597766093133,4.7322730571963705,89.18283918923201,1.2535418438501362,0.0003566733646100093
0.0,102449.27437878161,0.050334888520491054,4.201255654037908,0.0,0.0,-0.020593431741899034,4.484981731867625,0.0,-0.9742856197110819,-0.7861726363992763,4.737151542458404,89.26003781542707,1.252457688940597,0.000461249187289336
0.0,102449.27410180308,0.05034509771051076,4.20125331896266,0.0,0.0,-0.02059478932786196,4.484982113528374,0.0,-0.9742862479994661,-0.7861717870569109,4.737153912125357,89.26004045069003,1.2524576519637445,0.00046134274030470735
0.0,102449.27407074296,0.050345121485403925,4.201253308715135,0.0,0.0,-0.02059479100394779,4.484982106365099,0.0,-0.9742862510389096,-0.7861717777724572,4.737153924917175,89.26004033143764,1.2524576536370415,0.0004613429581685086
0.0,102449.2740096941,0.05034512127386568,4.201253308691156,0.0,0.0,-0.020594791002419052,4.484982106341553,0.0,-0.9742862510477006,-0.7861717777736003,4.737153924953819,89.26004033115001,1.2524576536410776,0.00046134295623005505
0.0,102449.2740707224,0.05034512186180404,4.201253308677991,0.0,0.0,-0.02059479099567926,4.484982106336086,0.0,-0.9742862510453232,-0.7861717777738264,4.737153924966786,89.26004033100585,1.2524576536431002,0.0004613429616176917
0.0,102449.27400968724,0.05034512129075888,4.201253308677991,0.0,0.0,-0.02059479099567926,4.484982106336086,0.0,-0.9742862510453232,-0.7861717777738264,4.737153924966786,89.26004033100585,1.2524576536431002,0.00046134295638485776
