# Time,Potential,Kinetic En.,Box-XX,Box-XY,Box-XZ,Box-YX,Box-YY,Box-YZ,Box-ZX,Box-ZY,Box-ZZ,Volume,Density,Temperature
0.0,-43204.12633930693,0.046395336693735675,5.0536,0.0,0.0,0.0,4.104500000000001,0.0,-0.02616624974246982,0.0,4.283420079489567,88.84884613891646,1.2838871135914072,0.000415184256484806
0.0,-43204.12773054536,0.0463955066800814,5.053600019607252,0.0,0.0,-3.860642776056728e-09,4.104499965656343,0.0,-0.026166115092856226,2.3521349452601728e-07,4.283420263374783,88.84884955445011,1.2838870642361293,0.000415185777664726
