# Time,Potential,Kinetic En.,Box-XX,Box-XY,Box-XZ,Box-YX,Box-YY,Box-YZ,Box-ZX,Box-ZY,Box-ZZ,Volume,Density,Temperature
0.0,19517.415235561526,0.05766919481704301,4.0593,0.0,0.0,0.0,4.0593,0.0,0.0,0.0,5.812,95.76965063988003,1.3063916047833914,0.0004914972983321665
0.0,19517.41517705013,0.05766913736953135,4.059300010873589,0.0,0.0,1.5780114344902412e-08,4.059299994444838,0.0,-7.88217891704952e-09,4.345301874051527e-09,5.8120000152752,95.76965101705925,1.3063915996382982,0.0004914968087242074
