# Time,Potential,Kinetic En.,Box-XX,Box-XY,Box-XZ,Box-YX,Box-YY,Box-YZ,Box-ZX,Box-ZY,Box-ZZ,Volume,Density,Temperature
0.0,-90380.35520538494,0.019733173686654587,4.3284,0.0,0.0,0.0,4.3106,0.0,-0.03346333103752982,0.0,4.676280270201507,87.2500421447512,1.42175294934428,0.00019620992656755123
