# Time,Potential,Kinetic En.,Box-XX,Box-XY,Box-XZ,Box-YX,Box-YY,Box-YZ,Box-ZX,Box-ZY,Box-ZZ,Volume,Density,Temperature
0.0,-18660.41705631363,0.02320839260694226,4.3283000000000005,0.0,0.0,-1.4800925835029406,3.9128201471904633,0.0,-1.7850198162720765,-1.4816571839884072,3.760053703692481,63.67974102418509,1.5503861963007144,0.000295378628105094
