# Time,Potential,Kinetic En.,Box-XX,Box-XY,Box-XZ,Box-YX,Box-YY,Box-YZ,Box-ZX,Box-ZY,Box-ZZ,Volume,Density,Temperature
0.0,26823.47458671529,0.021539183666117064,3.8602,0.0,0.0,0.0,3.8466000000000005,0.0,-1.614976950748884,0.0,4.298854532145725,63.83216623010642,1.1948313553769132,0.0002447626932371237
0.0,26794.084848477076,0.21269939061773654,3.8686310519040554,0.0,0.0,0.0030217486048821074,3.871264912395689,0.0,-1.5978453346030652,0.00403762408608522,4.309463038077628,64.54065444464221,1.1817152204240446,0.0024170310492959077
0.0,26794.084838193914,0.21269955828164117,3.8686310850474186,0.0,0.0,0.003021753826028185,3.871264939606447,0.0,-1.5978453335659457,0.004037627298207605,4.309463055696321,64.54065571509186,1.181715197162588,0.0024170329545616545
0.0,26794.08481887571,0.21269956888172747,3.868631086541948,0.0,0.0,0.0030217517499692005,3.8712649408356996,0.0,-1.5978453334141614,0.004037626795599113,4.309463056857155,64.54065577790419,1.1817151960125176,0.0024170330750168077
0.0,26794.08481887571,0.21269956773298082,3.8686310865419555,0.0,0.0,0.0030217517499547143,3.871264940835708,0.0,-1.597845333414163,0.004037626795606434,4.309463056857157,64.54065577790449,1.1817151960125123,0.002417033061962909
