# Time,Potential,Kinetic En.,Box-XX,Box-XY,Box-XZ,Box-YX,Box-YY,Box-YZ,Box-ZX,Box-ZY,Box-ZZ,Volume,Density,Temperature
0.0,31963.7422307783,0.022799724100959876,4.4281,0.0,0.0,0.0,4.7577,0.0,0.0,0.0,4.1417,87.25556034312899,1.0703067210673178,0.00021158769382305896
