# Time,Potential,Kinetic En.,Box-XX,Box-XY,Box-XZ,Box-YX,Box-YY,Box-YZ,Box-ZX,Box-ZY,Box-ZZ,Volume,Density,Temperature
0.0,26966.20359454018,0.05532572275248933,3.8654000000000006,0.0,0.0,0.0,3.8077,0.0,-1.6159770717994038,0.0,4.310655525951781,63.44545044665237,1.2021141493430239,0.0006286994491574852
0.0,26897.720606202693,0.13006111147078556,3.8670955485138294,0.0,0.0,0.00021652918377150395,3.814372917527757,0.0,-1.6185078302164475,0.0020866342956152176,4.329291727117728,63.859410403099325,1.1943216076053982,0.001477962601669113
0.0,26886.263690946787,0.13994928586960273,3.871959293579684,0.0,0.0,0.002769954366892207,3.816548715107258,0.0,-1.6209293652106667,0.0008922117396259084,4.329695714013663,63.98217049286581,1.1920301094172265,0.001590327872079065
0.0,26884.893962984585,0.14246889876332552,3.8731937672948247,0.0,0.0,0.0024220217870566945,3.816702021374267,0.0,-1.6210920233620083,-9.937809254302382e-05,4.329933636166821,64.00865761686975,1.1915368409985458,0.0016189597481678839
0.0,26884.761850783027,0.14288635588120444,3.873347012405963,0.0,0.0,0.0023876507941999275,3.816727720822038,0.0,-1.6210866040895475,-0.0002163071397067213,4.329962034706613,64.01204099994538,1.1914738618227712,0.0016237035643712706
0.0,26884.734873622092,0.1429210360668473,3.873365252903575,0.0,0.0,0.002386002815869584,3.8167225627692005,0.0,-1.6210852864797902,-0.00022458298221765316,4.329966943154425,64.01232850355402,1.1914685104624492,0.001624097656170268
0.0,26884.734862041496,0.14292103619501725,3.8733652531556357,0.0,0.0,0.002386003045744691,3.816722562542547,0.0,-1.6210852864376784,-0.00022458347060706443,4.329966943353439,64.01232850686044,1.1914685104009062,0.00162409765762674
