# Time,Potential,Kinetic En.,Box-XX,Box-XY,Box-XZ,Box-YX,Box-YY,Box-YZ,Box-ZX,Box-ZY,Box-ZZ,Volume,Density,Temperature
0.0,-97776.9560894983,0.04386934251910152,3.955,0.0,0.0,0.0,3.6918,0.0,-1.3603373256667808,0.0,4.0005415396415716,58.41218305767283,1.3644803973018058,0.0005911786150082168
0.0,-97806.98972726242,0.2013742174453314,3.9560715648025995,0.0,0.0,-0.0037650573537252982,3.6772033183165505,0.0,-1.3572189309785185,0.0027587025393988607,3.999108086937333,58.176143033760006,1.370016549559627,0.0027136976332813464
