# Time,Potential,Kinetic En.,Box-XX,Box-XY,Box-XZ,Box-YX,Box-YY,Box-YZ,Box-ZX,Box-ZY,Box-ZZ,Volume,Density,Temperature
0.0,-19563.892627287772,0.05801672180930552,5.3608,0.0,0.0,0.0,4.0788,0.0,0.0,0.0,4.1657,91.08565922332801,1.2405263016740018,0.00053841109289073
0.0,-19582.89195423797,0.057144320934857225,5.358931811842922,0.0,0.0,3.982217006123599e-05,4.0786818317902185,0.0,0.0030148615038067773,-6.27032782509854e-05,4.163889074508107,91.0116966969571,1.2415344408762286,0.0005303149734685672
0.0,-19582.894130804434,0.05714448122888772,5.358932023794433,0.0,0.0,3.992431243858294e-05,4.078681900663751,0.0,0.0030152778253657087,-6.256835557075052e-05,4.163889041511891,91.0117011122006,1.241534380645766,0.0005303164610411402
