# Time,Potential,Kinetic En.,Box-XX,Box-XY,Box-XZ,Box-YX,Box-YY,Box-YZ,Box-ZX,Box-ZY,Box-ZZ,Volume,Density,Temperature
0.0,34917.45220808702,0.035546570997740966,4.3305,0.0,0.0,0.0,4.1664,0.0,-1.4991516327053651,0.0,3.9968985253765004,72.11442214884514,1.0481103624204033,0.00031810043211248293
0.0,34902.5850998039,0.03770598250660245,4.330824320442315,0.0,0.0,-0.0031104078083016755,4.1641053425499015,0.0,-1.4974990256835763,-0.000230624923940232,3.9935995614895683,72.02060919787608,1.049475615049269,0.0003374246514336985
0.0,34901.76792552475,0.04218547770699875,4.331057301189607,0.0,0.0,-0.004019577907091586,4.162634242354731,0.0,-1.4971352295301183,-8.285610830898685e-05,3.992897537296632,71.9863821982816,1.049974603890683,0.000377510919079104
0.0,34901.58202980659,0.042551476420393995,4.331037568490808,0.0,0.0,-0.004072687340235892,4.1625477752812445,0.0,-1.4971180700032707,-7.931876698253362e-05,3.992861484536653,71.98390894829522,1.050010679309658,0.0003807861815197777
0.0,34901.56268320151,0.04259852596244306,4.331035806287417,0.0,0.0,-0.004080193837911237,4.162537097629387,0.0,-1.4971174553527888,-8.13371937968012e-05,3.9928576600521573,71.98362606040922,1.0500148057383696,0.0003812072201526589
0.0,34901.562297646284,0.04260058493537675,4.331035742835577,0.0,0.0,-0.004080312023353526,4.162536615421268,0.0,-1.4971172820932792,-8.157657495034762e-05,3.992857490491565,71.98361361003276,1.050014987350253,0.00038122564556364877
