# Time,Potential,Kinetic En.,Box-XX,Box-XY,Box-XZ,Box-YX,Box-YY,Box-YZ,Box-ZX,Box-ZY,Box-ZZ,Volume,Density,Temperature
0.0,37516.90082605736,0.07278433679678556,4.4928,0.0,0.0,-0.1507098976754481,4.359395660724392,0.0,-0.8578969914661698,-0.3095721036991469,4.743617618932262,92.90798628482925,1.3043448238162694,0.000627522838478304
0.0,37516.900620000495,0.07278433469441545,4.492800013810773,0.0,0.0,-0.1507099024610096,4.3593956538309255,0.0,-0.8578969927353846,-0.3095720993827817,4.743617609889251,92.90798624639659,1.3043448243558298,0.000627522820352354
