# Time,Potential,Kinetic En.,Box-XX,Box-XY,Box-XZ,Box-YX,Box-YY,Box-YZ,Box-ZX,Box-ZY,Box-ZZ,Volume,Density,Temperature
0.0,174118.0963673737,0.03173725243939488,4.6565,0.0,0.0,0.0,3.9781,0.0,-0.19376438692444875,0.0,3.577756889778817,66.27444966245636,1.4046571785916098,0.0003635346755687166
