# Time,Potential,Kinetic En.,Box-XX,Box-XY,Box-XZ,Box-YX,Box-YY,Box-YZ,Box-ZX,Box-ZY,Box-ZZ,Volume,Density,Temperature
0.0,119684.29860344253,0.04849420260450744,3.8659,0.0,0.0,0.0,4.8574,0.0,-0.8441332668505264,0.0,4.467449079485547,83.89075353679165,1.46822232941501,0.0004628977740605721
0.0,119684.29859961929,0.04849420221088645,3.865899999973488,0.0,0.0,-1.6762820038740327e-11,4.8573999999860265,0.0,-0.8441332668014888,5.2800991522612056e-11,4.467449079524075,83.89075353669848,1.4682223294166408,0.0004628977703032925
