# Time,Potential,Kinetic En.,Box-XX,Box-XY,Box-XZ,Box-YX,Box-YY,Box-YZ,Box-ZX,Box-ZY,Box-ZZ,Volume,Density,Temperature
0.0,39374.737852547034,0.04168309243440725,4.4571,0.0,0.0,0.0,4.0236,0.0,-2.1817664951661597,0.0,4.0250125280016675,72.18291460101484,1.3697131381001626,0.00044209203638005267
0.0,39374.73779096383,0.04168307561084984,4.457100007175025,0.0,0.0,-5.671469387392057e-09,4.023599996845663,0.0,-2.181766489393393,2.275460994293873e-09,4.025012532309767,72.18291473788591,1.3697131355029537,0.0004420918579489354
