# Time,Potential,Kinetic En.,Box-XX,Box-XY,Box-XZ,Box-YX,Box-YY,Box-YZ,Box-ZX,Box-ZY,Box-ZZ,Volume,Density,Temperature
0.0,-487876.82255293574,0.08507898627104638,4.5049,0.0,0.0,0.0,3.9621000000000004,0.0,-0.6483652172373615,0.0,4.544279550718326,81.11022899659358,1.6840381079410764,0.000874585473800556
0.0,-487876.8457120893,0.08507892045250343,4.504900232307759,0.0,0.0,5.062246242045423e-07,3.962100381159145,0.0,-0.6483654469288311,-4.227537284087399e-07,4.544279342641158,81.11023726823687,1.6840379362024278,0.0008745847972064392
0.0,-487876.84570916276,0.08507887044247857,4.504900235280306,0.0,0.0,5.128887099449464e-07,3.9621003819247704,0.0,-0.6483654502476738,-4.281216100807029e-07,4.544279343315884,81.11023734947388,1.684037934515758,0.0008745842831189636
0.0,-487876.84570916276,0.08507887426573989,4.504900235280306,0.0,0.0,5.128887099449466e-07,3.9621003819247704,0.0,-0.6483654502476738,-4.2812161008070314e-07,4.544279343315884,81.11023734947388,1.684037934515758,0.0008745843224208988
