# Time,Potential,Kinetic En.,Box-XX,Box-XY,Box-XZ,Box-YX,Box-YY,Box-YZ,Box-ZX,Box-ZY,Box-ZZ,Volume,Density,Temperature
0.0,-393487.8085705133,0.0554866686540837,3.9193,0.0,0.0,-0.16655963382639066,4.024354697138365,0.0,-0.6116331075426455,-1.0269858759878732,5.620704396450604,88.65342210950504,1.469959794600627,0.0004413698619379664
