# Time,Potential,Kinetic En.,Box-XX,Box-XY,Box-XZ,Box-YX,Box-YY,Box-YZ,Box-ZX,Box-ZY,Box-ZZ,Volume,Density,Temperature
0.0,-119796.43005258171,0.027983114493629613,4.0125,0.0,0.0,-1.2420316847632398,3.9657533690390014,0.0,-0.5348990877501212,-1.9048889760628913,3.761579587726167,59.85645640327021,1.3434487100339483,0.0003895364677753558
0.0,-119796.89205544753,0.02784149627215514,4.01245534295315,0.0,0.0,-1.2418920302749168,3.965787388684297,0.0,-0.5348595466875756,-1.9046645316914868,3.761387080452193,59.85324041558412,1.3435208951734388,0.00038756508386173346
0.0,-119796.90200334547,0.027839727832743442,4.012453559972728,0.0,0.0,-1.2418883443186641,3.9657877652886273,0.0,-0.5348588814176599,-1.9046592902300876,3.7613821316986944,59.85314075573777,1.3435231322337549,0.0003875404664574747
0.0,-119796.90251653721,0.027839370084523453,4.012453505640057,0.0,0.0,-1.2418879948741228,3.9657878842767493,0.0,-0.5348587847098627,-1.9046591752623037,3.761381849215001,59.853137246045776,1.3435232110157969,0.00038753548645505223
0.0,-119796.90333044183,0.027839331954113502,4.012453504159848,0.0,0.0,-1.241887969785249,3.965787891503753,0.0,-0.5348587799121732,-1.9046591674646987,3.7613818281171696,59.85313699731827,1.3435232165989828,0.00038753495566405644
