# Time,Potential,Kinetic En.,Box-XX,Box-XY,Box-XZ,Box-YX,Box-YY,Box-YZ,Box-ZX,Box-ZY,Box-ZZ,Volume,Density,Temperature
0.0,268390.18814453564,0.02100083479547954,3.8762000000000003,0.0,0.0,0.0,5.0736,0.0,0.0,0.0,4.289000000000001,84.34871060448002,1.7867895336908444,0.00021925519606905822
0.0,268390.1451820896,0.02097416390883307,3.876168818415435,0.0,0.0,2.310575655203143e-05,5.073733626198509,0.0,-4.1953594671143264e-05,3.8389090653537345e-05,4.289011877539299,84.35048718427352,1.7867519005450645,0.0002189767437819012
0.0,268390.1451820788,0.020974162895990238,3.8761688184073946,0.0,0.0,2.3105750872867687e-05,5.073733626196883,0.0,-4.1953608102756046e-05,3.83890909389223e-05,4.289011877540648,84.35048718409803,1.786751900548782,0.0002189767332075095
0.0,268390.1451820708,0.020974163343566422,3.8761688183987237,0.0,0.0,2.3105739076957925e-05,5.073733626195055,0.0,-4.1953628702551394e-05,3.838909206544702e-05,4.289011877547712,84.35048718401788,1.7867519005504795,0.000218976737880343
0.0,268390.14494803996,0.020974145235972807,3.876168807128615,0.0,0.0,2.309893687280696e-05,5.073733623424965,0.0,-4.195890446817334e-05,3.839542932065195e-05,4.28901188511841,84.3504870416033,1.7867519035671728,0.00021897654883147767
0.0,268390.14300818555,0.020973892708422558,3.8761686225251424,0.0,0.0,2.2995417000282956e-05,5.073733613617486,0.0,-4.19969146706979e-05,3.838760462259264e-05,4.289012010111599,84.35048531953932,1.7867519400447471,0.0002189739123659237
