# Time,Potential,Kinetic En.,Box-XX,Box-XY,Box-XZ,Box-YX,Box-YY,Box-YZ,Box-ZX,Box-ZY,Box-ZZ,Volume,Density,Temperature
0.0,-128282.38695182161,0.03441033289975944,4.546,0.0,0.0,0.0,4.2329,0.0,-1.860506293935374,0.0,4.349269660555305,83.69196704086406,1.182001214881861,0.00030319500187972633
0.0,-128282.38786999411,0.03441040093492569,4.546000471706854,0.0,0.0,-1.2017082619277986e-07,4.23289982494051,0.0,-1.860506345963216,-3.423013309209261e-08,4.349269785111569,83.69197466056717,1.1820011072670225,0.00030319560134856667
