# Time,Potential,Kinetic En.,Box-XX,Box-XY,Box-XZ,Box-YX,Box-YY,Box-YZ,Box-ZX,Box-ZY,Box-ZZ,Volume,Density,Temperature
0.0,-58382.8506119165,0.04522945412195591,3.9084000000000003,0.0,0.0,0.0,3.7911,0.0,0.0,0.0,4.3024000000000004,63.74924265657602,1.0166368580733574,0.0005396679528318027
