# Time,Potential,Kinetic En.,Box-XX,Box-XY,Box-XZ,Box-YX,Box-YY,Box-YZ,Box-ZX,Box-ZY,Box-ZZ,Volume,Density,Temperature
0.0,-152551.3189358224,0.03796873083874157,4.0878000000000005,0.0,0.0,0.9785843168977523,3.7757480033394395,0.0,0.21245307499133775,1.4689665064890727,3.959339295102153,61.11043299315998,1.3163002795390262,0.00041184962806266486
0.0,-152551.3195590631,0.03796872606793203,4.087799981593759,0.0,0.0,0.978584308355254,3.7757480024150287,0.0,0.2124530819327305,1.4689665086824162,3.959339294029875,61.11043268648482,1.3163002861447166,0.0004118495763133414
