# Time,Potential,Kinetic En.,Box-XX,Box-XY,Box-XZ,Box-YX,Box-YY,Box-YZ,Box-ZX,Box-ZY,Box-ZZ,Volume,Density,Temperature
0.0,33144.96560078574,0.0464224876518626,4.6631,0.0,0.0,0.0,3.8645000000000005,0.0,-0.16148913171883628,0.0,4.694923487165334,84.60510321189109,1.3269912132196213,0.0004260792061074011
0.0,33144.96552510393,0.046422482093207984,4.663099993719793,0.0,0.0,-9.817202607061247e-10,3.8645000000328813,0.0,-0.16148913207054746,-4.503643438192483e-10,4.694923486470407,84.60510308614285,1.3269912151919232,0.0004260791550884389
0.0,33144.96557452599,0.046422481880455224,4.663099993702962,0.0,0.0,-1.4850975711055326e-09,3.8645000001377676,0.0,-0.16148913222599223,-5.90526962081037e-10,4.694923486038827,84.60510308035643,1.3269912152826806,0.00042607915313573163
0.0,33144.965468370305,0.04642247973716213,4.663099993692457,0.0,0.0,-2.1468520992263e-09,3.864500000007815,0.0,-0.16148913201193582,-7.77428257871501e-10,4.694923485654961,84.60510307040333,1.3269912154387902,0.0004260791334639591
