# Time,Potential,Kinetic En.,Box-XX,Box-XY,Box-XZ,Box-YX,Box-YY,Box-YZ,Box-ZX,Box-ZY,Box-ZZ,Volume,Density,Temperature
0.0,49883.51895652719,0.04767802453350657,4.0393,0.0,0.0,-1.1906918375468156,4.532201335774856,0.0,-0.7568278425672704,-0.6537231305694429,4.480034796212353,82.01564244457289,1.2456092480797698,0.0004084293657001214
