# Time,Potential,Kinetic En.,Box-XX,Box-XY,Box-XZ,Box-YX,Box-YY,Box-YZ,Box-ZX,Box-ZY,Box-ZZ,Volume,Density,Temperature
0.0,-69436.44579201445,0.029702648845089268,4.3801000000000005,0.0,0.0,0.0,3.8515,0.0,-1.000308554759903,0.0,4.718228100174276,79.59629643740976,1.2421417942871,0.00031502711883650737
0.0,-69449.0368728862,0.03971106494515955,4.380533434868558,0.0,0.0,0.0001046551414123008,3.8504824268713755,0.0,-1.0008308489657685,0.0003456571940641832,4.712360377878548,79.48416951103432,1.2438940619697427,0.0004211766580431201
0.0,-69450.15269474343,0.040230217256806027,4.38037783923706,0.0,0.0,-4.107240910839709e-05,3.850473361697756,0.0,-1.0006991146295294,0.00016893031548248955,4.7121615865112485,79.47780620717732,1.2439936529909343,0.00042668280188329615
0.0,-69450.47412271815,0.040633811497614004,4.3803711256506,0.0,0.0,-0.00015108329451161252,3.8505781761289004,0.0,-1.00041863878731,0.00026136595288365805,4.712048741960249,79.47794452722661,1.2439914879970557,0.00043096333361377736
