# Time,Potential,Kinetic En.,Box-XX,Box-XY,Box-XZ,Box-YX,Box-YY,Box-YZ,Box-ZX,Box-ZY,Box-ZZ,Volume,Density,Temperature
0.0,11916.365981055425,0.01305471190237725,4.3338,0.0,0.0,-1.6095992067863545,3.639123937641138,0.0,-0.5709206634483199,-1.209146004427973,4.39436234578165,69.30452264084059,1.7195003309627355,0.00017445788276702423
