# Time,Potential,Kinetic En.,Box-XX,Box-XY,Box-XZ,Box-YX,Box-YY,Box-YZ,Box-ZX,Box-ZY,Box-ZZ,Volume,Density,Temperature
0.0,-122527.41083509743,0.09943212967719338,6.0352,0.0,0.0,0.0,4.4584,0.0,0.0,0.0,4.0426,108.775595219968,1.2633752566968528,0.0006591124560840928
0.0,-122559.56783212454,0.12407729232440809,6.02954666812354,0.0,0.0,-0.002710643212712521,4.4591477638000105,0.0,-0.002227226564686524,-3.276072599845702e-07,4.042074116203933,108.67778976398233,1.2645122414784775,0.0008224795059072595
