# Time,Potential,Kinetic En.,Box-XX,Box-XY,Box-XZ,Box-YX,Box-YY,Box-YZ,Box-ZX,Box-ZY,Box-ZZ,Volume,Density,Temperature
0.0,31542.161201443392,0.02517302146070385,3.9613,0.0,0.0,0.0,3.846,0.0,-0.599656210990351,0.0,4.080574443460222,62.16820372191254,1.3837620021219093,0.00024519100863459154
0.0,31259.772928071285,0.3497950208450573,3.9591188069944394,0.0,0.0,-0.008246813492237628,3.845378729916946,0.0,-0.596068636468691,0.008023094714134834,4.08469041758115,62.18659827563891,1.38335269070758,0.0034070838143225213
0.0,31259.771836829073,0.3498010168356386,3.9591187611298624,0.0,0.0,-0.008246905737954507,3.8453787203208307,0.0,-0.596068632914657,0.008023121724270176,4.084690425116506,62.18659751477005,1.3833527076332521,0.003407142216647434
0.0,31259.77026075122,0.34980142352658156,3.95911877584744,0.0,0.0,-0.008246939272693746,3.845378717595975,0.0,-0.5960686401540128,0.00802312158227437,4.084690430424104,62.18659778268048,1.3833527016735339,0.003407146177910593
0.0,31259.7695487315,0.34980028047843803,3.9591188072098595,0.0,0.0,-0.008246995443283214,3.8453787195268716,0.0,-0.5960686192344822,0.008023118938481878,4.084690406663924,62.186597944789355,1.383352698067391,0.0034071350443592367
0.0,31259.767780514714,0.34979995327730135,3.959118819025347,0.0,0.0,-0.008247021951759527,3.845378715572254,0.0,-0.5960685958496699,0.008023101976875334,4.084690410087785,62.18659811855011,1.38335269420205,0.0034071318573450416
