# Time,Potential,Kinetic En.,Box-XX,Box-XY,Box-XZ,Box-YX,Box-YY,Box-YZ,Box-ZX,Box-ZY,Box-ZZ,Volume,Density,Temperature
0.0,-83655.24056935009,0.0277760344847909,3.8808000000000002,0.0,0.0,0.0,4.2464,0.0,-0.10143285153246415,0.0,4.686102348074569,77.22429149416045,1.184748429923966,0.00028999037163487615
0.0,-83655.24153242097,0.027775998620205414,3.8807999769474892,0.0,0.0,-1.4380700746016895e-07,4.246399948807227,0.0,-0.10143292905298146,9.292619621962767e-09,4.686102246575264,77.22428843180359,1.18474847690559,0.00028998999719753596
