# Time,Potential,Kinetic En.,Box-XX,Box-XY,Box-XZ,Box-YX,Box-YY,Box-YZ,Box-ZX,Box-ZY,Box-ZZ,Volume,Density,Temperature
0.0,-62698.384744714,0.05749606776142775,3.85,0.0,0.0,0.0,4.1024,0.0,-0.8446997064058905,0.0,6.530597783204674,103.14582873140259,1.3211758189919725,0.00045735366900549426
0.0,-62698.40031033521,0.057496159150186084,3.849999958985174,0.0,0.0,1.0071170855114962e-07,4.102400060179893,0.0,-0.8446997106612819,-1.16498717332926e-07,6.530597516567894,103.14582493433507,1.3211758676279088,0.0004573543959592766
0.0,-62698.40099985768,0.05749615753040188,3.8499999589273304,0.0,0.0,1.1131854372226232e-07,4.102400053147504,0.0,-0.8446997081042894,-1.2144613747790068e-07,6.530597495012391,103.14582441551865,1.3211758742733328,0.00045735438307466936
0.0,-62698.40340388967,0.05749618648682137,3.8499999614982108,0.0,0.0,1.3030862906979187e-07,4.102400047008475,0.0,-0.8446997049270585,-1.2072256384790345e-07,6.530597461351065,103.14582379838795,1.3211758821780464,0.0004573546134091116
