# Time,Potential,Kinetic En.,Box-XX,Box-XY,Box-XZ,Box-YX,Box-YY,Box-YZ,Box-ZX,Box-ZY,Box-ZZ,Volume,Density,Temperature
0.0,-19542.912348775488,0.03488330261340821,3.78,0.0,0.0,0.0,4.5726,0.0,-0.014773833049792686,0.0,4.232374214770832,73.15416738426299,1.5049162636176905,0.00036419244418252485
0.0,-19542.93627137766,0.03488186203936914,3.7800008915621253,0.0,0.0,1.1169450990190405e-06,4.572602906925176,0.0,-0.014775894232081994,-1.580446183996503e-06,4.232371971432602,73.15419236986084,1.5049157496179957,0.00036417740414499946
0.0,-19542.937082048127,0.03488173025101893,3.780000964247803,0.0,0.0,1.1434962270993071e-06,4.57260292742316,0.0,-0.014776062788643204,-1.75438475078317e-06,4.2323718053673405,73.1541912341323,1.5049157729820128,0.0003641760282339537
