# Time,Potential,Kinetic En.,Box-XX,Box-XY,Box-XZ,Box-YX,Box-YY,Box-YZ,Box-ZX,Box-ZY,Box-ZZ,Volume,Density,Temperature
0.0,-15635.91964203485,0.06492550499067547,4.131600000000001,0.0,0.0,0.0,4.3859,0.0,-0.6117523383871418,0.0,3.823570571661764,69.28609812021041,0.9076195535651301,0.0006197415386957779
0.0,-15709.753788811293,0.12728893544361866,4.131366293812494,0.0,0.0,-0.005031350202751633,4.383239576336487,0.0,-0.6233354761099256,0.0017424857345097232,3.8107038891044205,69.00715357194457,0.9112883837263757,0.0012150269870385348
0.0,-15727.402551654353,0.12886967568792027,4.130139673782324,0.0,0.0,-0.00557641111839171,4.381445080395866,0.0,-0.6246176692781622,0.004690064266222035,3.811321643543466,68.96960082604215,0.911784564372748,0.0012301158244903577
0.0,-15727.448111208818,0.1288746860687807,4.130137331633321,0.0,0.0,-0.005582052153714064,4.381441278058109,0.0,-0.6246253842849272,0.0047069484805267,3.811326517143119,68.96959005303593,0.9117847067929186,0.0012301636507050994
0.0,-15727.448198676833,0.12887474739849744,4.130137300429674,0.0,0.0,-0.0055820731557360646,4.381441262348934,0.0,-0.6246254683053218,0.004707102117041921,3.811326560426688,68.96959006793762,0.9117847065959168,0.001230164236123311
