# Time,Potential,Kinetic En.,Box-XX,Box-XY,Box-XZ,Box-YX,Box-YY,Box-YZ,Box-ZX,Box-ZY,Box-ZZ,Volume,Density,Temperature
0.0,5474.850080786695,0.07431751457175606,4.157800000000001,0.0,0.0,0.0,4.251,0.0,-0.9588220643635825,0.0,4.829133235777365,85.35400178295704,1.3685261335426233,0.0006896869211780255
0.0,5449.441367539845,0.141993620068151,4.142634071064897,0.0,0.0,0.0022667643956972533,4.252628636226139,0.0,-0.9605944454486701,-0.0006578425567478198,4.828784078891197,85.06909608782881,1.3731094770517112,0.0013177397443393986
