# Time,Potential,Kinetic En.,Box-XX,Box-XY,Box-XZ,Box-YX,Box-YY,Box-YZ,Box-ZX,Box-ZY,Box-ZZ,Volume,Density,Temperature
0.0,11007.535611744439,0.06972806699813289,4.145600000000001,0.0,0.0,0.0,3.9263,0.0,-0.24899585249431183,0.0,5.819475586806823,94.72284340460598,1.2790611741592834,0.0005108649385016098
