# Time,Potential,Kinetic En.,Box-XX,Box-XY,Box-XZ,Box-YX,Box-YY,Box-YZ,Box-ZX,Box-ZY,Box-ZZ,Volume,Density,Temperature
0.0,9795.62107016164,0.055716599471724,5.48,0.0,0.0,0.0,3.8128,0.0,-0.688635396643209,0.0,4.6634297775875275,97.4383733068018,1.2384216915373367,0.00041549892320415124
0.0,9792.408794540308,0.05710468911302659,5.4824210922372725,0.0,0.0,0.0001949775619427449,3.813635277468183,0.0,-0.6851809147886319,0.00013405665227264626,4.6670510869116235,97.57849169634532,1.2366433728732813,0.000425850411929962
0.0,9792.34804216362,0.056770086100456814,5.482619978926662,0.0,0.0,0.0004026346732408587,3.813587320262823,0.0,-0.6851896393970818,-8.988723717723163e-05,4.667031821172934,97.58040163753572,1.2366191680526817,0.00042335515570934206
0.0,9792.347413138605,0.056768712221053626,5.482621131939531,0.0,0.0,0.0004034106067548899,3.813587227832664,0.0,-0.6851900272851817,-9.076302725742455e-05,4.667031857976789,97.58042056346135,1.2366189282078204,0.0004233449101915243
0.0,9792.347413138605,0.056768713728898745,5.482621131939547,0.0,0.0,0.00040341060676002784,3.813587227832672,0.0,-0.6851900272851877,-9.076302728373458e-05,4.66703185797679,97.58042056346186,1.236618928207814,0.0004233449214360731
