# Time,Potential,Kinetic En.,Box-XX,Box-XY,Box-XZ,Box-YX,Box-YY,Box-YZ,Box-ZX,Box-ZY,Box-ZZ,Volume,Density,Temperature
0.0,-206097.33883191657,0.01565334178607015,4.2575,0.0,0.0,0.0,4.308400000000001,0.0,-0.9490272828762928,0.0,4.330837814598516,79.44061433407218,1.6867543930655342,0.0001634257188280702
0.0,-206146.83256961923,0.15832875491162493,4.241620339330267,0.0,0.0,-0.0046544400912138595,4.3029243717684915,0.0,-0.961881761300708,-0.009782964990795158,4.327215636583185,78.97762029055164,1.6966427289510466,0.0016530010611287944
0.0,-206146.83433655315,0.15832953634235405,4.2416201736657895,0.0,0.0,-0.004654372880355817,4.302924364987007,0.0,-0.961881669770958,-0.009783021221230532,4.327215640078706,78.97761714525976,1.6966427965200213,0.001653009219506754
0.0,-206146.83473335742,0.15832949646081573,4.241620162221152,0.0,0.0,-0.004654368351505286,4.302924362782901,0.0,-0.9618816683451632,-0.009783015031323065,4.32721564395018,78.9776169623689,1.6966428004489882,0.0016530088031311864
