# Time,Potential,Kinetic En.,Box-XX,Box-XY,Box-XZ,Box-YX,Box-YY,Box-YZ,Box-ZX,Box-ZY,Box-ZZ,Volume,Density,Temperature
0.0,13735.492580519996,0.042488394754222066,4.088,0.0,0.0,0.0,3.8968000000000007,0.0,-0.12472639680453658,0.0,4.303793057982709,68.55993298276263,1.1733752727130602,0.0004752770925479256
0.0,13735.431532980447,0.04251732854767847,4.0880059065627945,0.0,0.0,6.665113483009808e-05,3.8968429901079302,0.0,-0.12472233389735315,6.705627301017323e-05,4.303830319804745,68.56138199950465,1.1733504739070086,0.0004756007472614042
0.0,13735.43099391086,0.04251827507796874,4.088006384365245,0.0,0.0,6.852599380565692e-05,3.8968443492713916,0.0,-0.12472162129795485,6.700357174538764e-05,4.303830814675163,68.56142180958224,1.1733497926029723,0.00047561133519175475
