# Time,Potential,Kinetic En.,Box-XX,Box-XY,Box-XZ,Box-YX,Box-YY,Box-YZ,Box-ZX,Box-ZY,Box-ZZ,Volume,Density,Temperature
0.0,19202.75489933691,0.04379950537255493,4.3482,0.0,0.0,-1.8045065656862893,4.242912978649819,0.0,-1.0751263783737484,-1.7363138199457058,4.830320908510168,89.11475570456923,1.305863465067528,0.00037966628186405143
0.0,19202.749946963468,0.043921669189356305,4.348363265239856,0.0,0.0,-1.8046352495031925,4.242773414711375,0.0,-1.0751770684072774,-1.7365242997014276,4.830428252006559,89.11715075894526,1.3058283695333925,0.00038072523177019266
0.0,19202.749168061328,0.043921683152797805,4.34836329860292,0.0,0.0,-1.8046352622889874,4.242773424569049,0.0,-1.075177072387031,-1.7365243002121473,4.830428320655366,89.11715291626682,1.3058283379222873,0.0003807253528091832
0.0,19202.749369751815,0.04392166049956742,4.348363309372507,0.0,0.0,-1.8046352660431673,4.242773431011936,0.0,-1.0751770858661516,-1.7365242978992035,4.8304283296556365,89.11715343835961,1.305828330272093,0.00038072515644468826
