# Time,Potential,Kinetic En.,Box-XX,Box-XY,Box-XZ,Box-YX,Box-YY,Box-YZ,Box-ZX,Box-ZY,Box-ZZ,Volume,Density,Temperature
0.0,28496.25767010044,0.06776379425089651,3.8597,0.0,0.0,-0.32945982549350394,4.71149500937715,0.0,-0.6257252547369369,-0.49203102337863497,6.0246412654711134,109.55784408626482,1.4068711258420659,0.0005216404967476999
0.0,28496.257725112155,0.06776378851993034,3.859699999914231,0.0,0.0,-0.32945982534357754,4.711495009590361,0.0,-0.6257252546388882,-0.4920310241642373,6.024641263569889,109.55784405421444,1.406871126253636,0.0005216404526311613
