# Time,Potential,Kinetic En.,Box-XX,Box-XY,Box-XZ,Box-YX,Box-YY,Box-YZ,Box-ZX,Box-ZY,Box-ZZ,Volume,Density,Temperature
0.0,-266489.871517532,0.04594934490603639,4.4177,0.0,0.0,0.0,4.4786,0.0,-0.8336524888627651,0.0,5.147125913343574,101.8364586588467,1.3320507917928643,0.0003411380200320669
0.0,-266489.87319996115,0.045949340402616695,4.417699826679792,0.0,0.0,1.0097560935663469e-07,4.478600037705443,0.0,-0.833652433467848,-1.0790301317186132e-07,5.147125893872743,101.83645513561451,1.3320508378777778,0.00034113798659769084
0.0,-266489.87455036404,0.045949276028161685,4.4176997391730275,0.0,0.0,1.135104808102207e-07,4.478600067610483,0.0,-0.8336523898570213,-2.1950149208636712e-07,5.147125867361172,101.83645327387583,1.3320508622298686,0.00034113750866761
